  0x08, 0x40, 00, 00, 00, 00, 00, 00, 0x08, 0x40, 00, 00,
  00, 00, 00, 00, 0x08, 0x40, 00, 00, 0x08, 0x40, 00, 0x20,
  0x08, 0x40, 00, 00, 0x08, 0x40, 00, 0x20, 0x08, 0x40, 00, 00,
  0x08, 0x40, 00, 00, 0x08, 0x40, 00, 00, 0x08, 0x40, 00, 00,
  0x08, 0x40, 00, 00, 0x08, 0x40, 00, 0x20, 0x08, 0x40, 00, 00,
  00, 00, 00, 00, 0x08, 0x40, 00, 00, 0x08, 0x40, 00, 0x20,
  0x08, 0x40, 00, 00, 0x08, 0x40, 00, 0x20, 0x08, 0x40, 00, 00,
  0x08, 0x40, 00, 0x20, 0x08, 0x40, 00, 00, 0x08, 0x40, 00, 0x20,
  0x08, 0x40, 00, 00, 0x08, 0x40, 00, 0x20, 0x08, 0x40, 00, 00,
  0x08, 0x40, 00, 0x20, 0x08, 0x40, 00, 00, 0x08, 0x40, 00, 0x20,
  0x08, 0x40, 00, 00, 0x08, 0x40, 00, 00, 0x08, 0x40, 00, 00,
  0x10, 0x81, 00, 0x20, 0x08, 0x40, 00, 0x20, 0x08, 0x40, 00, 0x20,
  0x08, 0x40, 00, 00, 0x08, 0x40, 00, 0x20, 0x08, 0x40, 00, 00,
  0x08, 0x40, 00, 0x20, 0x08, 0x40, 00, 00, 0x08, 0x40, 00, 0x20,
  0x08, 0x41, 00, 0x41, 0x08, 0x40, 00, 0x20, 0x08, 0x40, 00, 00,
  0x08, 0x40, 00, 0x20, 0x08, 0x40, 00, 0x40, 0x08, 0x40, 00, 0x40,
  0x08, 0x40, 00, 0x40, 0x08, 0x40, 00, 0x20, 00, 0x40, 00, 0x40,
  0x08, 0x40, 00, 0x20, 0x08, 0x40, 00, 00, 0x08, 0x40, 00, 0x20,
  0x08, 0x40, 00, 00, 0x08, 0x40, 00, 0x20, 0x08, 0x40, 00, 0x40,
  0x08, 0x40, 00, 0x20, 0x08, 0x40, 00, 00, 0x08, 0x40, 00, 0x20,
  0x08, 0x40, 00, 00, 0x08, 0x40, 00, 0x20, 0x08, 0x41, 00, 0x41,
  0x08, 0x40, 00, 0x20, 0x08, 0x40, 00, 0x40, 0x08, 0x40, 00, 0x20,
  0x08, 0x40, 00, 0x40, 0x08, 0x40, 00, 0x20, 0x08, 0x40, 00, 0x40,
  0x08, 0x40, 00, 0x20, 0x08, 0x40, 00, 00, 0x08, 0x40, 00, 0x20,
  0x08, 0x40, 00, 00, 0x08, 0x40, 00, 00, 0x08, 0x40, 00, 00,
  0x08, 0x40, 00, 0x20, 0x08, 0x40, 00, 00, 0x08, 0x40, 00, 0x20,
  0x08, 0x40, 00, 00, 0x08, 0x40, 00, 0x20, 0x08, 0x40, 00, 00,
  0x08, 0x40, 00, 00, 0x08, 0x40, 00, 00, 0x08, 0x40, 00, 0x20,
  0x08, 0x40, 00, 00, 0x08, 0x40, 00, 0x20, 0x08, 0x40, 00, 00,
  00, 00, 00, 0x01, 0x08, 0x40, 00, 00, 0x08, 0x40, 00, 00,
  0x08, 0x40, 00, 00, 00, 00, 00, 00, 0x08, 0x40, 00, 00,
  0x08, 00, 00, 00, 0x08, 0x40, 00, 00, 00, 00, 00, 00,
  0x08, 0x40, 00, 00, 0x08, 0x40, 00, 00, 0x08, 0x40, 00, 00,
  00, 00, 00, 00, 0x08, 0x40, 00, 00, 00, 00, 00, 00,
  0x08, 0x40, 00, 00, 00, 00, 00, 00, 0x08, 0x40, 00, 00,
  0x08, 0x20, 00, 0x20, 0x08, 0x40, 00, 00, 00, 00, 00, 00,
  0x08, 0x40, 00, 00, 00, 00, 00, 00, 0x08, 0x40, 00, 00,
  00, 00, 00, 00, 0x08, 0x40, 00, 00, 00, 00, 00, 00,
  0x08, 0x40, 00, 00, 0x08, 00, 00, 00, 0x08, 0x40, 00, 00,
  00, 00, 00, 00, 0x08, 0x40, 00, 0x20, 00, 00, 00, 00,
  00, 00, 00, 00, 00, 00, 00, 00, 00, 00, 00, 00,
  00, 00, 00, 00, 00, 00, 00, 00, 00, 00, 00, 00,
  00, 00, 0x08, 0x21, 00, 00, 00, 00, 00, 00, 0x08, 0x21,
  00, 00, 00, 00, 00, 00, 00, 00, 00, 00, 00, 00,
  00, 00, 00, 00, 00, 00, 00, 00, 00, 00, 00, 00,
  00, 00, 00, 00, 00, 00, 00, 00, 00, 00, 00, 00,
  00, 00, 00, 00, 00, 00, 00, 00, 00, 0x01, 00, 0x21,
  00, 00, 00, 00, 00, 0x01, 00, 0x21, 00, 00, 00, 00,
  00, 0x01, 00, 0x21, 00, 00, 00, 00, 00, 00, 0x08, 0x21,
  00, 00, 00, 00, 00, 0x01, 00, 0x21, 00, 0x01, 00, 00,
  00, 00, 0x08, 0x21, 00, 00, 0x08, 0x20, 00, 0x41, 00, 0x40,
  00, 0x01, 00, 0x21, 00, 0x01, 00, 0x21, 00, 0x01, 00, 0x21,
  00, 00, 0x08, 0x21, 00, 0x01, 00, 0x21, 00, 0x01, 00, 0x21,
  00, 00, 00, 0x20, 00, 0x41, 00, 0x40, 00, 0x41, 00, 0x40,
  00, 0x41, 00, 0x41, 00, 0x41, 00, 0x41, 00, 0x41, 00, 0x41,
  00, 0x41, 00, 0x41, 00, 0x41, 00, 0x41, 00, 0x41, 00, 0x41,
  00, 0x41, 00, 0x41, 00, 0x41, 00, 0x40, 00, 0x41, 00, 0x40,
  00, 0x01, 00, 0x21, 00, 0x41, 00, 0x41, 00, 0x41, 00, 0x40,
  00, 0x41, 00, 0x41, 00, 0x41, 00, 0x41, 00, 0x41, 00, 0x41,
  00, 0x41, 00, 0x41, 00, 0x41, 00, 0x41, 00, 0x41, 00, 0x40,
  00, 0x41, 00, 0x41, 00, 0x41, 00, 0x40, 00, 0x41, 00, 0x41,
  00, 0x41, 00, 0x41, 00, 0x41, 00, 0x41, 00, 0x41, 00, 0x41,
  00, 0x41, 00, 0x41, 00, 0x41, 00, 0x41, 00, 0x41, 00, 0x41,
  00, 0x01, 00, 0x21, 00, 0x41, 00, 0x41, 00, 00, 00, 0x20,
  00, 0x41, 00, 0x41, 00, 00, 00, 0x20, 00, 0x01, 00, 0x21,
  00, 00, 0x08, 0x21, 00, 0x41, 00, 0x40, 00, 0x01, 00, 0x21,
  00, 00, 0x08, 0x21, 00, 0x01, 00, 00, 00, 0x01, 0x08, 0x21,
  00, 00, 0x08, 0x21, 00, 0x01, 00, 0x21, 00, 00, 00, 00,
  00, 0x01, 00, 0x21, 00, 00, 00, 00, 00, 00, 00, 00,
  00, 00, 00, 00, 00, 00, 0x08, 0x21, 00, 00, 00, 00,
  00, 00, 00, 00, 00, 00, 00, 00, 00, 00, 00, 00,
  00, 00, 00, 00, 00, 00, 00, 00, 00, 00, 00, 00,
  00, 00, 0x08, 0x20, 00, 00, 00, 00, 00, 00, 00, 00,
  00, 00, 00, 00, 00, 00, 00, 00, 00, 00, 00, 00,
  00, 00, 00, 00, 00, 00, 00, 00, 00, 00, 0x08, 0x20,
  00, 00, 00, 00, 00, 00, 00, 00, 00, 00, 00, 00,
  00, 00, 00, 00, 00, 00, 00, 00, 00, 00, 00, 00,
  00, 00, 00, 00, 00, 00, 00, 00, 00, 00, 00, 00,
  00, 00, 00, 00, 00, 00, 00, 00, 00, 00, 00, 00,
  00, 00, 00, 00, 00, 00, 00, 00, 00, 00, 00, 00,
  0x08, 0x20, 00, 0x20, 0x08, 0x40, 00, 00, 0x08, 0x40, 00, 00,
  0x08, 0x40, 00, 00, 0x08, 0x40, 00, 0x41, 0x08, 0x40, 00, 00,
  0x08, 0x20, 00, 00, 00, 00, 0x08, 0x41, 0x08, 0x40, 00, 00,
  0x08, 0x40, 00, 00, 0x08, 0x40, 0x10, 0x82, 0x08, 0x40, 00, 0x20,
  0x08, 0x40, 00, 00, 0x08, 0x40, 00, 00, 0x08, 0x20, 00, 0x20,
  0x08, 0x40, 00, 0x20, 0x10, 0x80, 00, 0x40, 0x08, 0x20, 00, 0x20,
  0x08, 0x40, 00, 00, 0x08, 0x40, 00, 0x20, 0x08, 0x40, 00, 00,
  0x08, 0x40, 00, 00, 0x08, 0x40, 00, 0x20, 0x08, 0x40, 00, 00,
  0x08, 0x40, 00, 0x20, 0x08, 0x40, 00, 00, 0x08, 0x40, 00, 0x20,
  0x08, 0x40, 00, 00, 0x08, 0x40, 00, 00, 0x08, 0x40, 00, 0x20,
  0x08, 0x40, 00, 0x20, 0x18, 0xc2, 00, 0x20, 0x08, 0x40, 00, 00,
  0x08, 0x40, 00, 0x20, 0x08, 0x40, 00, 0x20, 0x08, 0x40, 00, 0x20,
  0x08, 0x40, 00, 00, 0x08, 0x40, 00, 00, 0x08, 0x40, 00, 0x20,
  0x08, 0x40, 00, 0x41, 0x08, 0x40, 00, 00, 0x08, 0x41, 00, 0x41,
  0x08, 0x80, 00, 0x40, 0x08, 0x40, 00, 0x20, 0x08, 0x40, 00, 0x40,
  0x08, 0x40, 00, 0x40, 0x08, 0x40, 00, 00, 0x08, 0x40, 00, 0x40,
  00, 0x40, 00, 0x40, 0x08, 0x40, 00, 0x40, 0x08, 0x40, 00, 00,
  0x08, 0x40, 00, 0x20, 0x08, 0x40, 00, 00, 0x08, 0x40, 00, 0x20,
  0x08, 0x40, 00, 0x20, 0x08, 0x40, 00, 0x40, 0x08, 0x41, 00, 0x41,
  0x08, 0x41, 00, 0x41, 0x08, 0x40, 00, 0x20, 0x08, 0x40, 00, 00,
  0x08, 0x40, 00, 0x20, 0x08, 0x40, 00, 00, 0x10, 0x61, 0x10, 0xa2,
  00, 0x40, 00, 0x40, 00, 0x40, 00, 0x40, 0x08, 0x41, 00, 0x41,
  0x08, 0x80, 00, 0x40, 0x08, 0x40, 00, 0x40, 0x08, 0x40, 00, 00,
  0x08, 0x40, 00, 0x40, 0x08, 0x40, 00, 0x20, 0x08, 0x40, 00, 00,
  0x08, 0x40, 00, 00, 0x08, 0x40, 00, 00, 0x08, 0x40, 00, 0x20,
  0x08, 0x40, 00, 00, 0x08, 0x40, 00, 00, 0x08, 0x40, 00, 00,
  0x08, 0x40, 00, 00, 0x08, 0x40, 00, 00, 0x08, 0x40, 00, 00,
  0x08, 0x40, 00, 00, 0x08, 0x40, 00, 00, 0x08, 0x40, 0x10, 0xc2,
  0x08, 0x40, 00, 00, 0x08, 0x40, 00, 00, 0x08, 0x40, 00, 0x20,
  0x08, 0x40, 00, 00, 0x08, 0x40, 00, 00, 0x08, 0x40, 00, 00,
  0x08, 0x20, 00, 0x20, 0x08, 0x40, 00, 00, 0x08, 0x40, 00, 00,
  0x08, 0x40, 00, 00, 0x08, 0x40, 00, 00, 0x08, 0x40, 00, 00,
  0x08, 0x40, 00, 0x20, 0x10, 0x81, 00, 00, 0x08, 0x20, 00, 0x20,
  0x08, 0x40, 00, 00, 0x08, 0x40, 00, 00, 0x08, 0x20, 00, 00,
  00, 00, 00, 00, 0x08, 0x40, 00, 00, 0x08, 0x40, 00, 00,
  0x08, 0x40, 00, 00, 0x08, 0x20, 00, 0x20, 0x08, 0x40, 00, 00,
  0x08, 0x40, 00, 00, 0x08, 0x40, 00, 00, 0x08, 0x40, 00, 0x20,
  0x08, 0x40, 00, 00, 0x08, 0x40, 00, 00, 0x08, 0x40, 00, 00,
  0x08, 0x40, 00, 00, 0x08, 0x40, 00, 00, 0x08, 0x40, 00, 00,
  0x08, 0x40, 00, 00, 0x08, 0x20, 00, 00, 0x08, 0x40, 00, 00,
  00, 00, 00, 00, 00, 00, 00, 00, 00, 00, 00, 00,
  00, 00, 00, 00, 00, 0x41, 0x08, 0x40, 00, 0x01, 00, 0x21,
  00, 00, 0x08, 0x21, 00, 00, 00, 00, 00, 00, 00, 00,
  00, 00, 00, 00, 00, 00, 0x08, 0x21, 00, 00, 00, 00,
  00, 00, 00, 00, 00, 00, 00, 00, 00, 00, 00, 00,
  00, 00, 00, 00, 00, 0x41, 0x08, 0x21, 00, 0x01, 00, 00,
  00, 00, 00, 00, 00, 0x01, 00, 00, 00, 0x01, 00, 0x21,
  00, 0x01, 00, 0x21, 00, 0x01, 00, 00, 00, 0x01, 00, 0x21,
  00, 0x01, 00, 0x21, 00, 0x01, 00, 0x21, 00, 00, 00, 00,
  00, 0x01, 00, 0x21, 00, 00, 00, 00, 00, 0x01, 00, 0x21,
  00, 00, 0x08, 0x21, 0x18, 0xc3, 00, 00, 00, 0x01, 00, 0x21,
  00, 0x01, 00, 0x21, 00, 00, 0x08, 0x21, 00, 00, 0x08, 0x21,
  0x08, 0x82, 00, 00, 00, 0x01, 00, 0x21, 00, 0x01, 00, 0x21,
  00, 00, 0x08, 0x21, 00, 0x41, 00, 0x41, 00, 0x41, 00, 0x41,
  00, 0x41, 00, 0x41, 00, 0x41, 00, 0x41, 00, 0x41, 00, 0x41,
  00, 0x41, 00, 0x41, 00, 0x41, 00, 0x40, 00, 0x41, 00, 0x41,
  00, 0x41, 00, 0x41, 00, 0x41, 00, 0x41, 00, 0x41, 00, 0x41,
  00, 0x41, 00, 0x41, 00, 0x41, 00, 0x41, 00, 0x41, 00, 0x41,
  00, 0x41, 00, 0x41, 00, 0x41, 00, 0x41, 00, 0x41, 00, 0x41,
  00, 0x41, 00, 0x41, 00, 0x41, 00, 0x41, 00, 0x41, 00, 0x40,
  00, 0x41, 00, 0x41, 00, 0x41, 00, 0x41, 00, 0x41, 0x08, 0x82,
  00, 0x41, 00, 0x41, 00, 0x41, 00, 0x41, 00, 0x41, 00, 0x41,
  00, 0x41, 00, 0x41, 00, 0x41, 00, 0x41, 00, 0x41, 00, 0x41,
  00, 0x41, 00, 0x41, 00, 0x41, 00, 0x41, 00, 0x41, 00, 0x41,
  00, 0x41, 00, 0x40, 00, 0x41, 00, 0x41, 00, 0x01, 00, 0x21,
  00, 0x41, 0x18, 0xa2, 00, 0x01, 00, 0x21, 00, 0x41, 00, 0x40,
  00, 0x01, 00, 0x21, 00, 0x01, 00, 0x21, 00, 00, 00, 0x20,
  00, 0x41, 00, 0x40, 00, 00, 00, 00, 00, 00, 0x08, 0x21,
  00, 00, 00, 0x20, 00, 0x01, 00, 0x21, 00, 00, 00, 00,
  00, 00, 00, 00, 00, 0x01, 00, 00, 00, 00, 00, 0x20,
  00, 00, 0x08, 0x20, 00, 0x41, 0x08, 0x21, 00, 00, 00, 00,
  00, 00, 00, 00, 00, 00, 00, 00, 00, 00, 00, 00,
  00, 00, 0x08, 0x20, 0x08, 0x82, 00, 00, 00, 00, 00, 00,
  00, 00, 00, 00, 00, 00, 00, 00, 00, 00, 0x08, 0x20,
  00, 00, 0x08, 0x21, 00, 00, 00, 00, 00, 00, 00, 00,
  00, 00, 00, 00, 00, 00, 00, 00, 00, 00, 00, 00,
  00, 00, 00, 00, 00, 00, 00, 00, 00, 00, 00, 00,
  00, 00, 00, 00, 00, 00, 00, 00, 00, 00, 0x08, 0x20,
  00, 00, 00, 00, 00, 00, 0x08, 0x20, 00, 0x41, 0x08, 0x40,
  00, 0x41, 0x08, 0x40, 00, 0x41, 0x08, 0x40, 00, 00, 0x08, 00,
  0x08, 0x40, 00, 00, 00, 00, 00, 00, 0x08, 0x40, 00, 00,
  0x08, 00, 00, 00, 0x08, 0x40, 00, 00, 0x08, 0x40, 00, 0x20,
  0x08, 0x20, 00, 00, 0x08, 0x40, 00, 00, 0x08, 0x40, 00, 00,
  0x08, 0x40, 00, 0x20, 0x08, 0x40, 00, 00, 0x08, 00, 00, 00,
  0x08, 0x40, 00, 00, 00, 00, 00, 00, 0x10, 0x81, 00, 00,
  0x08, 0x40, 00, 0x20, 0x08, 0x40, 00, 0x20, 0x08, 0x40, 00, 00,
  0x08, 0x40, 00, 00, 0x08, 0x40, 00, 0x20, 0x08, 0x40, 00, 00,
  0x08, 0x40, 00, 0x20, 0x08, 0x40, 00, 00, 0x08, 0x40, 00, 00,
  0x08, 0x40, 00, 00, 0x08, 0x40, 00, 0x20, 0x08, 0x40, 00, 00,
  0x08, 0x40, 00, 00, 0x08, 0x40, 00, 00, 0x08, 0x40, 00, 0x20,
  0x08, 0x40, 00, 00, 00, 00, 00, 00, 0x08, 0x40, 00, 00,
  0x08, 0x40, 00, 0x20, 0x08, 0x40, 00, 00, 0x08, 0x40, 00, 0x20,
  0x08, 0x40, 00, 0x20, 0x08, 0x40, 00, 0x20, 0x08, 0x40, 00, 00,
  0x08, 0x40, 00, 0x20, 0x08, 0x40, 00, 0x40, 00, 0x40, 00, 0x41,
  0x08, 0x81, 00, 0x41, 00, 0x40, 00, 0x40, 0x08, 0x80, 00, 0x40,
  0x08, 0x80, 00, 0x40, 00, 0x40, 00, 0x40, 0x08, 0x40, 00, 0x20,
  0x08, 0x41, 00, 0x41, 0x08, 0x40, 00, 0x20, 0x08, 0x40, 00, 0x40,
  0x08, 0x40, 00, 00, 0x08, 0x40, 00, 0x40, 0x08, 0x20, 00, 0x20,
  0x08, 0x61, 00, 0x20, 0x08, 0x40, 00, 0x20, 00, 0x40, 00, 0x41,
  0x08, 0x40, 00, 00, 0x08, 0x40, 00, 0x40, 0x08, 0x40, 00, 0x20,
  00, 0x40, 00, 0x40, 00, 0x40, 00, 0x40, 0x08, 0x80, 00, 0x60,
  0x08, 0x40, 00, 0x20, 0x08, 0x41, 00, 0x41, 0x08, 0x80, 00, 0x40,
  0x08, 0x61, 00, 0x41, 0x08, 0x40, 00, 0x40, 0x08, 0x40, 00, 00,
  0x08, 0x40, 00, 00, 0x08, 0x40, 00, 00, 0x08, 0x40, 00, 0x20,
  0x08, 0x40, 00, 00, 0x08, 0x40, 00, 00, 0x08, 0x40, 00, 00,
  0x08, 0x40, 0x08, 0x41, 0x08, 0x40, 00, 0x20, 0x08, 0x40, 00, 0x20,
  0x08, 0x40, 00, 0x20, 0x08, 0x40, 00, 00, 0x08, 0x40, 00, 00,
  0x08, 0x40, 00, 00, 0x08, 0x40, 00, 00, 0x08, 0x40, 00, 00,
  0x08, 0x40, 00, 00, 0x08, 0x40, 00, 0x20, 0x08, 0x40, 00, 00,
  0x08, 0x40, 00, 0x20, 0x08, 0x40, 00, 00, 0x08, 0x40, 00, 00,
  0x08, 0x40, 0x08, 0x41, 00, 00, 00, 00, 0x08, 0x40, 00, 00,
  00, 00, 00, 00, 0x08, 0x40, 00, 00, 00, 00, 00, 0x01,
  0x08, 0x40, 00, 00, 00, 00, 00, 00, 0x08, 0x40, 00, 00,
  00, 00, 00, 0x01, 0x08, 0x40, 00, 00, 0x08, 0x40, 00, 0x20,
  0x08, 0x40, 00, 00, 0x08, 0x40, 00, 0x20, 0x08, 0x40, 00, 00,
  00, 00, 00, 00, 0x08, 0x40, 00, 00, 00, 00, 00, 00,
  0x08, 0x40, 00, 00, 00, 00, 00, 00, 0x08, 0x40, 00, 00,
  00, 00, 00, 00, 0x08, 0x40, 00, 00, 0x08, 0x40, 00, 00,
  00, 00, 0x10, 0x82, 0x10, 0x41, 00, 00, 0x08, 0x20, 00, 00,
  0x08, 0x20, 00, 00, 0x08, 0x40, 00, 0x41, 0x08, 0x40, 00, 00,
  00, 00, 00, 00, 00, 00, 00, 00, 00, 00, 00, 00,
  00, 00, 00, 00, 00, 0x01, 00, 00, 00, 00, 00, 00,
  00, 00, 00, 00, 00, 00, 00, 00, 00, 00, 0x08, 0x20,
  00, 00, 00, 00, 00, 0x01, 00, 00, 00, 00, 00, 00,
  00, 00, 00, 0x20, 00, 00, 00, 00, 00, 00, 00, 00,
  00, 00, 00, 00, 00, 00, 00, 00, 00, 00, 0x08, 0x21,
  00, 0x01, 00, 0x21, 00, 00, 00, 00, 00, 0x01, 00, 0x21,
  00, 0x01, 00, 0x21, 00, 0x41, 00, 0x40, 00, 00, 00, 0x20,
  00, 00, 0x08, 0x21, 00, 00, 00, 00, 00, 0x01, 00, 0x21,
  00, 00, 0x08, 0x21, 00, 0x41, 00, 0x41, 00, 00, 00, 00,
  00, 0x01, 00, 0x21, 00, 00, 00, 0x20, 00, 0x41, 00, 0x40,
  00, 00, 00, 00, 00, 0x01, 00, 0x21, 00, 0x01, 00, 0x21,
  00, 0x41, 00, 0x40, 00, 0x01, 00, 0x21, 00, 0x41, 00, 0x41,
  00, 0x41, 00, 0x40, 0x08, 0x82, 00, 0x40, 00, 0x41, 0x08, 0x61,
  00, 0x41, 00, 0x41, 00, 0x41, 00, 0x41, 00, 0x41, 00, 0x41,
  00, 0x41, 00, 0x41, 00, 0x41, 00, 0x41, 00, 0x41, 00, 0x40,
  00, 0x41, 00, 0x41, 00, 0x41, 00, 0x41, 00, 0x41, 00, 0x41,
  00, 0x41, 00, 0x41, 00, 0x41, 00, 0x20, 0x21, 0x03, 0x10, 0x61,
  00, 0x41, 00, 0x40, 00, 0x41, 00, 0x41, 00, 0x41, 00, 0x41,
  00, 0x41, 00, 0x41, 00, 0x41, 00, 0x21, 00, 0x41, 00, 0x41,
  00, 0x41, 00, 0x41, 00, 0x41, 00, 0x40, 00, 0x41, 00, 0x41,
  00, 0x41, 00, 0x41, 00, 0x41, 00, 0x41, 00, 0x41, 00, 0x41,
  00, 0x41, 00, 0x21, 00, 0x41, 00, 0x41, 00, 0x41, 00, 0x41,
  00, 0x41, 00, 0x41, 00, 0x41, 00, 0x41, 00, 0x01, 00, 0x21,
  00, 0x41, 00, 0x41, 00, 0x01, 00, 0x21, 00, 0x41, 00, 0x41,
  00, 0x41, 00, 00, 00, 0x41, 00, 0x40, 00, 0x01, 00, 0x21,
  00, 0x41, 00, 0x41, 00, 00, 00, 0x20, 00, 0x41, 00, 0x40,
  00, 00, 00, 0x20, 00, 0x41, 00, 0x40, 00, 0x01, 00, 0x21,
  00, 0x01, 00, 0x21, 00, 0x01, 00, 00, 00, 00, 0x08, 0x21,
  00, 00, 00, 00, 00, 0x01, 00, 0x21, 00, 00, 00, 00,
  00, 00, 00, 00, 00, 00, 00, 00, 00, 00, 00, 00,
  00, 00, 00, 00, 00, 00, 00, 00, 00, 00, 00, 00,
  00, 00, 00, 00, 00, 00, 00, 00, 00, 00, 00, 00,
  00, 00, 00, 00, 00, 00, 0x08, 0x21, 00, 00, 00, 00,
  00, 00, 00, 00, 00, 00, 00, 00, 00, 00, 00, 00,
  00, 00, 00, 00, 00, 00, 0x08, 00, 00, 00, 00, 00,
  00, 00, 00, 00, 00, 00, 00, 00, 00, 0x41, 00, 00,
  00, 00, 00, 00, 00, 00, 0x08, 0x21, 00, 00, 00, 00,
  00, 00, 0x08, 0x21, 00, 00, 00, 00, 00, 00, 0x08, 0x21,
  00, 0x41, 0x08, 0x40, 00, 0x41, 0x08, 0x40, 00, 0x41, 00, 00,
  0x08, 0x20, 00, 0x20, 0x08, 0x40, 00, 00, 0x08, 0x40, 00, 00,
  0x08, 0x40, 00, 00, 0x08, 0x40, 00, 00, 0x08, 0x40, 00, 00,
  0x08, 0x40, 00, 00, 0x08, 0x40, 00, 00, 0x6a, 0xa8, 0x28, 0xc1,
  00, 00, 00, 00, 0x08, 0x40, 00, 00, 0x08, 0x40, 00, 00,
  0x08, 0x40, 00, 00, 0x08, 0x40, 00, 00, 0x08, 0x40, 00, 00,
  0x08, 0x40, 00, 00, 0x08, 0x40, 00, 00, 0x08, 0x40, 00, 00,
  0x08, 0x40, 00, 00, 0x08, 0x40, 00, 00, 0x08, 0x40, 00, 0x20,
  0x08, 0x40, 00, 0x40, 0x08, 0x40, 00, 0x20, 0x08, 0x40, 00, 00,
  0x08, 0x20, 00, 0x20, 0x08, 0x40, 00, 00, 0x08, 0x40, 00, 00,
  0x08, 0x40, 00, 00, 0x08, 0x20, 00, 00, 0x08, 0x40, 00, 0x20,
  0x08, 0x40, 00, 0x20, 0x08, 0x40, 00, 0x20, 0x08, 0x40, 00, 00,
  0x08, 0x40, 00, 00, 0x08, 0x40, 00, 0x20, 0x08, 0x40, 00, 00,
  0x08, 0x40, 00, 0x20, 0x08, 0x40, 0x08, 0x41, 0x08, 0x40, 00, 0x20,
  0x08, 0x40, 00, 0x20, 0x08, 0x40, 00, 0x40, 0x08, 0x61, 00, 0x41,
  00, 0x40, 00, 0x41, 0x08, 0x61, 00, 0x41, 00, 0x40, 00, 0x41,
  0x08, 0x61, 00, 0x41, 0x08, 0x61, 00, 0x41, 00, 0x40, 00, 0x40,
  00, 0x40, 00, 0x40, 0x08, 0x40, 00, 0x40, 00, 0x40, 00, 0x40,
  0x08, 0x40, 00, 0x40, 0x08, 0x40, 00, 00, 0x10, 0xc2, 00, 0x61,
  00, 0x40, 00, 0x41, 0x08, 0x40, 00, 0x40, 00, 0x40, 00, 0x41,
  0x08, 0x40, 00, 0x40, 0x08, 0x40, 00, 0x20, 00, 0x40, 00, 0x40,
  00, 0x40, 00, 0x40, 0x08, 0x40, 00, 0x40, 00, 0x40, 00, 0x41,
  0x08, 0x41, 00, 0x41, 0x08, 0x41, 00, 0x41, 0x08, 0x61, 00, 0x41,
  0x08, 0x80, 00, 0x40, 0x08, 0x40, 00, 0x40, 00, 0x40, 00, 0x41,
  0x08, 0x40, 00, 0x40, 0x08, 0x40, 00, 0x20, 0x08, 0x40, 00, 00,
  0x08, 0x40, 00, 0x20, 0x08, 0x40, 00, 0x40, 0x08, 0x40, 00, 0x20,
  0x08, 0x40, 00, 0x41, 0x08, 0x40, 00, 00, 0x08, 0x40, 00, 00,
  0x08, 0x40, 00, 00, 0x08, 0x40, 00, 00, 0x08, 0x40, 00, 00,
  0x08, 0x40, 00, 00, 0x08, 0x40, 00, 0x20, 0x08, 0x40, 00, 00,
  0x08, 0x40, 00, 00, 0x08, 0x40, 00, 00, 0x08, 0x40, 00, 0x20,
  0x08, 0x40, 00, 00, 0x08, 0x40, 00, 0x20, 0x08, 0x40, 00, 00,
  0x08, 0x40, 00, 00, 0x08, 0x40, 00, 0x20, 0x08, 0x40, 00, 0x20,
  0x08, 0x40, 00, 00, 0x08, 0x40, 00, 0x20, 0x08, 0x40, 00, 00,
  0x08, 0x40, 00, 00, 0x08, 0x40, 00, 00, 0x08, 0x40, 00, 00,
  0x08, 0x40, 00, 00, 0x08, 0x40, 00, 00, 0x08, 0x20, 00, 00,
  00, 00, 00, 0x01, 0x08, 0x40, 00, 00, 0x08, 0x40, 00, 0x20,
  0x08, 0x40, 00, 00, 0x08, 0x40, 00, 00, 0x08, 0x40, 00, 00,
  0x08, 0x40, 00, 0x20, 0x08, 0x40, 00, 00, 00, 00, 00, 00,
  0x08, 0x40, 00, 00, 0x08, 0x40, 00, 00, 0x08, 0x40, 00, 00,
  0x08, 0x40, 00, 00, 0x08, 0x40, 00, 00, 0x08, 0x40, 00, 0x20,
  0x08, 0x40, 00, 0x41, 0x08, 0x40, 00, 0x41, 0x08, 0x40, 00, 00,
  00, 00, 00, 00, 00, 00, 0x08, 0x21, 00, 00, 00, 00,
  00, 00, 00, 00, 00, 00, 00, 00, 00, 0x01, 00, 0x21,
  00, 00, 00, 0x20, 00, 00, 00, 00, 0x18, 0xc3, 0x10, 0x40,
  00, 00, 0x08, 0x21, 00, 00, 00, 00, 00, 0x01, 00, 00,
  00, 00, 00, 00, 00, 00, 00, 00, 00, 00, 00, 00,
  00, 00, 00, 00, 00, 00, 00, 00, 00, 00, 00, 0x20,
  00, 00, 00, 0x20, 00, 0x01, 00, 0x21, 00, 0x01, 00, 0x21,
  00, 00, 00, 00, 00, 0x41, 00, 0x40, 00, 0x01, 00, 0x21,
  00, 00, 00, 00, 00, 0x41, 0x08, 0x21, 00, 0x01, 00, 0x21,
  00, 0x41, 00, 0x40, 00, 0x01, 00, 0x21, 00, 0x01, 00, 0x21,
  00, 0x01, 00, 0x21, 00, 0x01, 00, 0x21, 00, 00, 0x08, 0x21,
  00, 0x41, 0x08, 0x40, 00, 0x01, 00, 0x21, 00, 0x01, 00, 0x21,
  00, 0x01, 00, 0x21, 00, 0x41, 00, 0x40, 00, 0x41, 00, 0x40,
  00, 0x41, 00, 0x41, 00, 0x41, 00, 0x41, 00, 0x41, 00, 0x61,
  00, 0x41, 00, 0x41, 00, 0x41, 00, 0x41, 00, 0x41, 00, 0x61,
  00, 0x41, 00, 0x41, 00, 0x81, 00, 0x61, 00, 0x41, 00, 0x41,
  00, 0x41, 00, 0x41, 00, 0x41, 00, 0x41, 00, 0x41, 00, 0x21,
  00, 0x41, 00, 0x41, 00, 0x41, 00, 0x41, 00, 0x41, 00, 0x40,
  00, 0x41, 00, 0x41, 00, 0x41, 00, 0x41, 00, 0x41, 00, 0x41,
  00, 0x41, 00, 0x41, 00, 0x41, 00, 0x41, 00, 0x41, 00, 0x41,
  00, 0x41, 00, 0x40, 00, 0x41, 00, 0x41, 00, 0x41, 00, 0x41,
  00, 0x41, 00, 0x41, 00, 0x41, 00, 0x41, 00, 0x41, 00, 0x41,
  00, 0x41, 00, 0x41, 00, 0x41, 00, 0x41, 00, 0x41, 00, 0x41,
  00, 0x41, 00, 0x41, 00, 0x41, 00, 0x21, 00, 0x41, 00, 0x41,
  00, 0x41, 00, 0x41, 00, 0x41, 00, 0x41, 00, 0x41, 00, 0x41,
  00, 0x41, 00, 0x41, 00, 0x41, 00, 0x40, 00, 0x41, 00, 0x41,
  00, 0x41, 00, 0x40, 00, 0x41, 00, 0x41, 0x08, 0x41, 0x10, 0x21,
  00, 0x41, 00, 0x40, 00, 0x01, 00, 0x21, 00, 0x01, 00, 0x21,
  00, 0x01, 00, 0x21, 00, 0x01, 00, 0x21, 00, 00, 0x08, 0x21,
  00, 0x41, 00, 00, 00, 0x41, 0x08, 0x41, 00, 0x01, 00, 0x21,
  00, 00, 00, 00, 00, 00, 00, 00, 00, 00, 00, 00,
  00, 0x01, 00, 00, 00, 00, 0x08, 0x20, 00, 00, 00, 00,
  00, 00, 00, 00, 00, 0x01, 00, 00, 00, 00, 00, 00,
  00, 0x41, 0x08, 0x40, 00, 00, 00, 00, 00, 00, 0x08, 0x21,
  00, 0x41, 00, 00, 00, 00, 0x08, 0x21, 00, 00, 00, 00,
  00, 00, 00, 00, 00, 0x41, 00, 00, 00, 00, 00, 00,
  00, 00, 0x08, 0x21, 00, 00, 0x29, 0x03, 0x41, 0xe7, 0x08, 00,
  00, 00, 0x08, 00, 00, 00, 00, 00, 00, 00, 0x08, 0x20,
  00, 0x01, 00, 00, 00, 00, 00, 00, 00, 00, 00, 00,
  00, 00, 0x08, 0x21, 00, 0x41, 0x08, 0x40, 00, 00, 0x08, 00,
  0x08, 0x40, 00, 00, 0x08, 0x40, 00, 0x20, 0x08, 0x40, 00, 00,
  0x08, 0x20, 00, 0x20, 0x08, 0x40, 00, 00, 0x08, 0x40, 00, 0x20,
  0x08, 0x40, 00, 00, 0x08, 0x40, 00, 0x20, 0x08, 0x20, 00, 0x20,
  0x08, 0x40, 00, 00, 0x08, 0x40, 00, 00, 0x08, 0x40, 00, 00,
  0x08, 0x40, 00, 00, 0x08, 0x40, 00, 0x20, 0x08, 0x40, 00, 00,
  0x08, 0x40, 00, 0x20, 0x08, 0x40, 00, 00, 0x08, 0x20, 00, 0x20,
  0x08, 0x40, 00, 00, 0x08, 0x40, 00, 0x20, 0x08, 0x40, 00, 00,
  0x20, 0xa1, 0x31, 0x64, 0x08, 0x40, 00, 0x20, 0x08, 0x40, 00, 00,
  0x08, 0x40, 00, 00, 0x08, 0x40, 00, 0x20, 0x08, 0x40, 00, 00,
  0x08, 0x40, 00, 0x20, 0x08, 0x40, 00, 00, 0x08, 0x40, 00, 0x20,
  0x08, 0x40, 00, 0x20, 0x08, 0x40, 00, 0x20, 0x08, 0x40, 00, 00,
  0x08, 0x40, 00, 0x20, 0x08, 0x40, 00, 00, 0x08, 0x40, 00, 00,
  0x08, 0x40, 00, 00, 0x08, 0x40, 00, 0x20, 0x08, 0x40, 00, 0x40,
  0x08, 0x40, 00, 0x41, 0x08, 0x61, 00, 0x41, 0x08, 0x61, 00, 0x61,
  00, 0x40, 00, 0x41, 0x08, 0x80, 00, 0x60, 0x08, 0x81, 00, 0x41,
  0x08, 0x61, 00, 0x61, 00, 0x81, 00, 0x81, 0x08, 0x61, 00, 0x61,
  0x08, 0x81, 00, 0x41, 0x08, 0x80, 00, 0x40, 0x08, 0x61, 00, 0x41,
  0x08, 0x40, 00, 0x20, 0x08, 0x41, 00, 0x41, 0x08, 0x61, 00, 0x41,
  0x08, 0x61, 00, 0x41, 00, 0x40, 00, 0x40, 0x08, 0x61, 00, 0x41,
  0x08, 0x40, 00, 0x40, 0x08, 0x61, 00, 0x61, 0x08, 0x40, 00, 0x41,
  0x39, 0xc6, 00, 0x40, 0x08, 0x61, 00, 0x41, 0x08, 0x61, 00, 0x41,
  0x08, 0x61, 00, 0x61, 0x08, 0x61, 00, 0x41, 00, 0x40, 00, 0x41,
  0x08, 0x80, 00, 0x40, 00, 0x40, 00, 0x40, 0x08, 0x61, 00, 0x41,
  0x08, 0x40, 00, 00, 0x08, 0x81, 00, 0x40, 0x08, 0x40, 00, 0x40,
  0x08, 0x80, 00, 0x40, 00, 0x40, 00, 0x40, 0x08, 0x40, 00, 0x40,
  0x08, 0x40, 00, 0x20, 0x08, 0x40, 00, 00, 0x08, 0x40, 00, 0x20,
  0x08, 0x40, 00, 0x40, 0x08, 0x40, 00, 00, 0x72, 0xc9, 0x31, 0x03,
  00, 00, 00, 00, 0x08, 0x40, 00, 00, 0x08, 0x40, 00, 0x20,
  0x08, 0x40, 00, 00, 0x08, 0x40, 00, 00, 0x08, 0x40, 00, 00,
  0x08, 0x40, 00, 0x20, 0x08, 0x40, 00, 0x41, 0x08, 0x40, 00, 0x20,
  0x08, 0x40, 00, 00, 0x08, 0x40, 00, 00, 0x18, 0xa2, 0x10, 0xa2,
  00, 00, 00, 00, 0x08, 0x40, 00, 00, 0x08, 0x40, 00, 0x20,
  0x08, 0x40, 00, 00, 0x08, 0x40, 00, 00, 0x08, 0x40, 00, 00,
  0x08, 0x20, 0x08, 0x41, 0x08, 0x40, 00, 0x20, 0x08, 0x40, 00, 0x20,
  0x08, 0x40, 00, 00, 0x08, 0x40, 00, 00, 0x08, 0x40, 00, 00,
  0x08, 0x40, 00, 00, 0x08, 0x40, 00, 00, 00, 00, 00, 00,
  0x08, 0x40, 00, 00, 0x08, 00, 0x10, 0xa2, 0x29, 0x44, 00, 00,
  0x08, 0x40, 00, 0x20, 0x08, 0x40, 00, 00, 0x08, 0x40, 00, 0x20,
  0x08, 0x40, 00, 00, 00, 00, 00, 00, 0x08, 0x40, 00, 00,
  0x08, 0x40, 00, 00, 0x08, 0x40, 00, 0x41, 0x08, 0x40, 00, 00,
  00, 00, 00, 00, 00, 00, 0x08, 0x20, 00, 00, 00, 00,
  00, 00, 00, 00, 00, 00, 00, 0x20, 00, 00, 00, 00,
  00, 0x01, 00, 0x21, 00, 00, 00, 00, 00, 0x41, 0x08, 0x40,
  00, 00, 00, 0x20, 00, 0x01, 00, 0x21, 00, 00, 00, 00,
  00, 00, 0x08, 0x21, 00, 00, 0x08, 0x20, 00, 0x01, 00, 0x21,
  00, 00, 00, 00, 00, 0x01, 00, 0x21, 00, 00, 00, 00,
  00, 00, 0x08, 0x20, 00, 00, 00, 0x20, 00, 0x41, 00, 00,
  0x20, 0xc2, 0x52, 0x07, 00, 00, 0x08, 0x21, 00, 00, 00, 0x20,
  00, 0x41, 00, 0x40, 00, 0x41, 00, 0x40, 00, 0x41, 0x08, 0x41,
  00, 0x40, 00, 0x20, 00, 0x41, 00, 0x21, 00, 0x01, 00, 0x21,
  00, 0x01, 00, 0x21, 00, 00, 00, 00, 00, 0x41, 00, 0x40,
  00, 0x41, 00, 0x40, 00, 0x41, 00, 0x41, 00, 0x01, 00, 0x21,
  00, 0x41, 00, 0x41, 00, 0x41, 00, 0x21, 00, 0x41, 00, 0x41,
  00, 0x41, 00, 0x40, 00, 0x41, 00, 0x41, 00, 0x41, 00, 0x41,
  00, 0x41, 00, 0x61, 00, 0x41, 00, 0x41, 00, 0x81, 00, 0x61,
  00, 0x41, 00, 0x61, 00, 0x41, 0x08, 0x62, 00, 0x41, 00, 0x41,
  00, 0x41, 0x10, 0xa2, 00, 0x41, 00, 0x21, 00, 0x41, 00, 0x41,
  00, 0x41, 00, 0x41, 00, 0x41, 00, 0x41, 00, 0x41, 00, 0x41,
  00, 0x41, 00, 0x41, 00, 0x41, 00, 0x41, 00, 0x41, 00, 0x41,
  00, 0x41, 00, 0x41, 00, 0x41, 00, 0x41, 00, 0x41, 00, 0x40,
  00, 0x82, 00, 0x40, 00, 0x41, 00, 0x41, 00, 0x41, 00, 0x41,
  00, 0x41, 00, 0x61, 00, 0x41, 00, 0x41, 00, 0x41, 00, 0x41,
  00, 0x41, 00, 0x41, 00, 0x41, 00, 0x41, 00, 0x41, 00, 0x41,
  00, 0x01, 00, 0x21, 00, 0x41, 00, 0x41, 0x08, 0x82, 0x08, 0x40,
  00, 0x41, 00, 0x41, 00, 0x41, 00, 0x40, 00, 0x41, 00, 0x41,
  00, 0x41, 00, 0x40, 00, 0x41, 00, 0x41, 00, 0x41, 00, 0x41,
  00, 0x41, 00, 0x41, 00, 0x40, 00, 0x40, 0x08, 0x82, 0x08, 0x40,
  00, 0x01, 00, 0x21, 00, 0x41, 00, 0x40, 00, 0x41, 00, 0x40,
  00, 0x41, 00, 0x40, 00, 00, 0x08, 0x20, 00, 0x01, 00, 0x21,
  00, 00, 00, 0x20, 00, 0x01, 00, 0x21, 00, 00, 00, 0x20,
  00, 00, 00, 0x20, 00, 00, 00, 00, 00, 0x41, 0x08, 0x40,
  00, 00, 00, 00, 00, 0x01, 00, 0x21, 00, 00, 00, 00,
  00, 0x01, 00, 0x21, 00, 00, 00, 00, 00, 00, 00, 0x20,
  00, 00, 00, 00, 00, 0x01, 00, 0x21, 00, 00, 00, 00,
  00, 00, 0x08, 0x21, 00, 00, 00, 00, 00, 0x01, 00, 0x21,
  00, 00, 00, 00, 00, 00, 0x08, 0x21, 00, 00, 00, 00,
  00, 00, 00, 00, 00, 00, 00, 00, 00, 00, 00, 00,
  00, 00, 00, 00, 00, 00, 00, 00, 00, 00, 00, 00,
  00, 00, 00, 00, 00, 00, 00, 00, 00, 00, 0x08, 0x20,
  00, 00, 00, 00, 00, 00, 0x08, 0x20, 00, 00, 00, 00,
  0x08, 0x40, 00, 00, 0x08, 0x40, 00, 00, 0x08, 0x40, 00, 00,
  0x08, 0x40, 00, 00, 0x08, 0x40, 00, 0x20, 0x08, 0x40, 00, 00,
  0x08, 0x40, 00, 0x20, 0x08, 0x40, 00, 0x20, 0x08, 0x40, 00, 00,
  0x08, 0x40, 00, 00, 0x08, 0x40, 00, 00, 0x08, 0x40, 00, 00,
  0x08, 0x40, 00, 00, 0x08, 0x40, 00, 00, 0x08, 0x40, 00, 00,
  0x08, 0x40, 00, 00, 0x10, 0x81, 00, 0x20, 0x08, 0x40, 00, 00,
  0x08, 0x20, 00, 0x20, 0x08, 0x40, 00, 00, 00, 0x40, 00, 0x40,
  0x08, 0x40, 00, 0x20, 0x08, 0x40, 00, 00, 0x08, 0x40, 00, 0x20,
  0x08, 0x40, 00, 0x20, 0x08, 0x40, 00, 0x20, 0x08, 0x40, 00, 00,
  0x08, 0x40, 00, 00, 0x08, 0x40, 00, 0x20, 0x08, 0x40, 00, 0x20,
  0x08, 0x40, 00, 0x20, 0x08, 0x40, 00, 0x20, 0x08, 0x40, 00, 0x20,
  0x08, 0x40, 00, 00, 0x08, 0x40, 00, 0x20, 0x08, 0x40, 00, 0x20,
  0x08, 0x40, 00, 00, 0x10, 0x80, 00, 0x40, 0x08, 0x40, 00, 0x20,
  00, 0x40, 00, 0x40, 00, 0x40, 00, 0x41, 0x08, 0x61, 00, 0x41,
  0x08, 0x61, 00, 0x61, 0x08, 0x81, 00, 0x41, 0x08, 0x81, 00, 0x61,
  0x08, 0x81, 00, 0x41, 0x08, 0x81, 00, 0x41, 0x08, 0x61, 00, 0x61,
  0x08, 0x81, 00, 0x41, 0x08, 0x61, 00, 0x41, 00, 0x40, 00, 0x41,
  0x08, 0x61, 00, 0x41, 00, 0x40, 00, 0x41, 0x08, 0x61, 00, 0x41,
  00, 0x40, 00, 0x41, 00, 0x40, 00, 0x41, 0x08, 0x81, 00, 0x41,
  0x08, 0x61, 00, 0x41, 00, 0x40, 00, 0x41, 0x08, 0x80, 00, 0x40,
  0x08, 0x61, 00, 0x61, 0x08, 0x61, 00, 0x41, 0x08, 0x81, 00, 0x41,
  0x08, 0x81, 00, 0x41, 0x08, 0x61, 00, 0x61, 0x08, 0x61, 00, 0x41,
  0x08, 0x61, 00, 0x41, 00, 0x40, 00, 0x41, 0x08, 0x40, 0x08, 0x82,
  0x18, 0xc2, 00, 0x40, 0x08, 0x40, 00, 0x40, 00, 0x40, 00, 0x40,
  0x08, 0x40, 00, 00, 0x10, 0x81, 0x08, 0x61, 00, 0x40, 00, 0x40,
  00, 0x40, 00, 0x40, 0x08, 0x40, 00, 0x20, 0x08, 0x40, 00, 0x40,
  0x08, 0x40, 00, 00, 0x08, 0x40, 00, 00, 0x08, 0x40, 00, 0x20,
  0x08, 0x40, 00, 00, 0x08, 0x40, 00, 0x20, 0x08, 0x40, 00, 00,
  0x08, 0x40, 00, 00, 0x08, 0x40, 00, 00, 0x08, 0x40, 00, 0x20,
  0x08, 0x40, 00, 00, 0x08, 0x40, 00, 00, 0x08, 0x40, 00, 00,
  0x08, 0x40, 00, 00, 0x08, 0x40, 00, 00, 0x08, 0x40, 00, 00,
  0x08, 0x20, 00, 00, 0x08, 0x40, 00, 00, 0x08, 0x40, 00, 00,
  0x08, 0x40, 00, 00, 0x08, 0x40, 00, 00, 0x08, 0x40, 00, 00,
  0x08, 0x40, 00, 00, 0x08, 0x40, 00, 0x20, 0x08, 0x40, 00, 00,
  0x08, 0x20, 00, 0x20, 0x08, 0x40, 00, 00, 0x08, 0x40, 00, 00,
  0x08, 0x40, 00, 00, 0x08, 0x20, 00, 0x20, 0x08, 0x40, 00, 00,
  0x08, 0x40, 00, 0x20, 0x08, 0x40, 00, 00, 0x08, 0x40, 00, 00,
  0x08, 0x40, 00, 00, 0x08, 0x40, 00, 00, 0x08, 0x40, 00, 00,
  0x08, 0x40, 00, 00, 00, 00, 0x08, 0x41, 0x08, 0x40, 00, 00,
  0x18, 0x81, 0x10, 0x41, 00, 00, 00, 00, 0x08, 0x40, 00, 00,
  00, 00, 00, 00, 00, 00, 00, 00, 00, 00, 00, 00,
  00, 0x01, 00, 00, 00, 00, 00, 00, 00, 00, 0x08, 0x21,
  00, 00, 00, 00, 00, 0x01, 00, 0x21, 00, 00, 00, 00,
  00, 00, 0x08, 0x21, 00, 00, 0x08, 0x20, 00, 00, 00, 00,
  00, 00, 00, 00, 00, 00, 00, 0x20, 00, 00, 00, 00,
  00, 00, 0x08, 0x21, 0x18, 0xc3, 00, 00, 00, 0x01, 00, 0x21,
  00, 00, 00, 0x20, 00, 0x01, 00, 0x21, 00, 0x41, 00, 0x41,
  00, 0x41, 00, 0x40, 00, 0x41, 00, 0x40, 00, 0x01, 00, 0x21,
  00, 0x01, 00, 0x21, 00, 0x41, 00, 0x40, 00, 0x41, 00, 0x40,
  00, 0x41, 00, 0x40, 00, 0x41, 00, 0x41, 00, 0x41, 00, 0x41,
  00, 0x40, 00, 0x20, 00, 0x41, 00, 0x40, 00, 0x01, 00, 0x21,
  00, 0x41, 00, 0x41, 00, 0x41, 00, 0x40, 00, 0x41, 00, 0x41,
  00, 0x42, 00, 0x21, 00, 0x41, 00, 0x41, 00, 0x41, 00, 0x40,
  00, 0x41, 00, 0x41, 00, 0x41, 00, 0x41, 00, 0x41, 00, 0x61,
  00, 0x41, 00, 0x61, 00, 0x81, 00, 0x61, 00, 0x42, 00, 0x62,
  00, 0x82, 00, 0x81, 00, 0x81, 0x08, 0xc2, 00, 0x83, 00, 0x62,
  00, 0x82, 00, 0x81, 00, 0x81, 00, 0x61, 00, 0x41, 0x08, 0x61,
  00, 0x41, 00, 0x41, 00, 0x41, 00, 0x41, 00, 0x41, 00, 0x41,
  00, 0x41, 00, 0x41, 00, 0x41, 00, 0x41, 00, 0x41, 00, 0x41,
  00, 0x41, 00, 0x41, 00, 0x41, 00, 0x41, 00, 0x41, 00, 0x41,
  00, 0x41, 00, 0x61, 00, 0x41, 00, 0x61, 00, 0x41, 0x08, 0x81,
  00, 0x41, 00, 0x61, 00, 0x41, 00, 0x61, 00, 0x41, 00, 0x61,
  00, 0x82, 00, 0x40, 00, 0x41, 00, 0x41, 00, 0x40, 0x19, 0x03,
  0x21, 0x05, 0x08, 0x20, 00, 0x41, 00, 0x41, 00, 0x41, 00, 0x41,
  00, 0x41, 00, 0x41, 00, 0x41, 00, 0x41, 00, 0x41, 00, 0x41,
  00, 0x41, 00, 0x41, 00, 0x41, 00, 0x41, 00, 0x41, 00, 0x41,
  00, 0x41, 00, 0x40, 00, 0x41, 00, 0x41, 00, 0x41, 00, 0x40,
  00, 0x41, 00, 0x40, 00, 0x41, 00, 0x40, 00, 0x41, 00, 0x40,
  00, 0x41, 00, 0x40, 00, 0x41, 00, 0x41, 00, 0x41, 00, 0x40,
  00, 0x41, 00, 0x41, 00, 0x01, 00, 0x21, 00, 0x01, 00, 0x21,
  00, 0x01, 00, 0x21, 00, 00, 00, 00, 00, 00, 00, 00,
  00, 0x01, 00, 0x21, 00, 00, 00, 00, 00, 00, 00, 0x20,
  00, 00, 00, 00, 00, 0x01, 00, 0x21, 00, 00, 00, 00,
  00, 0x01, 00, 00, 00, 00, 00, 00, 00, 00, 00, 0x20,
  00, 00, 00, 00, 00, 00, 00, 0x20, 00, 00, 00, 0x20,
  00, 00, 00, 0x20, 00, 00, 00, 00, 00, 00, 00, 00,
  00, 00, 00, 00, 00, 00, 00, 00, 00, 00, 00, 00,
  00, 00, 00, 00, 00, 00, 00, 00, 00, 00, 00, 00,
  00, 00, 00, 00, 00, 00, 00, 00, 00, 00, 00, 00,
  0x08, 0x41, 0x10, 0x41, 00, 00, 00, 00, 00, 00, 00, 00,
  0x08, 0x40, 00, 00, 00, 00, 00, 0x01, 0x08, 0x40, 00, 0x20,
  0x08, 0x40, 00, 00, 0x08, 0x40, 00, 00, 0x08, 0x40, 00, 0x20,
  0x08, 0x40, 00, 00, 0x08, 0x40, 00, 00, 0x08, 0x40, 00, 00,
  0x08, 0x40, 00, 0x20, 0x08, 0x20, 00, 00, 0x08, 0x40, 00, 0x20,
  0x08, 0x40, 00, 00, 0x08, 0x40, 00, 00, 0x08, 0x40, 00, 00,
  0x08, 0x40, 00, 0x20, 00, 00, 00, 00, 0x08, 0x40, 00, 00,
  0x08, 0x40, 00, 00, 0x08, 0x40, 00, 0x20, 0x08, 0x40, 00, 00,
  0x08, 0x40, 00, 0x20, 0x08, 0x40, 00, 00, 0x08, 0x40, 00, 0x20,
  0x08, 0x40, 00, 00, 0x08, 0x40, 00, 0x20, 0x08, 0x40, 00, 00,
  0x08, 0x40, 00, 0x20, 0x08, 0x40, 00, 0x40, 0x08, 0x40, 00, 0x20,
  0x08, 0x40, 00, 00, 0x08, 0x40, 00, 0x20, 0x08, 0x40, 00, 00,
  0x08, 0x40, 00, 0x20, 0x08, 0x40, 00, 0x40, 0x08, 0x40, 00, 0x20,
  00, 0x40, 00, 0x40, 0x08, 0x40, 00, 0x20, 0x08, 0x40, 00, 00,
  00, 0x40, 00, 0x40, 0x08, 0x61, 00, 0x41, 0x08, 0x61, 00, 0x41,
  0x08, 0x81, 00, 0x41, 0x08, 0x80, 00, 0x60, 0x08, 0x61, 00, 0x41,
  00, 0x81, 00, 0x82, 0x08, 0x81, 0x11, 0x04, 0x10, 0xa2, 00, 0x41,
  0x08, 0x81, 00, 0x81, 0x08, 0x81, 00, 0x61, 0x08, 0x81, 00, 0x41,
  00, 0x40, 00, 0x41, 0x08, 0x61, 00, 0x41, 00, 0x40, 00, 0x40,
  0x08, 0x61, 00, 0x41, 0x08, 0x41, 00, 0x41, 0x08, 0x81, 00, 0x41,
  0x08, 0x81, 00, 0x61, 0x08, 0x61, 00, 0x41, 0x08, 0x61, 00, 0x61,
  0x08, 0x61, 00, 0x61, 0x08, 0x61, 00, 0x41, 0x08, 0x61, 00, 0x61,
  0x08, 0x61, 00, 0x41, 0x10, 0x81, 0x08, 0x81, 0x08, 0x61, 00, 0x61,
  0x08, 0x61, 00, 0x41, 0x08, 0x80, 00, 0x60, 0x08, 0x80, 00, 0x40,
  00, 0x40, 00, 0x41, 0x08, 0x61, 00, 0x41, 00, 0x40, 00, 0x40,
  0x08, 0x40, 00, 0x40, 0x08, 0x40, 00, 0x20, 0x08, 0x41, 00, 0x41,
  00, 0x40, 00, 0x40, 0x08, 0x40, 00, 0x40, 0x08, 0x61, 00, 0x20,
  0x08, 0x40, 00, 0x40, 0x08, 0x40, 00, 0x20, 0x08, 0x40, 00, 0x40,
  0x08, 0x40, 00, 0x20, 0x08, 0x40, 00, 00, 0x08, 0x40, 00, 0x20,
  0x08, 0x40, 00, 00, 0x08, 0x40, 00, 0x20, 0x08, 0x40, 00, 00,
  0x08, 0x40, 00, 00, 0x08, 0x40, 00, 00, 0x08, 0x40, 00, 0x20,
  0x08, 0x40, 00, 00, 0x08, 0x40, 00, 00, 0x08, 0x40, 00, 00,
  0x08, 0x40, 00, 0x20, 0x08, 0x40, 00, 00, 0x08, 0x40, 00, 00,
  0x08, 0x40, 00, 00, 0x08, 0x40, 00, 0x20, 0x08, 0x40, 00, 00,
  0x08, 0x40, 00, 0x20, 0x08, 0x40, 00, 00, 0x08, 0x40, 00, 0x20,
  0x08, 0x40, 00, 00, 0x08, 0x40, 00, 00, 0x08, 0x40, 00, 00,
  0x08, 0x40, 00, 0x20, 0x08, 0x40, 00, 00, 0x08, 0x40, 00, 0x20,
  0x08, 0x40, 00, 00, 00, 00, 00, 0x01, 0x08, 0x40, 00, 00,
  0x08, 0x40, 00, 00, 0x08, 0x40, 00, 0x41, 0x10, 0x41, 00, 00,
  0x08, 0x40, 00, 00, 0x08, 0x20, 00, 0x20, 0x08, 0x40, 00, 00,
  00, 00, 00, 00, 0x08, 0x40, 00, 00, 0x08, 00, 00, 00,
  00, 00, 00, 00, 00, 00, 00, 00, 00, 00, 0x08, 0x21,
  00, 0x01, 00, 00, 00, 0x41, 00, 0x40, 00, 00, 00, 00,
  00, 0x01, 00, 0x21, 00, 00, 00, 00, 00, 0x01, 00, 0x21,
  00, 00, 00, 00, 00, 0x01, 00, 0x21, 00, 00, 00, 00,
  00, 0x01, 00, 0x21, 00, 00, 00, 00, 00, 00, 00, 0x20,
  00, 00, 0x08, 0x21, 00, 0x41, 00, 0x21, 00, 00, 00, 0x20,
  00, 0x01, 00, 0x21, 00, 0x41, 00, 0x40, 00, 0x41, 00, 0x40,
  00, 0x40, 00, 0x20, 00, 0x41, 00, 0x40, 00, 00, 00, 0x20,
  00, 0x41, 00, 0x40, 00, 0x01, 00, 0x21, 00, 0x41, 00, 0x41,
  00, 0x41, 00, 0x40, 00, 0x41, 00, 0x41, 00, 0x41, 00, 0x40,
  00, 0x41, 00, 0x41, 00, 0x41, 00, 0x40, 00, 0x41, 00, 0x41,
  00, 0x41, 00, 0x41, 00, 0x41, 00, 0x41, 00, 0x41, 00, 0x41,
  00, 0x41, 00, 0x41, 00, 0x41, 00, 0x41, 00, 0x41, 00, 0x41,
  00, 0x41, 00, 0x40, 00, 0x41, 00, 0x61, 00, 0x41, 00, 0x41,
  00, 0x41, 00, 0x61, 00, 0x41, 00, 0x41, 00, 0x42, 00, 0x62,
  00, 0x82, 00, 0x81, 00, 0xc3, 00, 0x81, 00, 0x82, 00, 0x81,
  00, 0x81, 00, 0x61, 00, 0x81, 00, 0x61, 00, 0x41, 00, 0x41,
  00, 0x41, 00, 0x41, 00, 0x41, 00, 0x41, 00, 0x41, 00, 0x41,
  00, 0x41, 00, 0x41, 00, 0x41, 00, 0x41, 00, 0x41, 00, 0x61,
  00, 0x41, 00, 0x41, 00, 0x81, 00, 0x81, 00, 0x41, 00, 0x61,
  00, 0x81, 00, 0x81, 00, 0x41, 00, 0x41, 00, 0x42, 00, 0x62,
  00, 0x41, 00, 0x41, 00, 0x41, 00, 0x61, 00, 0x41, 00, 0x41,
  00, 0x41, 00, 0x41, 00, 0x41, 00, 0x41, 00, 0x41, 00, 0x21,
  00, 0x41, 00, 0x41, 00, 0x41, 00, 0x41, 00, 0x41, 00, 0x41,
  00, 0x41, 00, 0x41, 00, 0x41, 00, 0x41, 00, 0x41, 00, 0x41,
  00, 0x41, 0x08, 0x41, 00, 0x41, 00, 0x21, 00, 0x41, 00, 0x21,
  00, 0x41, 00, 0x41, 00, 0x41, 00, 0x40, 00, 0x41, 00, 0x41,
  00, 0x01, 00, 0x21, 00, 0x41, 00, 0x41, 00, 0x01, 00, 0x21,
  00, 0x41, 00, 0x21, 00, 0x41, 00, 0x40, 00, 0x41, 00, 0x41,
  00, 00, 00, 00, 00, 0x41, 00, 0x41, 00, 00, 00, 00,
  00, 00, 0x08, 0x21, 00, 00, 00, 0x20, 00, 0x01, 00, 0x21,
  00, 00, 00, 00, 00, 00, 0x08, 0x21, 00, 00, 00, 00,
  00, 0x01, 00, 00, 00, 00, 00, 00, 00, 00, 0x08, 0x21,
  00, 00, 00, 00, 00, 0x01, 00, 0x21, 00, 00, 00, 00,
  00, 0x01, 00, 0x21, 00, 00, 00, 0x20, 00, 00, 00, 00,
  00, 00, 00, 00, 00, 0x01, 00, 0x21, 00, 00, 0x08, 0x20,
  00, 0x01, 00, 00, 00, 00, 00, 00, 00, 0x01, 00, 00,
  00, 00, 00, 00, 00, 00, 0x08, 0x21, 00, 00, 00, 00,
  00, 00, 00, 00, 00, 00, 00, 00, 00, 00, 00, 00,
  00, 00, 00, 00, 00, 0x01, 00, 00, 00, 00, 00, 00,
  0x08, 0x40, 00, 0x20, 0x08, 0x40, 00, 00, 0x08, 0x40, 00, 00,
  0x08, 0x40, 00, 0x20, 0x08, 0x40, 00, 0x20, 0x08, 0x40, 00, 00,
  0x08, 0x40, 00, 00, 0x08, 0x40, 00, 0x20, 0x08, 0x40, 00, 0x20,
  0x08, 0x40, 00, 00, 0x08, 0x40, 00, 0x20, 0x08, 0x40, 00, 00,
  0x08, 0x40, 00, 00, 0x08, 0x40, 00, 00, 0x08, 0x40, 00, 00,
  0x08, 0x40, 00, 0x41, 0x08, 0x40, 00, 00, 0x10, 0x81, 00, 00,
  0x08, 0x40, 00, 0x20, 0x08, 0x40, 00, 00, 0x08, 0x40, 00, 0x20,
  0x08, 0x40, 00, 00, 0x08, 0x40, 00, 0x20, 0x08, 0x40, 00, 00,
  0x08, 0x40, 00, 0x20, 0x08, 0x40, 00, 0x20, 0x08, 0x40, 00, 00,
  0x08, 0x40, 00, 00, 0x08, 0x40, 00, 00, 0x08, 0x40, 00, 0x20,
  0x08, 0x40, 00, 0x20, 0x08, 0x40, 00, 0x40, 00, 0x40, 00, 0x40,
  0x08, 0x40, 00, 0x40, 00, 0x40, 00, 0x40, 00, 0x40, 00, 0x40,
  0x08, 0x40, 00, 0x20, 00, 0x40, 00, 0x40, 0x08, 0x40, 00, 0x40,
  0x08, 0x40, 00, 0x40, 0x08, 0x61, 00, 0x61, 0x08, 0x81, 00, 0x41,
  00, 0x40, 00, 0x41, 0x08, 0x61, 00, 0x61, 0x08, 0x61, 00, 0x41,
  0x08, 0x81, 00, 0x81, 00, 0x81, 00, 0x82, 0x08, 0x81, 00, 0x41,
  0x08, 0x81, 00, 0x41, 0x08, 0x81, 00, 0x41, 0x08, 0x61, 00, 0x61,
  0x08, 0x61, 00, 0x61, 0x08, 0x61, 00, 0x41, 00, 0x81, 00, 0x81,
  0x08, 0x81, 00, 0x41, 0x08, 0x61, 00, 0x41, 0x08, 0x80, 00, 0xa1,
  0x08, 0x81, 00, 0x41, 0x08, 0x81, 00, 0x41, 0x08, 0x80, 00, 0x81,
  0x08, 0x61, 00, 0x61, 0x08, 0x61, 00, 0x41, 0x08, 0x61, 00, 0x61,
  0x08, 0x81, 00, 0x41, 0x08, 0x61, 00, 0x61, 0x08, 0x61, 00, 0x61,
  0x08, 0x61, 00, 0x61, 0x08, 0x61, 00, 0x61, 0x08, 0x61, 00, 0x41,
  0x08, 0x61, 00, 0x41, 0x08, 0x61, 00, 0x41, 0x08, 0x80, 00, 0x40,
  00, 0x40, 00, 0x40, 0x08, 0x61, 00, 0x41, 0x08, 0x40, 0x08, 0x41,
  0x08, 0x80, 00, 0x40, 00, 0x40, 00, 0x40, 00, 0x40, 00, 0x40,
  0x08, 0x40, 00, 0x20, 0x08, 0x40, 00, 0x40, 0x08, 0x40, 00, 0x20,
  0x08, 0x40, 00, 00, 0x08, 0x40, 00, 0x20, 0x08, 0x40, 00, 00,
  0x08, 0x40, 00, 0x20, 0x08, 0x40, 00, 00, 0x08, 0x40, 00, 00,
  0x21, 0x03, 0x08, 0x41, 0x08, 0x40, 00, 0x41, 0x08, 0x40, 00, 00,
  0x08, 0x40, 00, 0x20, 0x08, 0x40, 00, 00, 0x08, 0x40, 00, 00,
  0x08, 0x40, 00, 00, 0x10, 0x81, 0x10, 0x82, 0x08, 0x40, 00, 0x20,
  0x08, 0x40, 00, 00, 0x08, 0x40, 00, 00, 0x08, 0x40, 00, 0x20,
  0x08, 0x20, 00, 00, 0x08, 0x40, 00, 00, 0x08, 0x40, 00, 0x20,
  0x08, 0x40, 00, 00, 0x08, 0x40, 00, 00, 0x10, 0x20, 0x52, 0x48,
  0x18, 0x82, 00, 00, 0x08, 0x40, 00, 00, 0x08, 0x40, 00, 00,
  0x08, 0x40, 00, 00, 0x08, 0x40, 00, 00, 0x08, 0x40, 00, 00,
  0x08, 0x40, 00, 00, 00, 00, 00, 0x01, 0x08, 0x40, 00, 0x20,
  0x08, 0x40, 00, 0x20, 0x08, 0x40, 00, 00, 0x08, 0x40, 00, 00,
  0x08, 0x40, 00, 00, 0x08, 0x40, 00, 00, 0x08, 0x40, 00, 00,
  00, 00, 00, 00, 00, 00, 00, 00, 00, 0x01, 00, 00,
  00, 0x01, 00, 00, 00, 0x01, 00, 0x21, 00, 0x01, 00, 0x21,
  00, 00, 0x08, 0x21, 00, 0x01, 00, 0x21, 00, 00, 00, 0x20,
  00, 00, 00, 00, 00, 00, 00, 0x20, 00, 0x01, 00, 0x21,
  00, 0x41, 00, 00, 00, 00, 00, 00, 00, 00, 00, 00,
  00, 00, 00, 0x20, 00, 00, 0x08, 0x21, 00, 0x61, 00, 0x20,
  00, 0x01, 00, 0x21, 00, 00, 0x08, 0x21, 00, 0x41, 00, 0x40,
  00, 0x41, 00, 0x40, 00, 0x01, 00, 0x21, 00, 0x01, 00, 0x21,
  00, 0x01, 00, 0x21, 00, 0x01, 00, 0x21, 00, 0x41, 00, 0x40,
  00, 0x41, 00, 0x40, 00, 0x41, 00, 0x40, 00, 0x41, 00, 0x41,
  00, 0x41, 00, 0x40, 00, 0x41, 00, 0x40, 00, 0x41, 0x08, 0x20,
  0x62, 0xca, 0x41, 0x64, 00, 0x41, 00, 0x40, 00, 0x41, 00, 0x41,
  00, 0x41, 00, 0x40, 00, 0x41, 00, 0x41, 00, 0x41, 00, 0x41,
  00, 0x41, 00, 0x41, 00, 0x41, 00, 0x41, 00, 0x41, 00, 0x41,
  00, 0x41, 00, 0x61, 00, 0x81, 00, 0x61, 00, 0x42, 00, 0x62,
  00, 0x82, 00, 0x81, 00, 0x82, 00, 0x81, 00, 0x81, 00, 0x61,
  00, 0x42, 00, 0x62, 00, 0x82, 0x08, 0x81, 00, 0x82, 00, 0x40,
  00, 0x41, 00, 0x61, 00, 0x41, 00, 0x41, 00, 0x41, 0x08, 0x61,
  00, 0x41, 00, 0x41, 00, 0x41, 0x08, 0x61, 00, 0x41, 0x21, 0x04,
  0x08, 0xc3, 00, 0x40, 00, 0x41, 00, 0x61, 00, 0x41, 0x08, 0x61,
  00, 0x41, 00, 0x61, 00, 0x41, 00, 0x61, 00, 0x41, 00, 0x61,
  00, 0x41, 0x08, 0x61, 00, 0x41, 00, 0x41, 00, 0x41, 00, 0x41,
  00, 0x41, 00, 0x41, 00, 0x41, 00, 0x41, 00, 0x41, 00, 0x41,
  00, 0x41, 00, 0x41, 00, 0x41, 00, 0x41, 00, 0x41, 00, 0x41,
  00, 0x41, 00, 0x41, 00, 0x41, 00, 0x41, 00, 0x41, 00, 0x41,
  00, 0x41, 00, 0x41, 00, 0x41, 00, 0x41, 00, 0x41, 00, 0x41,
  00, 0x41, 00, 0x41, 00, 0x41, 00, 0x41, 00, 0x41, 00, 0x40,
  00, 0x41, 00, 0x41, 00, 0x41, 00, 0x40, 00, 0x41, 00, 0x41,
  00, 0x41, 00, 0x41, 00, 0x41, 00, 0x40, 00, 0x41, 00, 0x41,
  00, 0x41, 0x08, 0x21, 00, 00, 0x08, 0x21, 00, 0x01, 00, 0x21,
  00, 0x01, 00, 0x21, 00, 0x41, 00, 0x40, 00, 00, 00, 00,
  00, 0x01, 00, 0x21, 00, 0x40, 00, 0x20, 00, 00, 0x08, 0x21,
  00, 0x41, 00, 0x20, 00, 00, 00, 0x20, 00, 0x01, 00, 00,
  00, 00, 0x08, 0x21, 00, 00, 00, 0x20, 00, 0x01, 00, 00,
  00, 0x01, 00, 0x21, 00, 00, 00, 0x20, 00, 00, 0x18, 0xa2,
  00, 0x40, 00, 0x20, 00, 00, 00, 00, 00, 00, 00, 00,
  00, 00, 00, 00, 00, 0x01, 00, 00, 00, 00, 00, 00,
  00, 00, 00, 00, 00, 00, 00, 00, 00, 00, 00, 00,
  00, 00, 00, 00, 00, 00, 00, 00, 00, 00, 00, 00,
  00, 00, 00, 00, 00, 00, 00, 00, 00, 00, 00, 00,
  0x08, 0x40, 00, 00, 0x08, 0x40, 00, 00, 0x08, 0x40, 00, 00,
  0x08, 0x20, 00, 0x20, 0x08, 0x40, 00, 00, 0x08, 0x40, 00, 00,
  0x08, 0x40, 00, 00, 0x08, 0x40, 00, 0x20, 0x18, 0xc1, 00, 0x40,
  0x08, 0x40, 00, 0x20, 0x08, 0x40, 00, 00, 0x08, 0x40, 00, 0x20,
  0x08, 0x40, 00, 00, 0x08, 0x40, 00, 0x20, 0x08, 0x40, 00, 00,
  0x08, 0x40, 00, 0x20, 0x08, 0x40, 00, 00, 0x08, 0x40, 00, 0x20,
  0x08, 0x40, 00, 00, 0x08, 0x40, 00, 0x20, 0x08, 0x40, 00, 00,
  0x08, 0x40, 00, 0x20, 0x08, 0x40, 00, 00, 0x08, 0x40, 00, 0x20,
  0x08, 0x40, 00, 00, 0x08, 0x40, 00, 0x20, 0x08, 0x40, 00, 00,
  0x08, 0x40, 00, 0x20, 0x08, 0x40, 00, 0x40, 0x08, 0x40, 00, 00,
  0x08, 0x40, 00, 0x40, 0x08, 0x40, 00, 0x20, 0x08, 0x80, 00, 0x40,
  0x31, 0x43, 0x18, 0xc2, 00, 0x40, 00, 0x41, 0x08, 0x40, 00, 0x20,
  0x08, 0x41, 00, 0x41, 0x08, 0x40, 00, 0x20, 0x08, 0x40, 00, 00,
  0x08, 0x40, 00, 0x20, 0x08, 0x80, 00, 0x40, 00, 0x40, 00, 0x40,
  0x08, 0x61, 00, 0x41, 0x08, 0x81, 00, 0x41, 0x08, 0x81, 00, 0x81,
  00, 0x81, 00, 0x82, 0x08, 0x81, 00, 0x81, 0x08, 0x81, 00, 0x61,
  0x08, 0x81, 00, 0x41, 0x08, 0x61, 0x08, 0x82, 0x10, 0xa2, 00, 0x61,
  0x08, 0x81, 00, 0x61, 0x08, 0x81, 00, 0x41, 0x08, 0x61, 00, 0x61,
  0x08, 0x81, 00, 0x41, 00, 0x40, 00, 0x41, 0x08, 0x81, 00, 0x41,
  0x08, 0x61, 00, 0x61, 0x08, 0x81, 00, 0x41, 0x08, 0x61, 00, 0x61,
  0x08, 0x81, 00, 0x41, 0x08, 0x81, 00, 0x61, 0x08, 0x61, 00, 0x41,
  0x08, 0x61, 00, 0x61, 0x08, 0x81, 00, 0x41, 0x08, 0x61, 00, 0x61,
  0x08, 0x61, 00, 0x41, 0x08, 0x61, 00, 0x61, 0x08, 0x81, 00, 0x41,
  00, 0x40, 00, 0x41, 0x08, 0x81, 00, 0x41, 0x08, 0x80, 00, 0x40,
  0x08, 0x61, 00, 0x41, 0x08, 0x61, 00, 0x41, 0x08, 0x61, 00, 0x41,
  0x08, 0x40, 00, 0x20, 0x08, 0x41, 00, 0x41, 0x08, 0x80, 00, 0x60,
  0x08, 0x40, 00, 0x40, 0x08, 0x40, 00, 0x20, 0x08, 0x40, 00, 0x40,
  0x08, 0x40, 00, 0x20, 00, 0x40, 00, 0x40, 0x08, 0x40, 00, 00,
  0x08, 0x41, 00, 0x41, 0x08, 0x40, 00, 0x20, 0x08, 0x40, 00, 00,
  0x08, 0x40, 00, 0x20, 0x08, 0x40, 00, 00, 0x08, 0x40, 00, 00,
  0x08, 0x40, 00, 00, 0x08, 0x40, 00, 0x20, 0x08, 0x40, 00, 00,
  0x08, 0x40, 00, 0x20, 0x08, 0x20, 00, 00, 0x08, 0x40, 00, 0x20,
  0x08, 0x40, 00, 00, 0x08, 0x40, 00, 00, 0x08, 0x40, 00, 0x20,
  0x08, 0x40, 00, 0x20, 0x08, 0x40, 00, 00, 0x08, 0x40, 00, 0x20,
  0x08, 0x40, 00, 00, 0x08, 0x40, 00, 0x20, 0x08, 0x40, 00, 00,
  0x08, 0x40, 00, 0x20, 0x08, 0x40, 00, 00, 0x08, 0x40, 00, 0x20,
  0x08, 0x40, 00, 00, 0x08, 0x40, 00, 00, 0x08, 0x40, 00, 00,
  00, 00, 00, 0x01, 0x08, 0x40, 00, 00, 00, 00, 00, 0x01,
  00, 00, 00, 00, 0x08, 00, 00, 00, 0x08, 0x40, 00, 00,
  00, 00, 00, 0x01, 0x08, 0x40, 00, 00, 00, 00, 00, 00,
  00, 0x01, 00, 0x21, 00, 00, 00, 00, 00, 00, 00, 0x20,
  00, 0x41, 0x08, 0x20, 00, 0x41, 00, 0x40, 00, 0x01, 00, 0x21,
  00, 0x01, 00, 0x21, 00, 0x01, 00, 0x21, 00, 0x41, 00, 0x21,
  00, 00, 00, 0x20, 0x08, 0x41, 0x08, 0x20, 00, 00, 00, 00,
  00, 0x01, 00, 0x21, 00, 00, 00, 00, 00, 0x01, 00, 0x21,
  00, 00, 0x08, 0x20, 00, 0x21, 00, 0x21, 00, 0x41, 00, 0x40,
  00, 0x41, 00, 0x40, 00, 00, 00, 00, 00, 0x41, 00, 0x40,
  00, 00, 0x08, 0x21, 00, 00, 0x08, 0x21, 00, 00, 0x08, 0x21,
  00, 0x41, 00, 0x41, 00, 0x41, 00, 0x40, 00, 0x41, 00, 0x41,
  00, 0x01, 00, 0x21, 00, 0x41, 00, 0x41, 00, 0x41, 00, 0x40,
  00, 0x41, 00, 0x41, 00, 0x41, 00, 0x41, 00, 0x41, 00, 0x41,
  00, 00, 00, 0x20, 00, 0x41, 00, 0x41, 00, 0x41, 00, 0x41,
  00, 0x41, 00, 0x41, 00, 0x41, 00, 0x40, 00, 0x41, 00, 0x41,
  00, 0x41, 00, 0x41, 00, 0x41, 00, 0x41, 00, 0x41, 00, 0x41,
  00, 0x41, 00, 0x61, 00, 0x81, 00, 0x61, 00, 0x41, 00, 0x61,
  00, 0x42, 00, 0x62, 00, 0x81, 00, 0x61, 00, 0x41, 00, 0x61,
  00, 0x82, 00, 0x81, 00, 0x81, 00, 0x61, 00, 0x82, 00, 0x61,
  00, 0x82, 00, 0x40, 00, 0x41, 0x08, 0x82, 00, 0x41, 00, 0x21,
  00, 0x41, 00, 0x41, 00, 0x41, 00, 0x41, 00, 0x41, 0x08, 0x62,
  00, 0x41, 00, 0x61, 00, 0x41, 00, 0x61, 00, 0x41, 00, 0x61,
  00, 0x81, 00, 0x61, 00, 0x41, 00, 0x61, 00, 0x41, 00, 0x61,
  00, 0x41, 00, 0x41, 00, 0x41, 00, 0x61, 00, 0x41, 0x08, 0x61,
  00, 0x41, 0x08, 0x61, 00, 0x41, 00, 0x41, 00, 0x41, 00, 0x41,
  00, 0x41, 00, 0x41, 00, 0x41, 00, 0x41, 00, 0x41, 00, 0x41,
  00, 0x41, 00, 0x41, 00, 0x41, 00, 0x41, 00, 0x41, 00, 0x41,
  00, 0x41, 00, 0x41, 00, 0x41, 00, 0x41, 00, 0x41, 00, 0x41,
  00, 0x41, 00, 0x41, 00, 0x41, 00, 0x41, 00, 0x41, 00, 0x41,
  00, 0x41, 00, 0x41, 00, 0x41, 00, 0x41, 00, 0x41, 00, 0x40,
  00, 0x41, 00, 0x41, 00, 0x41, 00, 0x41, 00, 0x41, 00, 0x41,
  00, 0x41, 00, 0x40, 00, 0x41, 00, 0x40, 00, 0x01, 00, 0x21,
  00, 0x41, 00, 0x41, 00, 0x01, 00, 0x21, 00, 0x41, 00, 0x40,
  00, 00, 00, 0x20, 00, 00, 0x08, 0x21, 00, 00, 0x08, 0x21,
  00, 0x41, 00, 0x21, 00, 00, 00, 0x20, 00, 0x01, 00, 0x21,
  00, 00, 00, 00, 00, 0x01, 00, 0x21, 00, 00, 00, 00,
  00, 0x01, 00, 0x21, 00, 00, 00, 00, 00, 00, 0x08, 0x21,
  00, 00, 00, 00, 00, 00, 00, 00, 00, 00, 00, 00,
  00, 0x01, 00, 00, 00, 00, 00, 00, 00, 00, 00, 00,
  00, 00, 00, 00, 00, 0x01, 00, 00, 00, 00, 00, 00,
  0x08, 0x81, 0x10, 0x61, 00, 00, 00, 00, 00, 0x01, 00, 00,
  00, 00, 0x08, 0x21, 00, 00, 00, 00, 00, 00, 00, 00,
  0x08, 0x40, 00, 00, 0x08, 0x40, 00, 00, 0x08, 0x40, 00, 0x20,
  0x08, 0x40, 00, 00, 0x08, 0x40, 00, 0x20, 0x08, 0x40, 00, 00,
  0x08, 0x40, 00, 0x61, 0x10, 0x81, 00, 0x20, 0x08, 0x40, 00, 00,
  0x08, 0x20, 00, 00, 0x72, 0xea, 0x20, 0xc2, 0x08, 0x20, 00, 0x20,
  0x08, 0x40, 00, 00, 0x08, 0x40, 00, 00, 0x08, 0x40, 00, 0x20,
  0x08, 0x40, 00, 00, 0x08, 0x40, 00, 0x20, 0x08, 0x40, 00, 00,
  0x08, 0x40, 00, 00, 0x08, 0x40, 00, 00, 0x08, 0x40, 00, 00,
  0x08, 0x40, 00, 00, 0x08, 0x40, 00, 0x20, 0x08, 0x40, 00, 00,
  0x08, 0x40, 00, 0x20, 0x08, 0x40, 00, 0x41, 0x08, 0x40, 00, 0x40,
  0x08, 0x40, 00, 00, 0x08, 0x40, 00, 00, 0x08, 0x40, 00, 00,
  0x08, 0x40, 00, 0x20, 0x08, 0x40, 00, 0x20, 0x08, 0x40, 00, 0x40,
  0x08, 0x40, 00, 0x40, 00, 0x40, 00, 0x41, 0x08, 0x41, 00, 0x41,
  0x08, 0x40, 00, 00, 0x08, 0x40, 00, 0x40, 0x08, 0x40, 00, 00,
  00, 0x40, 00, 0x40, 00, 0x40, 00, 0x41, 0x08, 0x61, 00, 0x41,
  0x08, 0x61, 00, 0x41, 0x08, 0x81, 00, 0x61, 0x08, 0x81, 00, 0x81,
  0x08, 0x81, 00, 0x81, 0x08, 0x61, 00, 0x61, 0x08, 0x81, 00, 0x41,
  0x08, 0x81, 00, 0x81, 0x08, 0x81, 00, 0x81, 0x08, 0x81, 00, 0x61,
  0x08, 0x81, 00, 0x41, 0x08, 0x81, 00, 0x82, 0x08, 0x81, 00, 0x41,
  0x08, 0x80, 00, 0x40, 0x08, 0x61, 00, 0x61, 0x08, 0x81, 00, 0x61,
  0x08, 0x81, 00, 0x41, 0x08, 0x81, 00, 0x61, 0x08, 0x81, 00, 0x61,
  0x08, 0x81, 00, 0x41, 0x08, 0x81, 00, 0x41, 0x08, 0x61, 00, 0x61,
  0x08, 0x81, 00, 0x61, 0x08, 0x80, 00, 0xa1, 0x10, 0x81, 0x08, 0x82,
  0x08, 0x61, 00, 0x41, 0x08, 0x61, 00, 0x41, 0x08, 0x80, 00, 0x40,
  00, 0x40, 00, 0x40, 00, 0x40, 00, 0x41, 0x08, 0x61, 00, 0x41,
  0x08, 0x61, 00, 0x41, 0x08, 0x61, 00, 0x41, 0x08, 0x80, 00, 0x60,
  0x08, 0x61, 00, 0x41, 0x08, 0x61, 00, 0x41, 0x08, 0x61, 00, 0x41,
  0x08, 0x80, 00, 0x40, 0x08, 0x40, 00, 0x40, 00, 0x40, 00, 0x40,
  0x08, 0x80, 00, 0x40, 0x08, 0x40, 00, 0x40, 00, 0x40, 00, 0x41,
  0x08, 0x40, 00, 0x41, 0x08, 0x40, 00, 00, 0x08, 0x40, 00, 0x20,
  0x08, 0x40, 00, 0x40, 0x08, 0x40, 00, 00, 0x08, 0x40, 00, 00,
  0x08, 0x40, 00, 00, 0x08, 0x40, 00, 00, 0x08, 0x40, 00, 00,
  0x08, 0x40, 00, 00, 0x08, 0x40, 00, 0x20, 0x08, 0x40, 00, 0x20,
  0x08, 0x40, 00, 00, 0x08, 0x40, 00, 00, 0x08, 0x40, 00, 00,
  0x08, 0x40, 00, 00, 0x08, 0x40, 00, 00, 0x08, 0x40, 00, 00,
  0x08, 0x40, 00, 0x20, 0x08, 0x40, 00, 00, 0x08, 0x40, 00, 00,
  0x08, 0x40, 00, 00, 0x08, 0x40, 00, 0x20, 0x08, 0x40, 00, 00,
  0x08, 0x40, 00, 00, 0x08, 0x40, 00, 0x20, 0x08, 0x20, 00, 0x20,
  0x08, 0x40, 00, 0x20, 0x08, 0x40, 00, 0x20, 0x08, 0x40, 00, 00,
  0x20, 0xc2, 0x08, 0x61, 00, 00, 00, 00, 0x08, 0x40, 00, 0x20,
  0x08, 0x20, 00, 00, 0x08, 0x20, 00, 0x20, 0x08, 0x40, 00, 00,
  00, 0x01, 00, 00, 00, 0x01, 00, 00, 00, 00, 00, 00,
  00, 0x01, 00, 0x21, 00, 0x01, 00, 0x21, 00, 00, 0x08, 0x21,
  00, 0x41, 00, 0x40, 00, 0x01, 00, 0x21, 00, 0x01, 00, 0x21,
  00, 00, 0x08, 0x20, 0x10, 0x82, 0x08, 0x20, 00, 0x01, 00, 0x21,
  00, 0x01, 00, 0x21, 00, 0x01, 00, 0x21, 00, 00, 00, 00,
  00, 0x01, 00, 00, 00, 00, 00, 0x20, 00, 0x01, 00, 0x21,
  00, 00, 00, 00, 00, 0x01, 00, 0x21, 00, 00, 00, 0x20,
  00, 0x01, 00, 0x21, 00, 0x01, 00, 0x21, 00, 0x41, 00, 0x40,
  00, 0x01, 00, 0x21, 00, 0x01, 00, 0x21, 00, 0x41, 00, 0x41,
  00, 0x41, 00, 0x41, 00, 0x41, 00, 0x41, 00, 0x41, 00, 0x41,
  00, 0x41, 00, 0x41, 00, 0x41, 00, 0x41, 00, 0x41, 00, 0x41,
  00, 0x41, 00, 0x41, 00, 0x41, 00, 0x41, 00, 0x41, 00, 0x41,
  00, 0x41, 00, 0x41, 00, 0x41, 00, 0x41, 00, 0x41, 00, 0x40,
  00, 0x41, 00, 0x41, 00, 0x41, 0x08, 0x61, 00, 0x41, 00, 0x61,
  00, 0x41, 0x08, 0x61, 00, 0x81, 00, 0x61, 00, 0x41, 00, 0x61,
  00, 0x81, 00, 0x61, 00, 0x41, 00, 0x61, 00, 0x82, 00, 0x81,
  00, 0x82, 00, 0x81, 00, 0x81, 00, 0x61, 00, 0x41, 00, 0x61,
  00, 0x41, 00, 0x61, 00, 0x41, 00, 0x61, 00, 0x81, 00, 0x81,
  00, 0x41, 00, 0x41, 00, 0x41, 00, 0x61, 00, 0x41, 00, 0x61,
  00, 0x81, 00, 0x61, 00, 0x41, 00, 0x61, 00, 0x81, 00, 0x61,
  00, 0x82, 00, 0x81, 00, 0x81, 00, 0x61, 00, 0x41, 00, 0x61,
  00, 0x41, 00, 0x61, 00, 0x41, 0x08, 0x61, 00, 0x82, 00, 0x61,
  00, 0x41, 00, 0x41, 00, 0x41, 00, 0x41, 00, 0x41, 00, 0x41,
  00, 0x41, 00, 0x41, 00, 0x41, 00, 0x41, 00, 0x41, 00, 0x61,
  00, 0x41, 00, 0x41, 00, 0x41, 0x08, 0x61, 00, 0x41, 00, 0x41,
  00, 0x41, 00, 0x61, 00, 0x41, 00, 0x41, 00, 0x41, 00, 0x41,
  00, 0x41, 00, 0x41, 00, 0x41, 0x08, 0x41, 00, 0x41, 00, 0x41,
  00, 0x41, 00, 0x41, 00, 0x41, 00, 0x41, 00, 0x41, 00, 0x41,
  00, 0x41, 00, 0x41, 00, 0x41, 00, 0x41, 00, 0x41, 00, 0x41,
  00, 0x41, 00, 0x41, 00, 0x41, 00, 0x40, 00, 0x01, 00, 0x21,
  00, 0x41, 00, 0x40, 00, 0x41, 00, 0x40, 00, 0x41, 00, 0x40,
  00, 0x01, 00, 0x21, 00, 00, 00, 0x20, 00, 00, 0x08, 0x21,
  00, 0x01, 00, 0x21, 00, 0x01, 00, 0x21, 00, 0x01, 00, 0x21,
  00, 0x41, 0x08, 0x40, 00, 0x01, 00, 0x21, 00, 00, 0x08, 0x20,
  00, 00, 00, 00, 00, 00, 0x08, 0x20, 00, 0x01, 00, 0x21,
  00, 0x01, 00, 0x21, 00, 00, 00, 00, 00, 0x41, 0x08, 0x21,
  00, 00, 00, 00, 00, 00, 00, 00, 00, 0x41, 00, 00,
  00, 00, 0x08, 0x20, 00, 00, 00, 00, 00, 00, 00, 0x20,
  00, 00, 00, 00, 00, 00, 00, 00, 00, 00, 00, 00,
  00, 00, 00, 00, 00, 00, 00, 00, 00, 00, 00, 00,
  0x08, 0x40, 00, 00, 0x08, 0x40, 00, 0x20, 0x08, 0x40, 00, 00,
  0x08, 0x40, 00, 0x20, 0x08, 0x20, 00, 00, 0x08, 0x40, 00, 0x20,
  0x08, 0x40, 00, 00, 0x08, 0x40, 00, 00, 0x08, 0x40, 00, 0x20,
  0x08, 0x40, 00, 0x20, 0x08, 0x40, 00, 0x20, 0x08, 0x40, 00, 00,
  0x08, 0x40, 00, 0x20, 0x08, 0x40, 00, 0x20, 0x08, 0x40, 00, 0x20,
  0x08, 0x40, 00, 00, 0x08, 0x40, 00, 00, 0x08, 0x40, 00, 0x20,
  0x08, 0x40, 00, 00, 0x08, 0x40, 00, 0x20, 0x08, 0x40, 00, 00,
  0x08, 0x40, 00, 00, 0x08, 0x40, 00, 00, 0x08, 0x40, 00, 00,
  0x08, 0x40, 00, 00, 0x10, 0x81, 00, 0x40, 00, 0x40, 00, 0x41,
  0x08, 0x40, 00, 00, 0x08, 0x40, 00, 0x40, 0x08, 0x40, 00, 0x20,
  0x08, 0x41, 00, 0x41, 0x08, 0x40, 00, 0x20, 0x08, 0x40, 00, 0x40,
  00, 0x40, 00, 0x40, 0x08, 0x61, 00, 0x41, 0x08, 0x80, 00, 0x40,
  00, 0x40, 00, 0x40, 00, 0x40, 00, 0x41, 0x08, 0x61, 00, 0x41,
  00, 0x40, 00, 0x40, 0x08, 0x80, 00, 0x40, 0x08, 0x80, 00, 0x40,
  0x08, 0x81, 00, 0x41, 0x08, 0x81, 00, 0x61, 0x08, 0x81, 00, 0x41,
  0x08, 0x61, 00, 0x41, 0x08, 0x81, 00, 0x41, 0x08, 0xa1, 00, 0x61,
  0x08, 0x81, 00, 0x81, 0x08, 0x81, 00, 0x61, 0x08, 0x81, 00, 0x41,
  0x08, 0x81, 00, 0x61, 0x08, 0x81, 00, 0x61, 0x08, 0x81, 00, 0x61,
  0x10, 0x82, 00, 0x41, 0x08, 0x61, 00, 0x61, 0x08, 0x81, 00, 0x41,
  0x08, 0x81, 00, 0x61, 0x08, 0x81, 00, 0x41, 0x08, 0x61, 00, 0x61,
  0x08, 0x81, 00, 0x81, 0x08, 0x81, 00, 0x61, 0x08, 0x81, 00, 0x41,
  0x08, 0x61, 00, 0x61, 0x08, 0x61, 00, 0x41, 0x08, 0x81, 00, 0x41,
  0x08, 0x81, 00, 0x41, 0x08, 0x61, 00, 0x61, 0x08, 0x81, 00, 0x41,
  0x08, 0x61, 00, 0x61, 0x08, 0x81, 00, 0x41, 0x08, 0x61, 00, 0x41,
  0x08, 0x81, 00, 0x41, 00, 0x40, 00, 0x41, 0x08, 0x81, 00, 0x41,
  0x08, 0x81, 00, 0x41, 0x08, 0x60, 0x08, 0xa1, 0x08, 0x81, 00, 0x41,
  0x08, 0x61, 00, 0x41, 00, 0x40, 00, 0x40, 0x08, 0x41, 00, 0x41,
  00, 0x40, 00, 0x40, 0x08, 0x61, 00, 0x41, 0x08, 0x40, 00, 00,
  00, 0x40, 00, 0x40, 00, 0x40, 00, 0x40, 0x08, 0x41, 00, 0x41,
  0x08, 0x40, 00, 00, 0x08, 0x40, 00, 00, 0x08, 0x40, 00, 0x20,
  0x08, 0x40, 00, 00, 0x08, 0x40, 00, 0x20, 0x08, 0x40, 00, 0x20,
  0x08, 0x40, 00, 00, 0x08, 0x40, 00, 00, 0x08, 0x40, 00, 00,
  0x08, 0x40, 00, 00, 0x08, 0x40, 00, 00, 00, 0x40, 00, 0x40,
  0x08, 0x40, 00, 00, 0x08, 0x40, 00, 00, 0x10, 0x61, 00, 0x20,
  0x08, 0x40, 00, 0x20, 0x08, 0x40, 00, 0x41, 0x08, 0x40, 00, 00,
  0x08, 0x40, 00, 0x20, 0x08, 0x40, 00, 00, 0x08, 0x40, 00, 00,
  0x08, 0x40, 00, 0x20, 0x08, 0x40, 00, 00, 0x18, 0x82, 00, 00,
  0x08, 0x40, 00, 0x20, 0x08, 0x40, 00, 00, 0x08, 0x40, 00, 0x20,
  0x08, 0x40, 00, 00, 0x08, 0x40, 00, 00, 0x08, 0x40, 00, 00,
  00, 00, 00, 00, 0x08, 0x40, 00, 00, 00, 00, 00, 00,
  00, 0x01, 00, 00, 00, 00, 00, 0x20, 00, 0x01, 00, 0x21,
  00, 00, 00, 00, 00, 0x01, 00, 0x21, 00, 0x01, 00, 0x21,
  00, 0x41, 00, 0x41, 00, 00, 00, 0x20, 00, 0x01, 00, 0x21,
  00, 0x01, 00, 0x21, 00, 0x41, 00, 0x41, 00, 0x01, 00, 0x21,
  00, 0x41, 00, 0x40, 00, 00, 00, 0x20, 00, 0x01, 00, 0x21,
  00, 00, 00, 0x20, 00, 0x41, 00, 0x40, 00, 00, 00, 00,
  00, 0x41, 00, 0x41, 00, 00, 00, 00, 00, 0x41, 00, 0x40,
  00, 0x01, 00, 0x21, 00, 0x01, 00, 0x21, 00, 00, 00, 0x20,
  00, 0x41, 00, 0x40, 00, 0x41, 0x08, 0x21, 00, 0x41, 00, 0x41,
  00, 0x41, 00, 0x40, 00, 0x41, 00, 0x41, 00, 0x41, 00, 0x41,
  00, 0x41, 00, 0x41, 00, 0x41, 00, 0x40, 00, 0x41, 00, 0x40,
  00, 0x41, 00, 0x41, 00, 0x41, 00, 0x41, 00, 0x41, 00, 0x41,
  00, 0x41, 00, 0x41, 00, 0x41, 00, 0x41, 00, 0x41, 00, 0x41,
  00, 0x41, 00, 0x41, 00, 0x41, 00, 0x41, 00, 0x41, 00, 0x41,
  00, 0x41, 00, 0x41, 00, 0x42, 00, 0x62, 00, 0x82, 00, 0x40,
  00, 0x41, 00, 0x61, 00, 0x82, 0x08, 0xa2, 00, 0x82, 00, 0x61,
  00, 0x82, 00, 0x81, 00, 0x41, 00, 0x61, 00, 0x81, 00, 0x61,
  00, 0x41, 00, 0x61, 00, 0x41, 00, 0x61, 00, 0x41, 00, 0x41,
  00, 0x41, 00, 0x61, 00, 0x81, 00, 0x61, 00, 0x82, 00, 0x81,
  00, 0x41, 00, 0x41, 00, 0x41, 00, 0x61, 00, 0x41, 00, 0x61,
  00, 0x82, 00, 0x40, 0x29, 0x64, 0x29, 0x23, 00, 0x41, 0x08, 0x62,
  00, 0x41, 00, 0x41, 00, 0x41, 00, 0x61, 00, 0x41, 00, 0x41,
  00, 0x41, 00, 0x61, 00, 0x41, 00, 0x41, 00, 0x41, 00, 0x61,
  00, 0x41, 00, 0x41, 00, 0x41, 0x08, 0x62, 00, 0x81, 00, 0x61,
  00, 0x41, 00, 0x61, 00, 0x41, 00, 0x41, 00, 0x41, 00, 0x61,
  00, 0x41, 00, 0x41, 00, 0x41, 0x08, 0x62, 00, 0x41, 0x08, 0x61,
  00, 0x41, 00, 0x41, 00, 0x41, 00, 0x41, 00, 0x41, 00, 0x41,
  00, 0x41, 00, 0x41, 00, 0x41, 00, 0x41, 00, 00, 0x39, 0x85,
  0x08, 0x82, 00, 0x40, 00, 0x41, 00, 0x41, 00, 0x41, 00, 0x41,
  00, 0x41, 00, 0x41, 00, 0x41, 00, 0x41, 00, 0x01, 00, 0x21,
  00, 0x41, 00, 0x40, 00, 00, 00, 0x20, 00, 0x41, 00, 0x40,
  00, 00, 00, 0x20, 00, 0x41, 00, 0x40, 00, 0x01, 00, 0x21,
  00, 0x41, 00, 0x41, 00, 00, 00, 0x20, 00, 0x41, 00, 0x41,
  00, 0x01, 00, 0x21, 00, 0x41, 00, 0x40, 00, 00, 0x08, 0x21,
  00, 0x21, 00, 0x21, 00, 00, 00, 0x20, 00, 0x01, 00, 0x21,
  00, 00, 00, 00, 00, 0x01, 00, 0x21, 00, 00, 00, 00,
  00, 0x01, 00, 0x21, 00, 00, 0x08, 0x20, 00, 00, 00, 0x20,
  00, 0x01, 00, 00, 00, 0x01, 00, 0x21, 00, 00, 00, 00,
  00, 0x01, 00, 0x21, 00, 00, 00, 00, 00, 00, 0x08, 0x20,
  00, 00, 00, 00, 00, 00, 00, 00, 00, 00, 00, 00,
  0x08, 0x40, 00, 0x20, 0x08, 0x40, 00, 0x20, 0x08, 0x40, 00, 00,
  0x08, 0x40, 00, 0x20, 0x08, 0x40, 00, 0x20, 0x08, 0x40, 00, 00,
  0x08, 0x40, 00, 00, 0x08, 0x40, 00, 00, 0x08, 0x40, 00, 0x20,
  0x08, 0x40, 00, 00, 0x08, 0x40, 00, 00, 0x08, 0x40, 00, 00,
  0x08, 0x40, 00, 0x41, 0x08, 0x40, 00, 00, 0x08, 0x40, 00, 0x20,
  0x08, 0x40, 00, 0x20, 0x08, 0x40, 00, 00, 0x08, 0x40, 00, 0x20,
  0x08, 0x40, 00, 00, 0x08, 0x40, 00, 0x20, 0x08, 0x40, 00, 00,
  0x08, 0x40, 00, 00, 0x08, 0x40, 00, 0x20, 0x08, 0x40, 00, 00,
  0x08, 0x40, 00, 0x20, 0x08, 0x40, 00, 0x20, 0x08, 0x40, 00, 00,
  00, 0x40, 00, 0x41, 0x08, 0x80, 00, 0x40, 0x08, 0x40, 00, 0x40,
  0x08, 0x40, 00, 0x20, 0x08, 0x40, 00, 0x40, 00, 0x40, 00, 0x40,
  0x08, 0x40, 00, 0x40, 0x08, 0x40, 00, 0x20, 0x08, 0x61, 00, 0x41,
  00, 0x40, 00, 0x40, 0x08, 0x61, 00, 0x61, 0x18, 0xc2, 00, 0x40,
  0x08, 0x80, 00, 0x40, 00, 0x40, 00, 0x41, 0x08, 0x61, 00, 0x41,
  00, 0x40, 00, 0x40, 0x08, 0x61, 00, 0x41, 0x08, 0x81, 00, 0x61,
  0x08, 0x61, 00, 0x41, 0x08, 0x61, 00, 0x41, 0x08, 0x81, 00, 0x61,
  0x08, 0x81, 00, 0x41, 0x08, 0x81, 00, 0x41, 0x08, 0x61, 0x08, 0xa2,
  0x08, 0x81, 00, 0x41, 0x08, 0x81, 00, 0x41, 0x08, 0x61, 00, 0x61,
  0x08, 0x61, 00, 0x61, 0x08, 0x81, 00, 0x41, 0x08, 0x81, 00, 0x41,
  0x08, 0x81, 00, 0x41, 0x08, 0x81, 00, 0x41, 0x08, 0x81, 00, 0x61,
  0x08, 0x81, 00, 0x61, 0x08, 0x81, 00, 0x81, 0x08, 0x81, 00, 0x61,
  0x08, 0x81, 00, 0x61, 0x08, 0x61, 00, 0x61, 0x08, 0x61, 00, 0x61,
  0x08, 0x61, 00, 0x61, 0x08, 0x61, 00, 0x61, 0x08, 0x81, 00, 0x41,
  0x08, 0x81, 00, 0x61, 0x08, 0x81, 00, 0x61, 0x08, 0x81, 00, 0x41,
  0x08, 0x61, 00, 0x41, 0x08, 0x81, 00, 0x41, 0x08, 0x61, 00, 0x41,
  0x08, 0x81, 00, 0x61, 0x08, 0x61, 00, 0x41, 0x08, 0x81, 00, 0x41,
  0x08, 0x80, 00, 0x40, 00, 0x40, 00, 0x40, 0x08, 0x80, 00, 0x40,
  0x08, 0x61, 00, 0x41, 00, 0x40, 00, 0x40, 0x10, 0x61, 0x10, 0xa2,
  0x08, 0x80, 00, 0x40, 00, 0x40, 00, 0x40, 0x08, 0x40, 00, 0x20,
  0x08, 0x40, 00, 0x40, 0x08, 0x40, 00, 0x20, 0x08, 0x40, 00, 00,
  0x08, 0x40, 00, 00, 0x08, 0x40, 00, 00, 0x08, 0x40, 00, 0x20,
  0x08, 0x40, 00, 00, 0x08, 0x40, 00, 00, 0x08, 0x40, 00, 0x40,
  0x08, 0x40, 00, 00, 0x29, 0x02, 0x10, 0x81, 0x08, 0x40, 00, 0x20,
  0x08, 0x40, 00, 00, 0x08, 0x40, 00, 0x20, 0x08, 0x40, 00, 0x20,
  0x08, 0x40, 00, 0x20, 0x08, 0x40, 00, 00, 0x08, 0x40, 00, 00,
  0x08, 0x40, 00, 00, 0x08, 0x40, 00, 0x20, 0x08, 0x40, 00, 0x20,
  0x08, 0x40, 00, 0x20, 0x08, 0x40, 00, 00, 0x08, 0x40, 00, 00,
  0x08, 0x40, 00, 00, 0x08, 0x20, 00, 00, 0x08, 0x40, 00, 0x20,
  0x08, 0x40, 00, 0x20, 0x08, 0x40, 00, 00, 00, 00, 0x08, 0x40,
  0x08, 0x40, 00, 00, 00, 00, 00, 00, 0x08, 0x40, 00, 00,
  00, 00, 00, 00, 00, 0x01, 00, 0x21, 00, 00, 0x08, 0x21,
  00, 0x01, 00, 0x21, 00, 0x01, 00, 0x21, 00, 0x41, 00, 0x41,
  00, 0x41, 00, 0x40, 00, 0x41, 00, 0x40, 00, 0x41, 00, 0x40,
  00, 0x01, 00, 0x21, 00, 00, 00, 0x20, 00, 0x01, 00, 0x21,
  00, 00, 0x08, 0x21, 00, 0x41, 00, 0x21, 00, 0x01, 00, 0x21,
  00, 0x41, 00, 0x41, 00, 0x01, 00, 0x21, 00, 0x41, 00, 0x40,
  00, 0x41, 00, 0x40, 00, 0x41, 00, 0x41, 00, 0x41, 00, 0x40,
  00, 0x41, 00, 0x40, 00, 0x01, 00, 0x21, 00, 0x41, 00, 0x41,
  00, 0x41, 00, 0x40, 00, 0x41, 00, 0x21, 00, 0x41, 00, 0x40,
  00, 0x41, 00, 0x41, 00, 0x41, 00, 0x40, 00, 0x41, 00, 0x41,
  00, 0x41, 00, 0x41, 00, 0x41, 00, 0x41, 00, 0x41, 00, 0x41,
  00, 0x41, 00, 0x41, 00, 0x41, 00, 0x41, 00, 0x41, 00, 0x41,
  00, 0x41, 00, 0x41, 00, 0x41, 00, 0x41, 00, 0x41, 00, 0x41,
  00, 0x41, 00, 0x41, 00, 0x41, 00, 0x41, 00, 0x41, 00, 0x41,
  00, 0x41, 00, 0x41, 00, 0x41, 00, 0x41, 00, 0x41, 00, 0x61,
  00, 0x41, 00, 0x61, 00, 0x41, 00, 0x41, 00, 0x41, 00, 0x61,
  00, 0x82, 00, 0x81, 00, 0x41, 00, 0x61, 00, 0x82, 0x08, 0x81,
  00, 0x82, 00, 0x61, 00, 0x41, 00, 0x61, 00, 0x81, 00, 0x61,
  00, 0x41, 00, 0x61, 00, 0x81, 00, 0x61, 00, 0x81, 00, 0x61,
  00, 0x81, 00, 0x61, 00, 0x81, 00, 0x61, 00, 0x82, 00, 0x81,
  00, 0x81, 00, 0x61, 00, 0x81, 00, 0x61, 00, 0x81, 00, 0x61,
  00, 0x82, 00, 0x81, 00, 0x41, 00, 0x61, 00, 0x41, 00, 0x41,
  00, 0x41, 00, 0x41, 00, 0x41, 0x08, 0x82, 00, 0x82, 00, 0x61,
  00, 0x42, 00, 0x62, 00, 0x81, 00, 0x61, 00, 0x41, 00, 0x61,
  00, 0x41, 00, 0x41, 00, 0x41, 00, 0x61, 00, 0x82, 00, 0x61,
  00, 0x81, 00, 0x81, 00, 0x41, 00, 0x41, 00, 0x41, 00, 0x41,
  00, 0x41, 00, 0x41, 00, 0x41, 00, 0x41, 00, 0x41, 00, 0x41,
  00, 0x41, 00, 0x41, 00, 0x41, 00, 0x41, 00, 0x41, 00, 0x41,
  00, 0x41, 00, 0x41, 00, 0x41, 00, 0x41, 00, 0x41, 00, 0x41,
  00, 0x41, 00, 0x41, 00, 0x41, 00, 0x41, 00, 0x41, 00, 0x41,
  00, 0x01, 00, 0x21, 00, 0x01, 00, 0x21, 00, 00, 0x08, 0x20,
  00, 0x01, 00, 0x21, 00, 00, 0x08, 0x21, 00, 0x41, 00, 0x40,
  00, 0x41, 00, 00, 0x4a, 0x27, 0x31, 0x23, 00, 00, 0x08, 0x21,
  00, 0x01, 00, 0x21, 00, 0x01, 00, 0x21, 00, 0x01, 00, 0x21,
  00, 00, 0x08, 0x21, 00, 0x41, 00, 0x40, 00, 00, 00, 0x20,
  00, 0x01, 00, 00, 00, 00, 00, 00, 00, 00, 0x08, 0x20,
  00, 00, 00, 00, 00, 00, 00, 00, 00, 00, 00, 00,
  00, 0x01, 00, 00, 00, 00, 00, 0x20, 00, 00, 0x08, 0x21,
  00, 00, 00, 00, 00, 00, 0x08, 0x21, 00, 00, 00, 00,
  00, 00, 00, 00, 0x08, 0x41, 00, 00, 00, 00, 00, 00,
  0x08, 0x40, 00, 00, 0x08, 0x40, 00, 0x20, 0x08, 0x40, 00, 0x20,
  0x08, 0x40, 00, 00, 0x08, 0x40, 00, 00, 0x08, 0x40, 00, 00,
  0x08, 0x40, 00, 00, 0x08, 0x40, 00, 0x20, 0x08, 0x20, 00, 00,
  0x08, 0x40, 00, 0x20, 0x08, 0x40, 00, 00, 0x08, 0x40, 00, 0x20,
  0x08, 0x40, 00, 00, 0x08, 0x40, 00, 00, 0x08, 0x40, 00, 0x20,
  0x08, 0x20, 00, 0x20, 0x08, 0x40, 00, 00, 0x08, 0x40, 00, 00,
  0x08, 0x40, 00, 0x40, 0x08, 0x40, 00, 0x20, 0x08, 0x40, 00, 0x40,
  0x08, 0x40, 00, 00, 0x08, 0x40, 00, 00, 0x08, 0x40, 00, 0x20,
  0x08, 0x40, 00, 0x40, 0x08, 0x40, 00, 00, 0x08, 0x40, 00, 0x40,
  0x08, 0x40, 00, 0x20, 0x08, 0x41, 00, 0x41, 00, 0x40, 00, 0x40,
  0x08, 0x40, 00, 0x40, 0x08, 0x40, 00, 0x20, 00, 0x40, 00, 0x41,
  0x08, 0x40, 00, 0x40, 00, 0x40, 00, 0x41, 00, 0x40, 00, 0x41,
  0x08, 0x61, 00, 0x41, 0x08, 0x40, 00, 0x40, 0x08, 0x61, 00, 0x61,
  00, 0x40, 00, 0x40, 0x08, 0x61, 00, 0x41, 0x08, 0x61, 00, 0x61,
  0x08, 0x80, 00, 0x40, 00, 0x40, 00, 0x40, 0x08, 0x61, 00, 0x41,
  0x08, 0x81, 00, 0x41, 0x08, 0x81, 00, 0x61, 0x08, 0x61, 00, 0x61,
  0x08, 0x81, 00, 0x81, 0x08, 0x81, 00, 0x81, 0x08, 0x81, 00, 0x41,
  0x08, 0x61, 00, 0x61, 00, 0x81, 00, 0x82, 0x08, 0x81, 00, 0x61,
  0x08, 0x81, 00, 0x81, 0x08, 0x81, 00, 0x61, 0x08, 0x81, 00, 0x41,
  0x08, 0x81, 00, 0x61, 0x08, 0x81, 00, 0x81, 0x08, 0x81, 00, 0x61,
  0x08, 0x81, 00, 0x41, 0x08, 0x81, 00, 0x61, 0x08, 0x81, 00, 0x81,
  0x08, 0x61, 00, 0x61, 0x08, 0x81, 00, 0x41, 0x08, 0x61, 00, 0x61,
  0x08, 0x61, 00, 0x41, 0x08, 0x81, 00, 0x61, 0x08, 0x81, 00, 0x61,
  0x08, 0x61, 00, 0x61, 0x08, 0x61, 00, 0x61, 0x08, 0x61, 00, 0x61,
  0x08, 0x81, 00, 0x41, 0x08, 0x61, 00, 0x61, 0x08, 0x81, 00, 0x41,
  0x08, 0x81, 00, 0x41, 0x08, 0x81, 00, 0x61, 00, 0x40, 00, 0x41,
  0x08, 0x61, 00, 0x41, 0x08, 0x40, 00, 0x20, 0x08, 0x41, 00, 0x41,
  0x08, 0x40, 00, 0x20, 0x08, 0x61, 00, 0x41, 00, 0x40, 00, 0x40,
  0x08, 0x61, 00, 0x41, 0x08, 0x40, 00, 0x41, 0x08, 0x40, 00, 0x40,
  0x08, 0x40, 00, 0x20, 0x08, 0x41, 00, 0x41, 0x08, 0x40, 00, 00,
  0x08, 0x40, 00, 00, 0x08, 0x40, 00, 0x20, 0x08, 0x40, 00, 00,
  0x08, 0x40, 00, 0x20, 0x08, 0x40, 00, 00, 0x08, 0x40, 00, 00,
  0x08, 0x40, 00, 0x40, 0x08, 0x20, 00, 0x20, 0x08, 0x40, 00, 0x40,
  0x08, 0x40, 00, 0x20, 0x08, 0x40, 00, 00, 0x08, 0x40, 00, 0x20,
  0x08, 0x40, 00, 00, 0x08, 0x40, 00, 00, 0x08, 0x40, 00, 00,
  0x08, 0x20, 00, 0x20, 0x08, 0x40, 00, 00, 0x08, 0x40, 00, 00,
  0x08, 0x40, 00, 00, 0x08, 0x40, 00, 0x20, 0x08, 0x40, 00, 00,
  0x08, 0x40, 00, 00, 0x08, 0x40, 00, 00, 0x10, 0x81, 00, 0x20,
  0x08, 0x40, 00, 00, 0x08, 0x40, 00, 0x20, 0x08, 0x40, 00, 00,
  0x08, 0x40, 00, 0x20, 0x10, 0x81, 00, 00, 0x08, 0x20, 00, 0x20,
  00, 0x01, 00, 0x21, 00, 0x01, 00, 0x21, 00, 0x01, 00, 0x21,
  00, 0x01, 00, 0x21, 00, 0x41, 00, 0x40, 00, 00, 00, 0x20,
  00, 0x41, 00, 0x40, 00, 0x01, 00, 0x21, 00, 0x41, 00, 0x41,
  00, 0x01, 00, 0x21, 00, 0x01, 00, 0x21, 00, 0x01, 00, 0x21,
  00, 0x41, 00, 0x41, 00, 0x01, 00, 0x21, 00, 0x41, 00, 0x41,
  00, 0x41, 00, 0x40, 00, 0x41, 00, 0x21, 00, 0x01, 00, 0x21,
  00, 0x01, 00, 0x21, 00, 0x40, 00, 0x20, 00, 0x41, 00, 0x41,
  00, 0x41, 00, 0x40, 00, 00, 0x18, 0xa2, 0x08, 0x81, 00, 0x20,
  00, 0x41, 00, 0x41, 00, 00, 00, 0x20, 00, 0x41, 00, 0x40,
  00, 0x41, 00, 0x40, 00, 0x41, 00, 0x41, 00, 0x41, 00, 0x41,
  00, 0x41, 00, 0x41, 00, 00, 0x18, 0xa2, 0x10, 0xc3, 0x08, 0x20,
  00, 0x41, 00, 0x41, 00, 0x41, 00, 0x41, 00, 0x41, 00, 0x41,
  00, 0x41, 00, 0x21, 00, 0x41, 00, 0x41, 00, 0x41, 00, 0x41,
  00, 0x41, 00, 0x41, 00, 0x41, 0x08, 0x61, 00, 0x41, 00, 0x21,
  00, 0x41, 00, 0x41, 00, 0x41, 00, 0x41, 00, 0x41, 00, 0x41,
  00, 0x41, 00, 0x61, 00, 0x41, 00, 0x61, 00, 0x41, 0x08, 0x61,
  0x08, 0xc3, 00, 0x61, 00, 0x82, 00, 0x81, 00, 0x82, 00, 0x81,
  00, 0x41, 00, 0x41, 00, 0x81, 0x08, 0xc2, 00, 0x82, 00, 0x81,
  00, 0x81, 00, 0x61, 00, 0x41, 00, 0x61, 00, 0x41, 00, 0x61,
  00, 0x41, 00, 0x61, 00, 0x82, 00, 0x81, 00, 0x41, 00, 0x61,
  00, 0x82, 00, 0x81, 00, 0x81, 00, 0x61, 00, 0x82, 00, 0x82,
  00, 0x81, 00, 0x61, 00, 0x82, 00, 0x81, 00, 0x82, 00, 0x61,
  00, 0x41, 00, 0x61, 00, 0x41, 00, 0x21, 00, 0x41, 00, 0x61,
  00, 0x81, 00, 0x61, 00, 0x41, 00, 0x61, 00, 0x41, 0x08, 0x61,
  00, 0x81, 00, 0x61, 00, 0x41, 00, 0x61, 00, 0x41, 0x08, 0x61,
  00, 0x41, 0x08, 0x61, 00, 0x41, 00, 0x41, 00, 0x41, 00, 0x41,
  00, 0x41, 00, 0x41, 00, 0x41, 00, 0x41, 00, 0x41, 00, 0x41,
  00, 0x41, 00, 0x41, 00, 0x41, 00, 0x41, 00, 0x41, 00, 0x41,
  00, 0x41, 00, 0x41, 00, 0x41, 00, 0x41, 00, 0x41, 00, 0x41,
  00, 0x41, 00, 0x40, 00, 0x41, 00, 0x41, 00, 0x01, 00, 0x21,
  00, 0x41, 00, 0x41, 00, 00, 00, 00, 00, 0x01, 00, 0x21,
  00, 00, 00, 00, 00, 0x01, 00, 0x21, 00, 0x01, 00, 0x21,
  00, 0x41, 00, 0x41, 00, 0x41, 00, 0x40, 00, 0x41, 00, 0x40,
  00, 00, 00, 00, 00, 0x41, 00, 0x40, 00, 0x01, 00, 0x21,
  00, 0x41, 00, 0x41, 00, 00, 0x08, 0x21, 00, 00, 0x20, 0xe3,
  0x08, 0x82, 00, 00, 00, 0x41, 00, 0x40, 00, 00, 00, 00,
  00, 0x01, 00, 0x21, 00, 00, 00, 00, 00, 00, 00, 0x20,
  00, 00, 00, 00, 00, 0x01, 00, 0x21, 00, 00, 00, 00,
  00, 0x01, 00, 00, 00, 00, 00, 00, 00, 00, 00, 0x20,
  00, 00, 00, 00, 00, 00, 00, 00, 00, 00, 00, 00,
  0x08, 0x40, 00, 0x20, 0x08, 0x40, 00, 00, 0x08, 0x40, 00, 0x20,
  0x08, 0x40, 00, 00, 0x08, 0x40, 00, 0x20, 0x08, 0x40, 00, 00,
  0x08, 0x40, 00, 00, 0x08, 0x40, 00, 00, 0x08, 0x40, 00, 00,
  0x08, 0x40, 00, 00, 0x08, 0x40, 00, 0x20, 0x08, 0x40, 00, 00,
  0x10, 0x40, 00, 00, 0x08, 0x40, 00, 0x20, 0x08, 0x40, 00, 0x20,
  0x08, 0x40, 00, 00, 0x08, 0x40, 00, 0x20, 0x08, 0x40, 00, 0x40,
  0x08, 0x40, 00, 00, 0x08, 0x40, 0x08, 0x41, 0x08, 0x40, 00, 0x20,
  0x08, 0x40, 00, 00, 0x08, 0x40, 00, 0x41, 0x08, 0x40, 00, 00,
  0x08, 0x40, 00, 00, 0x08, 0x40, 00, 0x20, 0x08, 0x40, 00, 0x20,
  0x08, 0x40, 00, 00, 0x08, 0x40, 00, 0x20, 0x08, 0x60, 00, 0x40,
  00, 0x40, 00, 0x40, 0x08, 0x40, 0x10, 0xe3, 0x21, 0x03, 00, 00,
  0x08, 0x80, 00, 0x40, 00, 0x40, 00, 0x40, 0x08, 0x61, 00, 0x41,
  0x08, 0x40, 00, 0x40, 0x08, 0x61, 00, 0x41, 0x08, 0x40, 00, 0x40,
  0x08, 0x61, 00, 0x61, 0x08, 0x81, 00, 0x41, 0x08, 0x81, 00, 0x41,
  00, 0x40, 00, 0x40, 0x08, 0x41, 00, 0x41, 0x08, 0x61, 00, 0x41,
  0x08, 0x61, 00, 0x61, 0x08, 0x61, 00, 0x61, 0x08, 0x61, 00, 0x61,
  0x08, 0x61, 00, 0x61, 0x08, 0x81, 00, 0x41, 0x08, 0x81, 00, 0x41,
  0x08, 0x81, 00, 0x61, 0x08, 0x81, 00, 0x82, 0x08, 0xc1, 00, 0xa1,
  0x08, 0x81, 00, 0x61, 0x08, 0x81, 00, 0x61, 0x08, 0x81, 00, 0x61,
  0x08, 0x81, 00, 0x61, 0x08, 0x81, 00, 0x61, 00, 0x81, 00, 0x82,
  0x08, 0x81, 00, 0x41, 0x08, 0x81, 00, 0x81, 00, 0x81, 00, 0x82,
  0x08, 0x81, 00, 0x41, 0x08, 0x81, 00, 0x81, 0x08, 0xc2, 00, 0x81,
  0x08, 0x61, 00, 0x61, 0x08, 0x61, 00, 0x41, 0x08, 0x81, 00, 0x81,
  00, 0x81, 00, 0x82, 0x08, 0x81, 00, 0x41, 0x08, 0x81, 00, 0x81,
  0x10, 0xc2, 00, 0x41, 0x08, 0x61, 00, 0x41, 0x08, 0x81, 00, 0x41,
  0x08, 0x81, 00, 0x61, 0x08, 0x61, 00, 0x41, 0x08, 0x61, 00, 0x61,
  0x08, 0x80, 00, 0x60, 0x08, 0x61, 00, 0x41, 0x08, 0x80, 00, 0x40,
  00, 0x40, 00, 0x41, 0x08, 0x40, 00, 0x40, 0x08, 0x41, 00, 0x41,
  0x08, 0x40, 00, 0x40, 0x08, 0x41, 00, 0x41, 0x08, 0x40, 00, 00,
  0x08, 0x40, 00, 0x40, 0x08, 0x40, 00, 0x20, 0x08, 0x40, 00, 0x40,
  0x08, 0x40, 00, 0x20, 0x08, 0x40, 00, 00, 0x08, 0x40, 00, 0x20,
  0x08, 0x40, 00, 00, 0x08, 0x40, 00, 0x20, 0x08, 0x40, 00, 00,
  0x08, 0x40, 00, 00, 0x08, 0x40, 00, 0x40, 0x08, 0x40, 00, 00,
  0x08, 0x40, 00, 00, 0x08, 0x40, 00, 00, 0x08, 0x40, 00, 00,
  0x08, 0x40, 00, 00, 0x08, 0x40, 00, 00, 0x08, 0x40, 0x08, 0xa2,
  0x10, 0x81, 00, 00, 0x08, 0x40, 00, 00, 0x08, 0x40, 00, 00,
  0x08, 0x40, 00, 00, 0x08, 0x40, 00, 00, 0x08, 0x40, 00, 00,
  0x08, 0x40, 00, 00, 0x08, 0x40, 00, 00, 0x08, 0x40, 00, 00,
  0x08, 0x40, 00, 00, 0x08, 0x40, 00, 0x20, 0x08, 0x40, 00, 00,
  0x08, 0x40, 00, 00, 0x08, 0x40, 00, 00, 0x08, 00, 00, 00,
  00, 0x01, 00, 0x21, 00, 0x01, 00, 0x21, 00, 0x01, 00, 00,
  00, 0x01, 00, 0x21, 00, 0x01, 00, 0x21, 00, 0x41, 00, 00,
  00, 0x01, 00, 0x21, 00, 0x41, 00, 0x41, 00, 0x41, 00, 0x40,
  00, 0x41, 00, 0x41, 00, 0x41, 00, 0x40, 00, 0x41, 00, 0x40,
  00, 0x01, 00, 0x21, 00, 0x01, 00, 0x21, 00, 0x41, 00, 0x40,
  00, 0x41, 00, 0x41, 00, 0x41, 00, 0x41, 00, 0x41, 00, 0x41,
  00, 0x41, 00, 0x20, 0x18, 0xc2, 0x41, 0xc6, 00, 00, 0x08, 0x21,
  00, 0x41, 00, 0x41, 00, 0x41, 00, 0x40, 00, 0x41, 00, 0x40,
  00, 0x41, 00, 0x41, 00, 0x41, 00, 0x41, 00, 0x01, 00, 0x21,
  00, 0x41, 00, 0x40, 00, 0x41, 00, 0x40, 00, 0x41, 00, 0x41,
  00, 0x41, 00, 0x41, 00, 0x41, 00, 0x41, 00, 00, 0x08, 0x21,
  00, 0x41, 00, 0x41, 00, 0x41, 00, 0x41, 00, 0x41, 00, 0x41,
  00, 0x41, 00, 0x41, 00, 0x41, 00, 0x41, 00, 0x41, 00, 0x41,
  00, 0x41, 00, 0x41, 00, 0x41, 00, 0x41, 00, 0x41, 0x08, 0x61,
  00, 0x41, 00, 0x41, 00, 0x41, 00, 0x41, 00, 0x41, 0x08, 0x61,
  00, 0x41, 00, 0x41, 00, 0x41, 00, 0x61, 00, 0x81, 00, 0x61,
  00, 0x81, 00, 0x61, 00, 0x81, 00, 0x61, 00, 0x41, 00, 0x61,
  00, 0x41, 00, 0x61, 00, 0x81, 00, 0x61, 00, 0x82, 00, 0x81,
  00, 0x41, 00, 0x61, 00, 0x81, 00, 0x61, 00, 0x41, 00, 0x61,
  00, 0x81, 00, 0x61, 00, 0x81, 00, 0x61, 00, 0x82, 00, 0x81,
  00, 0x82, 00, 0x82, 00, 0x82, 00, 0x81, 00, 0x82, 00, 0x82,
  00, 0x81, 00, 0x61, 00, 0x82, 00, 0x81, 00, 0x82, 00, 0x62,
  00, 0x81, 00, 0x61, 00, 0x41, 00, 0x61, 00, 0x81, 00, 0x61,
  00, 0x81, 00, 0x61, 00, 0x41, 0x08, 0x61, 00, 0x81, 0x08, 0xa1,
  0x11, 0x03, 00, 0x60, 0x08, 0x82, 0x08, 0x61, 00, 0x41, 00, 0x61,
  00, 0x41, 00, 0x61, 00, 0x41, 00, 0x41, 00, 0x41, 00, 0x61,
  00, 0x41, 0x08, 0x61, 00, 0x41, 0x08, 0x61, 00, 0x41, 00, 0x41,
  00, 0x41, 00, 0x41, 00, 0x41, 00, 0x41, 00, 0x41, 00, 0x41,
  00, 0x41, 00, 0x41, 00, 0x41, 00, 0x41, 00, 0x41, 00, 0x40,
  00, 0x41, 00, 0x41, 00, 0x41, 00, 0x41, 00, 0x41, 00, 0x41,
  00, 0x41, 00, 0x41, 00, 0x41, 00, 0x41, 00, 0x01, 00, 00,
  00, 0x01, 00, 0x21, 00, 0x01, 00, 0x21, 00, 0x41, 00, 0x40,
  00, 0x01, 00, 0x21, 00, 0x41, 00, 0x41, 00, 0x41, 00, 0x40,
  00, 0x40, 00, 0x20, 00, 00, 0x08, 0x21, 00, 0x41, 00, 0x21,
  00, 0x41, 00, 0x40, 00, 0x41, 00, 0x41, 00, 0x41, 00, 00,
  00, 0x01, 00, 0x21, 00, 0x01, 00, 0x21, 00, 0x01, 00, 0x21,
  00, 0x01, 00, 0x21, 00, 00, 0x08, 0x20, 00, 00, 00, 0x20,
  00, 00, 0x08, 0x21, 00, 0x01, 00, 0x21, 00, 00, 00, 0x20,
  00, 00, 00, 00, 00, 00, 0x08, 0x21, 00, 00, 0x08, 0x20,
  00, 00, 00, 00, 00, 00, 00, 00, 00, 00, 00, 00,
  0x08, 0x40, 00, 00, 0x08, 0x20, 00, 00, 0x08, 0x40, 00, 0x20,
  0x08, 0x40, 00, 0x20, 0x08, 0x40, 00, 00, 0x08, 00, 0x31, 0x64,
  0x5a, 0x48, 0x08, 00, 0x08, 0x40, 00, 00, 0x08, 0x40, 00, 00,
  0x08, 0x40, 00, 0x20, 0x08, 0x20, 0x08, 0x41, 0x08, 0x40, 00, 00,
  0x08, 0x40, 00, 00, 0x08, 0x40, 00, 0x20, 0x08, 0x40, 00, 0x40,
  0x08, 0x40, 00, 0x20, 00, 0x40, 00, 0x40, 0x08, 0x40, 00, 0x20,
  0x08, 0x40, 00, 0x40, 00, 0x40, 00, 0x40, 0x08, 0x61, 00, 0x41,
  0x08, 0x40, 00, 0x20, 0x08, 0x40, 00, 0x40, 0x08, 0x40, 00, 00,
  0x08, 0x40, 00, 0x20, 0x08, 0x40, 00, 0x20, 0x08, 0x40, 00, 00,
  0x08, 0x40, 00, 0x20, 0x08, 0x40, 00, 0x40, 0x08, 0x40, 00, 0x20,
  0x08, 0x40, 00, 0x40, 00, 0x40, 00, 0x41, 0x08, 0x80, 00, 0x40,
  0x08, 0x80, 00, 0x40, 0x08, 0x61, 00, 0x41, 00, 0x40, 00, 0x40,
  00, 0x40, 00, 0x41, 00, 0x40, 00, 0x40, 0x08, 0x61, 00, 0x41,
  0x08, 0x80, 00, 0x60, 0x08, 0x81, 00, 0x61, 0x08, 0x61, 00, 0x61,
  0x08, 0x81, 00, 0x61, 0x08, 0x61, 00, 0x61, 0x08, 0x61, 00, 0x61,
  0x08, 0x61, 00, 0x41, 0x08, 0x81, 00, 0x61, 0x08, 0x61, 00, 0x61,
  0x08, 0x81, 00, 0x41, 0x08, 0x81, 00, 0x41, 0x10, 0xc2, 0x08, 0x81,
  0x08, 0x61, 00, 0x61, 0x08, 0x81, 00, 0x61, 0x08, 0x81, 00, 0x61,
  0x08, 0x81, 00, 0x41, 00, 0x81, 00, 0x82, 0x08, 0xc1, 00, 0xa1,
  0x08, 0x61, 00, 0x61, 0x08, 0x81, 00, 0x81, 00, 0x81, 00, 0x82,
  0x08, 0xc1, 00, 0xa1, 00, 0x81, 00, 0x82, 0x08, 0xc1, 00, 0xa1,
  0x08, 0x81, 00, 0x61, 0x08, 0x81, 00, 0x81, 0x08, 0x81, 00, 0x41,
  0x08, 0x81, 00, 0x41, 0x08, 0x61, 00, 0x61, 0x08, 0x81, 00, 0x41,
  0x08, 0x81, 00, 0x61, 0x08, 0x81, 00, 0x61, 0x10, 0x60, 0x20, 0xe2,
  0x39, 0xa4, 0x18, 0xc1, 0x08, 0x81, 00, 0x41, 0x08, 0x81, 00, 0x41,
  0x08, 0x61, 00, 0x61, 0x08, 0x81, 00, 0x61, 0x08, 0x61, 00, 0x61,
  0x08, 0x81, 00, 0x41, 0x08, 0x61, 00, 0x61, 0x08, 0x61, 00, 0x41,
  0x08, 0x40, 00, 0x40, 0x08, 0x61, 00, 0x41, 00, 0x40, 00, 0x40,
  0x08, 0x41, 00, 0x41, 0x08, 0x40, 00, 00, 0x08, 0x40, 00, 0x41,
  0x08, 0x40, 00, 0x20, 0x08, 0x40, 00, 0x40, 0x08, 0x40, 00, 0x20,
  0x08, 0x40, 00, 0x40, 0x08, 0x40, 00, 0x20, 0x08, 0x40, 00, 00,
  0x08, 0x40, 00, 00, 0x08, 0x40, 00, 0x20, 0x08, 0x40, 00, 0x20,
  0x08, 0x40, 00, 00, 0x08, 0x40, 00, 00, 0x08, 0x40, 00, 00,
  0x08, 0x40, 00, 0x20, 0x08, 0x40, 00, 00, 0x08, 0x40, 00, 00,
  0x08, 0x40, 00, 0x40, 0x08, 0x40, 00, 0x20, 0x08, 0x40, 00, 00,
  0x08, 0x40, 00, 00, 0x08, 0x40, 00, 0x41, 0x08, 0x40, 00, 00,
  0x08, 0x40, 00, 00, 0x08, 0x40, 00, 0x20, 0x08, 0x40, 00, 0x61,
  0x08, 0x40, 00, 00, 0x08, 0x40, 00, 00, 0x08, 0x40, 00, 0x20,
  0x08, 0x40, 00, 00, 0x08, 0x40, 00, 00, 0x08, 0x40, 00, 00,
  00, 00, 00, 00, 0x08, 0x40, 00, 00, 0x08, 0x40, 00, 0x20,
  00, 00, 00, 00, 00, 00, 0x08, 0x21, 00, 0x01, 00, 0x21,
  00, 00, 00, 0x20, 00, 0x41, 00, 0x40, 00, 00, 0x31, 0x44,
  0x52, 0x68, 0x10, 0x20, 00, 0x41, 00, 0x21, 00, 0x41, 00, 0x41,
  00, 0x01, 00, 0x21, 00, 0x40, 0x08, 0x81, 00, 0x40, 00, 0x20,
  00, 0x41, 00, 0x40, 00, 0x01, 00, 0x21, 00, 0x41, 00, 0x41,
  00, 0x41, 00, 0x40, 00, 0x41, 00, 0x41, 00, 0x41, 00, 0x40,
  00, 0x41, 0x08, 0x41, 00, 0x41, 00, 0x40, 00, 0x41, 00, 0x41,
  00, 0x41, 00, 0x40, 00, 0x41, 00, 0x41, 0x08, 0x81, 0x10, 0x61,
  00, 0x41, 00, 0x40, 00, 0x41, 00, 0x40, 00, 0x41, 00, 0x41,
  00, 0x41, 00, 0x40, 00, 0x41, 00, 0x21, 00, 0x41, 00, 0x41,
  00, 0x41, 00, 0x41, 00, 0x41, 00, 0x41, 00, 0x41, 00, 0x41,
  00, 0x41, 00, 0x41, 00, 0x41, 00, 0x41, 00, 0x41, 00, 0x41,
  00, 0x41, 00, 0x61, 00, 0x41, 00, 0x41, 00, 0x41, 00, 0x61,
  00, 0x41, 00, 0x41, 00, 0x81, 00, 0x81, 00, 0x41, 00, 0x41,
  00, 0x41, 00, 0x61, 00, 0x41, 00, 0x41, 00, 0x41, 00, 0x61,
  00, 0x41, 00, 0x61, 00, 0x41, 00, 0x61, 00, 0x41, 00, 0x41,
  00, 0x42, 00, 0x62, 00, 0x82, 00, 0x40, 0x19, 0x03, 0x10, 0xa2,
  00, 0x41, 00, 0x61, 00, 0x81, 00, 0x61, 00, 0x41, 00, 0x61,
  00, 0x82, 00, 0x81, 00, 0x81, 00, 0x61, 00, 0x82, 00, 0x82,
  00, 0x41, 00, 0x61, 00, 0x82, 00, 0x82, 00, 0x81, 00, 0x61,
  00, 0x82, 00, 0x82, 00, 0x81, 00, 0x61, 00, 0x81, 0x08, 0xa2,
  00, 0x81, 00, 0x61, 00, 0x82, 00, 0x81, 00, 0x81, 00, 0x61,
  00, 0x81, 00, 0x61, 00, 0x82, 00, 0x81, 00, 0x82, 00, 0x81,
  00, 0x81, 00, 0x81, 0x08, 0x81, 0x10, 0xc2, 0x18, 0x80, 0x83, 0x6b,
  0xcd, 0xd5, 0x41, 0x22, 0x08, 0xc2, 0x08, 0xa1, 00, 0x81, 0x08, 0x61,
  00, 0x41, 00, 0x61, 00, 0x81, 00, 0x61, 00, 0x41, 00, 0x41,
  00, 0x41, 00, 0x41, 00, 0x41, 00, 0x41, 00, 0x41, 00, 0x21,
  00, 0x41, 00, 0x41, 00, 0x41, 00, 0x41, 00, 0x41, 00, 0x41,
  00, 0x41, 00, 0x41, 00, 0x41, 00, 0x21, 00, 0x41, 00, 0x41,
  00, 0x41, 00, 0x41, 00, 0x41, 00, 0x41, 00, 0x41, 00, 0x41,
  00, 0x41, 00, 0x41, 00, 0x41, 00, 0x40, 00, 0x41, 00, 0x41,
  00, 00, 00, 0x20, 00, 0x01, 00, 0x21, 00, 0x01, 00, 0x21,
  00, 0x01, 00, 0x21, 00, 0x01, 00, 0x21, 00, 0x41, 00, 0x41,
  00, 00, 00, 0x20, 00, 0x41, 00, 0x40, 00, 0x01, 00, 0x21,
  00, 0x41, 00, 0x41, 00, 0x41, 00, 0x40, 00, 0x41, 00, 0x41,
  00, 0x01, 00, 0x21, 00, 0x41, 00, 0x41, 00, 0x41, 00, 0x40,
  00, 0x41, 00, 0x41, 00, 0x01, 00, 0x21, 00, 00, 0x08, 0x21,
  00, 0x41, 00, 00, 00, 00, 0x08, 0x21, 00, 00, 00, 00,
  00, 0x01, 00, 0x21, 00, 00, 00, 00, 00, 00, 00, 0x20,
  00, 00, 00, 00, 00, 00, 00, 00, 00, 00, 00, 00,
  0x08, 0x20, 00, 0x20, 0x08, 0x40, 00, 0x20, 0x08, 0x40, 00, 0x20,
  0x08, 0x40, 00, 00, 0x08, 0x40, 00, 0x20, 0x08, 0x40, 00, 00,
  00, 00, 00, 00, 0x08, 0x40, 00, 00, 0x08, 0x40, 00, 0x20,
  0x08, 0x40, 00, 0x20, 0x08, 0x40, 00, 00, 0x08, 0x40, 00, 00,
  0x08, 0x40, 00, 0x20, 0x08, 0x40, 00, 0x20, 00, 0x40, 00, 0x40,
  0x08, 0x40, 00, 0x40, 00, 0x40, 00, 0x40, 0x08, 0x40, 00, 00,
  00, 0x40, 00, 0x40, 0x08, 0x41, 00, 0x41, 00, 0x40, 00, 0x40,
  0x08, 0x40, 00, 0x40, 0x08, 0x40, 00, 0x20, 00, 0x40, 00, 0x40,
  00, 0x40, 00, 0x40, 00, 0x40, 00, 0x40, 00, 0x40, 00, 0x40,
  0x08, 0x41, 00, 0x41, 0x08, 0x80, 00, 0x60, 00, 0x40, 00, 0x41,
  00, 0x40, 00, 0x40, 0x08, 0x80, 00, 0x60, 00, 0x40, 00, 0x40,
  0x08, 0x61, 00, 0x41, 00, 0x40, 00, 0x41, 0x08, 0x81, 00, 0x61,
  0x08, 0x61, 00, 0x61, 0x08, 0x81, 00, 0x41, 0x08, 0x61, 00, 0x61,
  0x08, 0x81, 00, 0x41, 0x08, 0x81, 00, 0x41, 0x08, 0x81, 00, 0x61,
  0x08, 0x81, 00, 0x61, 0x08, 0x81, 00, 0x41, 0x08, 0x61, 00, 0x41,
  0x08, 0x81, 00, 0x41, 0x08, 0x81, 00, 0x61, 0x08, 0x61, 00, 0x61,
  0x08, 0x61, 00, 0x61, 0x08, 0x81, 00, 0x41, 0x08, 0x61, 00, 0x61,
  0x08, 0x81, 00, 0x81, 0x08, 0x81, 00, 0x41, 0x08, 0x81, 00, 0x61,
  0x08, 0xa1, 00, 0x60, 00, 0x81, 00, 0x81, 0x08, 0x81, 00, 0x61,
  0x08, 0x81, 00, 0x61, 0x08, 0xc1, 00, 0xa1, 0x08, 0x81, 00, 0x81,
  00, 0x81, 00, 0x82, 00, 0x81, 00, 0x82, 00, 0x81, 00, 0x82,
  0x08, 0xa2, 00, 0x61, 00, 0x81, 00, 0x82, 0x08, 0x81, 00, 0x61,
  0x08, 0x81, 00, 0x41, 0x08, 0x81, 00, 0x81, 0x08, 0x81, 00, 0x41,
  0x08, 0x81, 00, 0x81, 0x10, 0xc1, 00, 0xa1, 0x18, 0x80, 0x5a, 0xc8,
  0xac, 0x6e, 0x31, 0x01, 0x08, 0xc1, 00, 0x81, 0x08, 0x81, 00, 0x41,
  0x08, 0x81, 00, 0x41, 0x08, 0x61, 00, 0x41, 0x08, 0x81, 00, 0x41,
  0x08, 0x61, 00, 0x61, 0x08, 0x61, 00, 0x61, 0x08, 0x61, 00, 0x41,
  0x08, 0x81, 00, 0x41, 0x08, 0x61, 00, 0x61, 0x08, 0x61, 00, 0x41,
  00, 0x40, 00, 0x41, 00, 0x40, 00, 0x40, 0x08, 0x40, 00, 0x20,
  0x08, 0x40, 00, 0x40, 00, 0x40, 00, 0x41, 0x08, 0x40, 00, 0x20,
  0x08, 0x40, 00, 00, 0x08, 0x40, 00, 00, 0x08, 0x40, 00, 00,
  0x08, 0x40, 00, 0x20, 0x08, 0x40, 00, 00, 0x08, 0x20, 00, 00,
  0x08, 0x40, 00, 0x20, 0x08, 0x40, 00, 0x20, 0x08, 0x40, 00, 0x20,
  0x08, 0x40, 00, 0x20, 0x08, 0x40, 00, 00, 0x08, 0x40, 00, 00,
  0x08, 0x40, 00, 00, 0x08, 0x40, 00, 00, 0x08, 0x40, 00, 0x20,
  0x08, 0x40, 00, 00, 0x08, 0x40, 00, 0x20, 0x08, 0x40, 00, 0x20,
  0x08, 0x40, 00, 00, 0x08, 0x40, 00, 00, 0x08, 0x20, 00, 0x20,
  0x08, 0x40, 00, 00, 0x08, 0x40, 00, 00, 0x08, 0x40, 00, 00,
  0x08, 0x40, 00, 0x20, 0x08, 0x40, 00, 00, 0x08, 0x20, 00, 0x20,
  0x08, 0x40, 00, 00, 0x08, 0x40, 00, 0x20, 0x08, 00, 00, 00,
  00, 00, 00, 00, 00, 0x01, 00, 0x21, 00, 0x01, 00, 0x21,
  00, 0x41, 00, 0x40, 00, 0x01, 00, 0x21, 00, 00, 0x08, 0x21,
  00, 0x41, 00, 0x40, 00, 0x01, 00, 0x21, 00, 0x41, 00, 0x41,
  00, 0x41, 00, 0x40, 00, 0x41, 00, 0x40, 00, 0x41, 00, 0x40,
  00, 00, 0x08, 0x21, 00, 0x41, 00, 0x40, 00, 0x41, 00, 0x41,
  00, 0x41, 00, 0x41, 00, 0x41, 00, 0x41, 00, 0x41, 00, 0x41,
  00, 0x41, 00, 0x21, 00, 0x41, 0x08, 0x41, 00, 0x41, 00, 0x41,
  00, 0x41, 00, 0x41, 00, 0x41, 00, 0x41, 00, 0x41, 00, 0x41,
  00, 0x41, 00, 0x41, 00, 0x41, 00, 0x41, 00, 0x41, 00, 0x41,
  00, 0x41, 00, 0x41, 00, 0x41, 00, 0x41, 00, 0x41, 00, 0x41,
  00, 0x41, 00, 0x41, 00, 0x41, 00, 0x41, 00, 0x41, 00, 0x40,
  00, 0x41, 00, 0x61, 00, 0x41, 00, 0x41, 00, 0x41, 00, 0x41,
  0x08, 0x82, 0x08, 0x61, 00, 0x81, 00, 0x61, 00, 0x41, 00, 0x61,
  00, 0x41, 00, 0x41, 00, 0x41, 0x08, 0x61, 00, 0x41, 0x08, 0x82,
  00, 0x81, 00, 0x61, 00, 0x41, 00, 0x61, 00, 0x81, 00, 0x61,
  00, 0x41, 00, 0x61, 00, 0x82, 00, 0x40, 00, 0x41, 00, 0x41,
  00, 0x41, 00, 0x61, 00, 0x82, 00, 0x61, 00, 0x82, 00, 0x81,
  00, 0x82, 00, 0x81, 00, 0x81, 00, 0x61, 00, 0x41, 0x08, 0x62,
  00, 0x40, 0x29, 0x65, 0x11, 0x04, 00, 0x61, 00, 0x82, 00, 0x81,
  00, 0x82, 00, 0x81, 00, 0x82, 00, 0x82, 00, 0x82, 00, 0x81,
  00, 0x82, 00, 0x81, 00, 0x81, 0x08, 0xc2, 00, 0x82, 00, 0x81,
  00, 0x82, 00, 0x81, 00, 0x82, 00, 0x81, 00, 0x81, 00, 0x61,
  00, 0x82, 00, 0x81, 00, 0x82, 00, 0x82, 00, 0x81, 00, 0x61,
  00, 0x82, 00, 0x82, 00, 0x82, 00, 0x81, 0x08, 0xc2, 0x10, 0xc2,
  0x21, 0x03, 0x10, 0x61, 00, 0x82, 00, 0x61, 00, 0x41, 00, 0x61,
  00, 0x81, 00, 0x61, 00, 0x41, 00, 0x61, 00, 0x81, 00, 0x61,
  00, 0x41, 00, 0x41, 00, 0x41, 00, 0x41, 00, 0x41, 00, 0x61,
  00, 0x41, 00, 0x61, 00, 0x41, 00, 0x41, 00, 0x41, 00, 0x21,
  00, 0x41, 00, 0x41, 00, 0x41, 00, 0x41, 00, 0x41, 00, 0x41,
  00, 0x41, 00, 0x41, 00, 0x41, 00, 0x20, 0x10, 0xc2, 0x29, 0x44,
  00, 0x01, 00, 0x21, 00, 0x41, 00, 0x41, 00, 0x01, 00, 0x21,
  00, 0x01, 00, 0x21, 00, 0x41, 00, 0x41, 00, 0x41, 00, 0x41,
  00, 0x01, 00, 0x21, 00, 0x41, 00, 0x41, 00, 0x01, 00, 0x21,
  00, 0x01, 00, 0x21, 00, 0x01, 00, 0x21, 00, 0x41, 00, 0x40,
  00, 0x41, 00, 0x40, 00, 0x41, 00, 0x41, 00, 0x41, 00, 0x40,
  00, 0x41, 00, 0x41, 00, 0x41, 00, 0x40, 00, 0x01, 00, 0x21,
  00, 0x01, 00, 0x21, 00, 0x01, 00, 0x21, 00, 0x01, 00, 0x21,
  00, 0x01, 00, 0x21, 00, 0x01, 00, 00, 00, 00, 00, 0x20,
  00, 00, 00, 00, 00, 00, 00, 00, 00, 00, 0x08, 0x21,
  00, 00, 00, 00, 00, 00, 00, 00, 00, 00, 00, 00,
  0x08, 0x40, 00, 00, 0x08, 0x40, 00, 0x20, 0x08, 0x40, 00, 00,
  0x08, 0x40, 00, 0x20, 0x08, 0x40, 00, 00, 0x08, 0x40, 00, 0x20,
  0x08, 0x40, 00, 00, 0x08, 0x40, 00, 0x20, 0x08, 0x40, 00, 00,
  0x08, 0x40, 00, 0x20, 0x08, 0x40, 00, 0x41, 0x08, 0x40, 00, 00,
  0x08, 0x40, 00, 0x40, 0x08, 0x40, 00, 00, 0x08, 0x40, 00, 0x40,
  0x08, 0x20, 00, 0x20, 0x10, 0x61, 00, 0x20, 0x08, 0x40, 00, 0x20,
  0x08, 0x40, 00, 0x40, 0x08, 0x40, 00, 0x20, 0x08, 0x41, 00, 0x41,
  0x08, 0x40, 00, 0x20, 0x08, 0x40, 00, 0x40, 0x08, 0x20, 0x08, 0x61,
  0x08, 0x61, 00, 0x41, 00, 0x40, 00, 0x40, 0x08, 0x61, 00, 0x41,
  0x08, 0x40, 00, 0x20, 0x08, 0x81, 00, 0x41, 00, 0x40, 00, 0x40,
  0x08, 0x80, 00, 0x40, 00, 0x40, 00, 0x40, 0x08, 0x61, 00, 0x41,
  0x08, 0x61, 00, 0x61, 0x08, 0x81, 00, 0x61, 0x08, 0x61, 00, 0x61,
  0x10, 0x82, 00, 0x41, 0x08, 0x61, 00, 0x41, 0x08, 0x81, 00, 0x41,
  0x08, 0x81, 00, 0x41, 0x08, 0x81, 00, 0x41, 0x08, 0x61, 00, 0x61,
  0x08, 0x60, 0x10, 0xe2, 0x29, 0x84, 00, 0x40, 0x08, 0x81, 00, 0x41,
  0x08, 0x81, 00, 0x61, 0x08, 0x81, 00, 0x41, 0x08, 0x61, 00, 0x61,
  0x08, 0x81, 00, 0x41, 0x08, 0x81, 00, 0x61, 00, 0x81, 00, 0x82,
  0x08, 0x81, 00, 0x41, 0x08, 0x81, 00, 0x61, 00, 0x81, 00, 0x82,
  0x08, 0x60, 0x19, 0x23, 0x18, 0xe3, 00, 0x41, 0x08, 0x81, 00, 0x81,
  0x08, 0x81, 00, 0x61, 00, 0x81, 00, 0x82, 00, 0x81, 00, 0x82,
  0x08, 0x81, 00, 0x81, 0x08, 0xc1, 00, 0xa1, 0x08, 0xc1, 00, 0xa1,
  0x08, 0x81, 00, 0x61, 0x08, 0xa2, 00, 0x61, 0x08, 0x81, 00, 0x61,
  0x08, 0xc1, 00, 0xa1, 0x08, 0xc1, 00, 0xa1, 0x08, 0x81, 00, 0x81,
  00, 0x81, 00, 0x82, 0x08, 0x81, 00, 0x81, 0x08, 0x81, 00, 0x81,
  0x18, 0xe3, 00, 0x41, 0x08, 0x81, 00, 0x41, 0x08, 0x81, 00, 0x41,
  0x08, 0x61, 00, 0x61, 0x08, 0x81, 00, 0x81, 0x08, 0x81, 00, 0x61,
  0x08, 0x81, 00, 0x41, 0x08, 0x61, 00, 0x61, 0x08, 0x81, 00, 0x41,
  0x08, 0x81, 00, 0x41, 0x08, 0x81, 00, 0x41, 0x08, 0x61, 00, 0x61,
  0x08, 0x61, 00, 0x41, 00, 0x40, 00, 0x40, 0x08, 0x40, 00, 0x40,
  0x08, 0x40, 00, 0x20, 0x08, 0x40, 00, 00, 0x18, 0xa2, 0x18, 0xe3,
  00, 0x40, 00, 0x40, 0x08, 0x40, 00, 0x20, 0x08, 0x40, 00, 00,
  0x08, 0x40, 00, 0x20, 0x08, 0x40, 00, 00, 0x08, 0x40, 00, 0x20,
  0x08, 0x40, 00, 00, 0x08, 0x40, 00, 0x20, 0x08, 0x40, 00, 00,
  0x08, 0x40, 00, 00, 0x08, 0x40, 00, 0x20, 0x08, 0x40, 00, 0x20,
  0x08, 0x40, 00, 0x20, 0x08, 0x40, 00, 0x20, 0x08, 0x40, 00, 0x40,
  0x08, 0x40, 00, 0x20, 0x08, 0x40, 00, 00, 0x08, 0x40, 00, 0x20,
  0x08, 0x40, 00, 00, 0x08, 0x40, 00, 0x20, 0x08, 0x40, 00, 00,
  0x08, 0x40, 00, 0x20, 0x08, 0x40, 00, 00, 0x08, 0x40, 00, 0x20,
  0x08, 0x40, 00, 00, 0x08, 0x40, 00, 0x20, 0x08, 0x40, 0x08, 0x41,
  0x08, 0x40, 00, 00, 0x08, 0x40, 00, 00, 00, 00, 00, 00,
  00, 0x01, 00, 0x21, 00, 0x01, 00, 0x21, 00, 0x41, 00, 0x41,
  00, 0x41, 00, 0x40, 00, 0x41, 00, 0x41, 00, 0x01, 00, 0x21,
  00, 0x41, 00, 0x41, 00, 0x01, 00, 0x21, 00, 0x41, 00, 0x41,
  00, 0x01, 00, 0x21, 00, 0x41, 0x08, 0x41, 00, 0x01, 00, 0x21,
  00, 0x41, 00, 0x41, 00, 0x01, 00, 0x21, 00, 0x41, 00, 0x41,
  00, 0x41, 00, 0x40, 00, 0x41, 00, 0x41, 00, 0x41, 00, 0x40,
  00, 0x41, 00, 0x41, 00, 0x41, 00, 0x40, 00, 0x41, 00, 0x41,
  00, 0x41, 00, 0x41, 00, 0x41, 00, 0x41, 00, 0x41, 0x08, 0x41,
  00, 0x41, 00, 0x21, 00, 0x41, 00, 0x41, 00, 0x41, 00, 0x41,
  00, 0x41, 00, 0x41, 00, 0x41, 00, 0x41, 00, 0x41, 00, 0x40,
  00, 0x41, 00, 0x41, 00, 0x41, 00, 0x41, 00, 0x41, 00, 0x41,
  00, 0x41, 0x08, 0x61, 00, 0x41, 0x08, 0x61, 00, 0x41, 00, 0x41,
  00, 0x41, 0x08, 0x62, 00, 0x41, 00, 0x61, 00, 0x41, 00, 0x61,
  00, 0x81, 00, 0x61, 00, 0x82, 00, 0x81, 00, 0x81, 00, 0x61,
  00, 0x81, 0x10, 0xc2, 0x19, 0x44, 00, 0x60, 00, 0x82, 00, 0x61,
  00, 0x41, 00, 0x61, 00, 0x81, 00, 0x61, 00, 0x41, 00, 0x41,
  00, 0x41, 00, 0x61, 00, 0x41, 00, 0x61, 00, 0x82, 00, 0x81,
  00, 0x81, 00, 0x61, 00, 0x82, 00, 0x81, 00, 0x81, 00, 0xa2,
  00, 0x81, 00, 0x61, 00, 0x41, 00, 0x61, 00, 0x82, 00, 0x81,
  00, 0x82, 00, 0x81, 00, 0x82, 00, 0x81, 00, 0x82, 00, 0x81,
  00, 0x82, 00, 0x82, 00, 0x82, 00, 0x81, 00, 0x82, 00, 0xa2,
  00, 0x82, 00, 0x82, 00, 0x82, 00, 0x82, 00, 0x82, 00, 0x81,
  00, 0x82, 00, 0x82, 00, 0x81, 00, 0x61, 00, 0x82, 00, 0x81,
  00, 0x82, 00, 0x81, 00, 0x81, 00, 0x61, 00, 0x41, 0x08, 0x61,
  0x08, 0xc3, 00, 0x61, 00, 0x81, 00, 0x81, 00, 0x81, 00, 0x61,
  00, 0x41, 00, 0x61, 00, 0x81, 0x08, 0xc2, 00, 0x82, 00, 0x61,
  00, 0x41, 00, 0x61, 00, 0x41, 00, 0x41, 00, 0x81, 00, 0x81,
  00, 0x82, 00, 0x40, 00, 0x41, 00, 0x61, 00, 0x41, 00, 0x41,
  00, 0x41, 00, 0x41, 00, 0x41, 00, 0x41, 00, 0x41, 00, 0x41,
  00, 0x41, 00, 0x40, 00, 0x41, 00, 0x41, 00, 0x41, 00, 00,
  00, 0x41, 00, 0x41, 00, 0x41, 00, 0x41, 00, 0x41, 00, 0x41,
  00, 0x01, 00, 0x21, 00, 0x41, 00, 0x41, 00, 0x41, 00, 0x40,
  00, 0x41, 00, 0x41, 00, 0x41, 0x08, 0x40, 00, 0x41, 00, 0x40,
  00, 0x01, 00, 0x21, 00, 0x41, 00, 0x41, 00, 0x41, 00, 0x40,
  00, 0x41, 00, 0x41, 00, 0x41, 00, 0x40, 00, 0x41, 00, 0x41,
  00, 0x01, 00, 0x21, 00, 0x41, 00, 0x41, 00, 0x41, 00, 0x40,
  00, 0x41, 00, 0x41, 00, 0x01, 00, 0x21, 00, 0x41, 00, 0x41,
  00, 00, 00, 00, 00, 0x01, 00, 0x21, 00, 00, 0x08, 0x21,
  00, 00, 00, 00, 00, 00, 0x08, 0x21, 00, 0x01, 00, 00,
  00, 00, 00, 00, 00, 00, 00, 00, 00, 00, 00, 00,
  0x08, 0x40, 00, 00, 0x08, 0x40, 00, 00, 0x08, 0x40, 00, 0x20,
  0x08, 0x40, 00, 00, 0x08, 0x40, 00, 0x20, 0x08, 0x40, 00, 00,
  0x08, 0x40, 00, 00, 0x08, 0x40, 00, 00, 0x08, 0x40, 00, 00,
  0x08, 0x40, 00, 00, 0x08, 0x40, 0x08, 0x82, 0x08, 0x40, 00, 0x20,
  0x08, 0x40, 00, 00, 0x08, 0x40, 00, 00, 0x08, 0x40, 00, 0x40,
  0x08, 0x40, 00, 0x20, 0x08, 0x40, 00, 00, 00, 0x40, 00, 0x40,
  0x08, 0x40, 00, 0x40, 00, 0x40, 00, 0x40, 00, 0x40, 00, 0x40,
  0x08, 0x41, 00, 0x41, 00, 0x40, 00, 0x40, 00, 0x40, 00, 0x41,
  0x08, 0x61, 00, 0x41, 0x08, 0x61, 00, 0x61, 0x08, 0x61, 00, 0x41,
  0x08, 0x80, 00, 0x40, 0x18, 0xc2, 0x08, 0x61, 00, 0x40, 00, 0x40,
  0x08, 0x61, 00, 0x41, 0x08, 0x61, 00, 0x61, 0x08, 0x61, 00, 0x61,
  0x08, 0x61, 00, 0x61, 0x08, 0x61, 00, 0x61, 0x08, 0x81, 00, 0x41,
  0x08, 0x81, 00, 0x41, 0x08, 0x81, 00, 0x81, 0x08, 0x61, 00, 0x61,
  00, 0x81, 00, 0x82, 0x08, 0x81, 00, 0x81, 00, 0x81, 00, 0x82,
  0x08, 0x81, 00, 0x41, 00, 0x81, 00, 0x81, 0x08, 0x81, 00, 0x41,
  0x08, 0x81, 00, 0x61, 0x08, 0x61, 00, 0x41, 0x08, 0x81, 00, 0x61,
  0x08, 0x61, 00, 0x61, 0x08, 0x81, 00, 0x41, 0x08, 0x81, 00, 0x61,
  0x08, 0x81, 00, 0x41, 0x08, 0x81, 00, 0x61, 0x08, 0x81, 00, 0x81,
  00, 0x81, 00, 0x82, 0x08, 0x81, 00, 0x41, 00, 0x81, 00, 0x82,
  0x08, 0x81, 00, 0x81, 00, 0x81, 00, 0x82, 0x08, 0xc1, 00, 0xa1,
  0x08, 0xc1, 00, 0xa1, 0x08, 0xc1, 00, 0xa1, 0x08, 0xc1, 00, 0xa1,
  0x08, 0xc1, 00, 0xa1, 0x08, 0x81, 00, 0x81, 0x08, 0x81, 00, 0x41,
  0x08, 0x81, 00, 0x41, 0x08, 0xc1, 00, 0xa1, 0x08, 0xc1, 00, 0xa1,
  0x08, 0x81, 00, 0x81, 0x08, 0xa1, 00, 0x61, 00, 0x81, 00, 0x82,
  0x10, 0xa2, 00, 0x61, 0x08, 0x81, 00, 0x81, 0x08, 0x61, 00, 0x41,
  0x08, 0x81, 00, 0x61, 0x08, 0x81, 00, 0x61, 0x08, 0x81, 00, 0x41,
  0x08, 0x81, 00, 0x41, 0x08, 0x81, 00, 0x61, 0x08, 0x81, 00, 0x41,
  0x08, 0x81, 00, 0x61, 0x08, 0x81, 00, 0x41, 0x08, 0x61, 00, 0x41,
  0x08, 0x81, 00, 0x61, 0x08, 0x61, 00, 0x41, 00, 0x40, 00, 0x40,
  0x08, 0x80, 00, 0x40, 0x08, 0x40, 00, 0x40, 0x08, 0x61, 00, 0x41,
  0x08, 0x40, 00, 0x20, 0x08, 0x40, 00, 0x20, 0x08, 0x40, 00, 00,
  0x08, 0x40, 00, 00, 00, 0x40, 00, 0x40, 0x08, 0x40, 00, 00,
  0x08, 0x40, 00, 0x20, 0x08, 0x40, 00, 00, 0x08, 0x40, 00, 0x20,
  0x08, 0x40, 00, 0x20, 0x08, 0x40, 00, 0x20, 0x08, 0x40, 00, 0x40,
  0x08, 0x40, 00, 0x20, 0x10, 0x61, 0x08, 0x61, 0x08, 0x40, 00, 0x20,
  0x08, 0x40, 00, 00, 0x08, 0x40, 00, 00, 0x08, 0x40, 00, 0x40,
  0x08, 0x40, 00, 0x20, 0x08, 0x20, 00, 0x20, 0x08, 0x40, 00, 00,
  0x08, 0x40, 00, 00, 0x08, 0x40, 00, 0x20, 0x08, 0x40, 00, 00,
  0x08, 0x40, 00, 0x20, 0x08, 0x40, 00, 0x20, 0x08, 0x40, 00, 0x20,
  0x08, 0x40, 00, 00, 0x08, 0x40, 00, 00, 0x08, 0x40, 00, 00,
  00, 0x01, 00, 0x21, 00, 0x41, 00, 0x40, 00, 0x41, 00, 0x40,
  00, 0x01, 00, 0x21, 00, 0x41, 00, 0x40, 00, 0x41, 00, 0x40,
  00, 0x01, 00, 0x21, 00, 0x41, 00, 0x41, 00, 0x41, 00, 0x41,
  00, 0x41, 00, 0x41, 00, 0x41, 00, 00, 00, 0x01, 00, 0x21,
  00, 0x41, 00, 0x40, 00, 0x41, 00, 0x41, 00, 0x41, 00, 0x41,
  00, 0x41, 00, 0x41, 00, 0x41, 00, 0x41, 00, 0x41, 00, 0x41,
  00, 0x41, 00, 0x41, 00, 0x41, 00, 0x41, 00, 0x41, 00, 0x41,
  00, 0x41, 00, 0x41, 00, 0x41, 00, 0x41, 00, 0x41, 00, 0x41,
  00, 0x41, 00, 0x41, 00, 0x41, 00, 0x41, 00, 0x41, 0x08, 0x61,
  00, 0x41, 00, 0x41, 0x10, 0xc3, 0x10, 0x81, 00, 0x41, 00, 0x61,
  00, 0x41, 00, 0x61, 00, 0x41, 00, 0x41, 00, 0x41, 00, 0x61,
  00, 0x41, 00, 0x61, 00, 0x41, 00, 0x41, 00, 0x81, 00, 0x61,
  00, 0x41, 00, 0x61, 00, 0x41, 0x08, 0x62, 00, 0x82, 00, 0x81,
  00, 0x82, 00, 0x81, 00, 0x82, 00, 0x61, 00, 0x82, 00, 0x81,
  00, 0x81, 00, 0x61, 00, 0x82, 00, 0x81, 00, 0x81, 00, 0x61,
  00, 0x81, 00, 0x61, 00, 0x41, 00, 0x61, 00, 0x41, 00, 0x41,
  00, 0x42, 00, 0x62, 00, 0x82, 00, 0x81, 00, 0x81, 00, 0x61,
  00, 0x82, 00, 0x81, 00, 0x41, 00, 0x61, 00, 0x82, 00, 0x81,
  00, 0x82, 00, 0x81, 00, 0x81, 00, 0x61, 00, 0x82, 00, 0x81,
  00, 0x82, 00, 0x82, 00, 0x82, 00, 0x81, 00, 0x81, 00, 0xa2,
  00, 0x82, 00, 0x82, 00, 0x82, 0x08, 0xa2, 00, 0x82, 00, 0x82,
  00, 0xc2, 00, 0x81, 00, 0x82, 00, 0x82, 00, 0x82, 00, 0x81,
  00, 0x81, 00, 0x61, 00, 0x82, 00, 0x81, 00, 0x82, 00, 0x61,
  00, 0x81, 00, 0x61, 00, 0x82, 00, 0x81, 00, 0x81, 00, 0x61,
  00, 0x82, 00, 0x61, 00, 0x42, 00, 0x62, 00, 0x41, 00, 0x61,
  00, 0x41, 00, 0x61, 00, 0x81, 00, 0x61, 00, 0x41, 00, 0x61,
  00, 0x41, 00, 0x41, 00, 0x41, 0x08, 0x61, 00, 0x41, 00, 0x61,
  00, 0x41, 0x08, 0x61, 00, 0x82, 00, 0x40, 00, 0x41, 00, 0x61,
  00, 0x41, 00, 0x61, 00, 0x41, 00, 0x41, 00, 0x41, 00, 0x41,
  00, 0x41, 00, 0x41, 00, 0x41, 00, 0x41, 00, 0x41, 00, 0x41,
  00, 0x41, 00, 0x41, 00, 0x41, 00, 0x41, 00, 0x41, 00, 0x41,
  00, 0x41, 00, 0x41, 00, 0x41, 00, 0x41, 00, 0x41, 00, 0x21,
  00, 0x41, 00, 0x41, 00, 0x41, 00, 0x21, 00, 0x41, 00, 0x40,
  00, 0x41, 00, 0x41, 00, 0x41, 00, 0x40, 00, 0x41, 00, 0x41,
  00, 0x01, 00, 0x21, 00, 0x41, 00, 0x40, 00, 0x41, 00, 0x41,
  00, 0x41, 00, 0x21, 00, 0x41, 00, 0x40, 00, 0x41, 00, 0x40,
  00, 0x41, 00, 0x40, 0x21, 0x03, 0x10, 0x60, 00, 00, 00, 00,
  00, 00, 00, 0x20, 00, 00, 00, 00, 00, 00, 00, 00,
  00, 00, 00, 00, 00, 00, 00, 00, 00, 00, 00, 00,
  00, 00, 00, 00, 00, 00, 00, 00, 00, 00, 00, 00,
  0x08, 0x40, 00, 00, 0x08, 0x40, 00, 0x20, 0x08, 0x40, 00, 00,
  0x08, 0x40, 00, 0x20, 0x08, 0x40, 00, 00, 0x08, 0x40, 00, 0x20,
  0x08, 0x40, 00, 00, 0x08, 0x40, 00, 0x20, 0x08, 0x40, 00, 0x40,
  0x08, 0x40, 00, 0x20, 0x08, 0x40, 00, 00, 0x08, 0x40, 00, 0x20,
  0x08, 0x40, 00, 00, 0x08, 0x40, 00, 0x20, 0x08, 0x40, 00, 0x40,
  0x08, 0x40, 00, 00, 0x08, 0x40, 00, 00, 0x08, 0x40, 00, 0x20,
  0x08, 0x41, 00, 0x41, 00, 0x40, 00, 0x40, 0x08, 0x61, 00, 0x41,
  0x08, 0x40, 00, 0x40, 0x08, 0x61, 00, 0x41, 00, 0x40, 00, 0x40,
  0x08, 0x81, 00, 0x41, 0x08, 0x61, 00, 0x61, 0x08, 0x61, 00, 0x41,
  0x08, 0x61, 00, 0x61, 00, 0x40, 00, 0x41, 00, 0x40, 00, 0x40,
  0x08, 0x81, 00, 0x81, 0x08, 0x61, 00, 0x61, 0x08, 0x81, 00, 0x41,
  0x08, 0x81, 00, 0x41, 0x08, 0x81, 00, 0x41, 0x08, 0x81, 00, 0x61,
  0x08, 0x81, 00, 0x41, 0x08, 0x81, 00, 0x61, 0x08, 0xc1, 00, 0xa1,
  00, 0x81, 00, 0x82, 0x08, 0xc1, 00, 0xa1, 0x08, 0x81, 00, 0x61,
  0x08, 0x81, 00, 0x41, 00, 0x81, 00, 0x81, 0x08, 0xa2, 00, 0x61,
  0x08, 0x81, 00, 0x41, 0x08, 0x81, 00, 0x61, 0x08, 0x61, 00, 0x61,
  0x08, 0x81, 00, 0x81, 0x08, 0x81, 00, 0x61, 0x08, 0xc1, 00, 0xa1,
  00, 0x81, 00, 0x82, 00, 0x81, 00, 0x82, 0x08, 0x81, 00, 0x41,
  0x08, 0xc1, 00, 0xa1, 0x08, 0xa2, 00, 0x61, 0x08, 0xc1, 00, 0xa1,
  00, 0x81, 00, 0x82, 0x08, 0xc1, 00, 0xa1, 00, 0x81, 00, 0x82,
  0x08, 0xc2, 00, 0xa2, 0x08, 0xc1, 00, 0xa1, 0x08, 0xc2, 00, 0xa2,
  0x08, 0xc1, 00, 0xa1, 0x08, 0xc1, 00, 0xa1, 0x08, 0x81, 00, 0x61,
  0x08, 0x81, 00, 0x81, 0x08, 0x81, 00, 0x81, 0x08, 0xc1, 00, 0xa1,
  0x08, 0x81, 00, 0x61, 0x08, 0x81, 00, 0x81, 0x08, 0xc1, 00, 0xa1,
  0x08, 0x81, 00, 0x41, 0x08, 0x61, 00, 0x41, 0x08, 0x81, 00, 0x41,
  0x08, 0x61, 00, 0x61, 0x08, 0x81, 00, 0x61, 0x08, 0x61, 00, 0x61,
  0x08, 0x81, 00, 0x61, 0x08, 0x81, 00, 0x41, 0x08, 0x81, 00, 0x61,
  0x08, 0x61, 00, 0x61, 0x08, 0x81, 00, 0x61, 0x08, 0x61, 00, 0x61,
  0x08, 0x61, 00, 0x41, 0x08, 0x61, 00, 0x61, 0x08, 0x61, 00, 0x41,
  00, 0x40, 00, 0x40, 0x08, 0x40, 00, 0x40, 0x08, 0x40, 00, 0x20,
  0x08, 0x40, 00, 0x40, 0x08, 0x40, 00, 0x41, 0x08, 0x40, 00, 0x20,
  00, 0x40, 00, 0x40, 0x08, 0x40, 00, 0x41, 0x08, 0x40, 00, 0x20,
  0x08, 0x40, 00, 0x40, 0x08, 0x40, 00, 00, 00, 0x40, 00, 0x40,
  0x08, 0x40, 00, 0x20, 0x08, 0x40, 00, 0x20, 0x08, 0x40, 00, 0x20,
  0x08, 0x40, 00, 00, 0x08, 0x40, 00, 0x20, 0x08, 0x40, 00, 0x41,
  0x08, 0x40, 00, 00, 0x08, 0x40, 00, 0x40, 0x08, 0x40, 00, 0x20,
  0x08, 0x40, 00, 0x41, 0x52, 0x27, 0x10, 0x40, 0x08, 0x40, 00, 00,
  0x08, 0x40, 00, 00, 0x08, 0x40, 00, 00, 0x08, 0x40, 00, 0x20,
  0x08, 0x40, 00, 00, 0x08, 0x40, 00, 0x20, 0x08, 0x40, 00, 00,
  0x08, 0x40, 00, 00, 0x08, 0x40, 00, 00, 0x08, 0x20, 00, 0x20,
  00, 0x01, 00, 0x21, 00, 0x01, 00, 0x21, 00, 0x41, 00, 0x41,
  00, 0x01, 00, 0x21, 00, 0x41, 00, 0x40, 00, 0x41, 00, 0x40,
  00, 0x41, 00, 0x41, 00, 0x41, 00, 0x40, 00, 0x41, 00, 0x41,
  00, 0x41, 00, 0x40, 00, 0x41, 00, 0x41, 00, 0x41, 00, 0x40,
  00, 0x41, 00, 0x41, 00, 0x41, 00, 0x41, 00, 0x41, 00, 0x41,
  00, 0x41, 00, 0x40, 00, 0x41, 00, 0x41, 00, 0x01, 00, 0x21,
  00, 0x41, 00, 0x41, 00, 0x41, 00, 0x41, 00, 0x41, 00, 0x41,
  00, 0x41, 00, 0x41, 00, 0x41, 00, 0x41, 00, 0x41, 00, 0x41,
  00, 0x81, 00, 0x81, 00, 0x41, 00, 0x41, 00, 0x82, 00, 0x61,
  00, 0x41, 00, 0x41, 00, 0x82, 00, 0x40, 0x08, 0x82, 00, 0x40,
  00, 0x82, 0x08, 0x81, 00, 0x41, 00, 0x61, 00, 0x41, 0x08, 0x61,
  00, 0x41, 00, 0x61, 00, 0x82, 00, 0x61, 00, 0x42, 00, 0x62,
  00, 0x82, 00, 0x81, 00, 0x41, 00, 0x61, 00, 0xc3, 00, 0x81,
  00, 0x82, 00, 0x81, 00, 0xc3, 00, 0x81, 00, 0x82, 00, 0x81,
  00, 0x82, 00, 0x81, 00, 0x81, 00, 0x61, 00, 0x82, 00, 0x81,
  00, 0x81, 00, 0x61, 00, 0x82, 0x08, 0x81, 00, 0x41, 00, 0x61,
  00, 0x82, 00, 0x81, 00, 0x41, 00, 0x61, 00, 0x82, 00, 0x81,
  00, 0x83, 00, 0x62, 00, 0x81, 00, 0x61, 00, 0x82, 00, 0x81,
  00, 0xc3, 00, 0x81, 00, 0x82, 00, 0x82, 00, 0x82, 00, 0x82,
  00, 0x82, 00, 0x81, 00, 0x82, 00, 0x82, 00, 0x82, 00, 0x82,
  00, 0x82, 0x08, 0xa2, 00, 0xc2, 00, 0xa2, 00, 0x82, 0x08, 0xa2,
  00, 0x82, 00, 0xa2, 00, 0xc3, 00, 0x81, 00, 0x81, 00, 0x61,
  00, 0x82, 00, 0x81, 00, 0x81, 00, 0x61, 00, 0x82, 0x10, 0xa2,
  00, 0x81, 00, 0x61, 00, 0x82, 00, 0x81, 00, 0x81, 00, 0x61,
  00, 0x81, 00, 0x61, 00, 0x82, 00, 0x81, 00, 0x82, 00, 0x81,
  00, 0x81, 00, 0x61, 00, 0x41, 00, 0x61, 00, 0x41, 00, 0x61,
  00, 0x82, 0x08, 0x81, 00, 0x41, 00, 0x41, 00, 0x41, 00, 0x61,
  00, 0x41, 00, 0x41, 00, 0x41, 00, 0x41, 00, 0x41, 00, 0x41,
  00, 0x41, 00, 0x41, 00, 0x41, 00, 0x41, 00, 0x41, 00, 0x41,
  00, 0x41, 00, 0x41, 00, 0x41, 00, 0x41, 00, 0x41, 00, 0x41,
  00, 0x41, 00, 0x41, 00, 0x41, 00, 0x41, 00, 0x41, 0x10, 0x62,
  00, 0x41, 00, 0x40, 00, 0x41, 00, 0x41, 00, 0x41, 00, 0x41,
  00, 0x41, 00, 0x41, 00, 0x41, 00, 0x40, 00, 0x41, 00, 0x41,
  00, 0x41, 00, 0x41, 0x08, 0x82, 0x08, 0x40, 00, 0x41, 00, 0x40,
  00, 0x41, 00, 0x41, 00, 0x41, 00, 0x40, 00, 0x41, 00, 0x41,
  00, 0x41, 00, 0x40, 00, 0x41, 00, 0x40, 00, 0x01, 00, 0x21,
  00, 0x41, 00, 0x41, 00, 00, 00, 0x20, 00, 0x41, 00, 0x40,
  00, 00, 00, 00, 00, 0x01, 00, 0x21, 00, 00, 00, 00,
  00, 0x01, 00, 0x21, 00, 00, 00, 00, 00, 0x01, 00, 0x21,
  00, 00, 00, 00, 00, 00, 00, 00, 00, 00, 00, 00,
  0x08, 0x40, 00, 0x20, 0x08, 0x40, 00, 0x20, 0x08, 0x40, 00, 0x20,
  0x08, 0x40, 00, 00, 0x08, 0x40, 00, 0x20, 0x08, 0x40, 00, 00,
  0x08, 0x40, 00, 0x20, 00, 0x40, 00, 0x40, 0x08, 0x40, 00, 00,
  0x08, 0x40, 00, 00, 0x08, 0x40, 00, 0x20, 0x08, 0x40, 00, 0x40,
  0x08, 0x40, 00, 00, 0x08, 0x40, 00, 00, 0x08, 0x40, 00, 0x20,
  0x08, 0x40, 00, 0x40, 0x08, 0x40, 00, 00, 0x08, 0x40, 00, 00,
  00, 0x40, 00, 0x40, 00, 0x40, 00, 0x41, 0x08, 0x80, 00, 0x40,
  0x08, 0x61, 00, 0x41, 0x08, 0x61, 00, 0x41, 0x08, 0x61, 00, 0x41,
  0x08, 0x61, 00, 0x61, 0x08, 0x61, 00, 0x41, 0x08, 0x81, 00, 0x41,
  0x08, 0x81, 00, 0x61, 0x08, 0x61, 00, 0x41, 0x08, 0x61, 00, 0x41,
  0x08, 0x61, 00, 0x61, 0x08, 0x81, 00, 0x41, 0x08, 0x61, 00, 0x61,
  0x08, 0x81, 00, 0x61, 00, 0x81, 00, 0x82, 0x08, 0x81, 00, 0x81,
  0x08, 0x81, 00, 0x61, 0x08, 0x81, 00, 0x61, 0x08, 0xc1, 00, 0xa1,
  00, 0x81, 00, 0x82, 0x08, 0xc1, 00, 0xa1, 0x08, 0xc1, 00, 0xa1,
  0x08, 0xc1, 00, 0xa1, 0x08, 0xc1, 00, 0xa1, 00, 0x81, 00, 0x82,
  00, 0x81, 00, 0x82, 0x08, 0x81, 00, 0x41, 0x08, 0x81, 00, 0x41,
  0x08, 0x81, 00, 0x61, 0x10, 0xa2, 00, 0x41, 00, 0x81, 00, 0x82,
  0x21, 0x44, 00, 0x81, 0x08, 0x81, 00, 0x61, 0x08, 0xc1, 00, 0xa1,
  00, 0x81, 00, 0x82, 0x08, 0xc1, 00, 0xa1, 0x08, 0xc1, 00, 0xa1,
  00, 0x81, 00, 0x82, 00, 0x81, 00, 0x82, 0x08, 0xc1, 00, 0xa1,
  0x08, 0xc1, 00, 0xa1, 0x08, 0xc1, 00, 0xa1, 0x08, 0xc1, 00, 0xa1,
  0x08, 0xc2, 00, 0x82, 0x08, 0xc1, 00, 0xa1, 0x08, 0xc1, 00, 0xa1,
  0x08, 0x81, 00, 0x61, 0x08, 0x81, 00, 0x81, 00, 0x81, 00, 0x82,
  0x08, 0xc1, 00, 0xa1, 0x08, 0x81, 00, 0x41, 0x08, 0x81, 00, 0x41,
  0x08, 0x81, 00, 0x81, 00, 0x81, 00, 0x82, 00, 0x81, 00, 0x82,
  0x08, 0x81, 00, 0x61, 0x08, 0x81, 00, 0x61, 0x08, 0x81, 00, 0x41,
  0x10, 0x81, 0x08, 0x82, 0x08, 0x61, 00, 0x61, 0x08, 0x81, 00, 0x61,
  0x08, 0x81, 00, 0x41, 0x08, 0x61, 00, 0x41, 0x08, 0x81, 00, 0x41,
  00, 0x40, 00, 0x40, 0x08, 0x61, 00, 0x61, 0x08, 0x61, 00, 0x41,
  0x08, 0x80, 00, 0x40, 0x08, 0x40, 00, 0x20, 00, 0x40, 00, 0x40,
  00, 0x40, 00, 0x40, 00, 0x40, 00, 0x40, 0x08, 0x40, 00, 0x40,
  00, 0x40, 00, 0x40, 0x08, 0x40, 00, 0x40, 0x08, 0x61, 00, 0x41,
  00, 0x40, 00, 0x40, 0x08, 0x81, 00, 0x40, 0x08, 0x40, 00, 0x20,
  0x08, 0x40, 00, 0x20, 0x08, 0x81, 00, 0x40, 00, 0x40, 00, 0x40,
  0x08, 0x40, 00, 00, 0x08, 0x40, 00, 00, 0x08, 0x40, 00, 0x20,
  0x08, 0x40, 00, 00, 0x08, 0x40, 00, 0x20, 0x08, 0x40, 00, 0x20,
  0x08, 0x40, 00, 00, 0x08, 0x40, 00, 00, 0x08, 0x40, 00, 0x20,
  0x08, 0x40, 00, 00, 0x08, 0x40, 00, 00, 0x08, 0x40, 00, 0x20,
  0x08, 0x40, 00, 00, 0x08, 0x40, 00, 0x20, 0x08, 0x40, 00, 00,
  0x08, 0x40, 00, 0x20, 0x08, 0x40, 00, 00, 0x08, 0x40, 00, 0x20,
  00, 0x01, 00, 0x21, 00, 0x41, 00, 0x40, 00, 0x41, 00, 0x40,
  00, 0x41, 00, 0x40, 00, 00, 0x08, 0x21, 00, 0x41, 00, 0x40,
  00, 0x41, 00, 0x41, 00, 0x41, 00, 0x41, 00, 0x41, 00, 0x40,
  00, 0x01, 00, 0x21, 00, 0x41, 00, 0x40, 00, 0x41, 00, 0x41,
  00, 0x41, 00, 0x40, 00, 0x41, 00, 0x40, 00, 0x41, 00, 00,
  00, 0x41, 00, 0x40, 00, 0x41, 00, 0x41, 00, 0x41, 00, 0x41,
  00, 0x41, 00, 0x41, 00, 0x41, 00, 0x41, 00, 0x41, 00, 0x41,
  00, 0x41, 00, 0x41, 00, 0x41, 00, 0x41, 00, 0x41, 00, 0x41,
  00, 0x41, 00, 0x41, 00, 0x42, 00, 0x62, 00, 0x81, 00, 0x61,
  00, 0x41, 00, 0x61, 00, 0x81, 0x08, 0x81, 00, 0x81, 00, 0x81,
  00, 0x41, 00, 0x61, 00, 0x81, 00, 0x81, 00, 0x41, 0x08, 0x82,
  00, 0x82, 00, 0x61, 00, 0x81, 00, 0x61, 00, 0x81, 00, 0x61,
  00, 0x82, 00, 0x81, 00, 0x82, 00, 0x81, 00, 0x81, 0x08, 0xc2,
  00, 0x82, 00, 0x61, 00, 0x81, 00, 0xa2, 00, 0x82, 00, 0x82,
  00, 0x82, 00, 0x81, 00, 0x82, 00, 0x81, 00, 0x82, 00, 0x81,
  00, 0x82, 00, 0x82, 00, 0x81, 00, 0x61, 00, 0x81, 00, 0x81,
  00, 0x82, 00, 0x81, 00, 0x82, 00, 0x61, 00, 0x82, 00, 0x81,
  00, 0x81, 00, 0xa2, 00, 0x82, 00, 0x81, 00, 0x82, 00, 0x81,
  00, 0x82, 00, 0x81, 00, 0x82, 00, 0xa2, 00, 0x82, 00, 0x81,
  00, 0x81, 0x08, 0xc2, 00, 0x82, 00, 0x81, 00, 0x82, 00, 0x82,
  00, 0x81, 00, 0xa2, 00, 0x82, 0x08, 0xa2, 00, 0x81, 00, 0xa2,
  00, 0xc2, 00, 0xc2, 00, 0xc2, 00, 0xa2, 00, 0x82, 00, 0xa2,
  00, 0x81, 00, 0x61, 00, 0x82, 00, 0x81, 00, 0x82, 00, 0x81,
  00, 0x82, 00, 0x81, 00, 0x81, 00, 0x61, 00, 0x82, 00, 0x81,
  00, 0x82, 00, 0x81, 00, 0x82, 00, 0x81, 00, 0x82, 00, 0x81,
  00, 0x82, 00, 0x81, 00, 0x82, 00, 0x81, 00, 0x82, 00, 0x81,
  00, 0x41, 00, 0x61, 00, 0x81, 0x08, 0x61, 00, 0x41, 00, 0x41,
  00, 0x41, 00, 0x41, 00, 0x41, 00, 0x41, 00, 0x41, 00, 0x41,
  00, 0x41, 00, 0x41, 00, 0x41, 00, 0x61, 00, 0x41, 00, 0x41,
  00, 0x41, 00, 0x41, 00, 0x41, 00, 0x41, 00, 0x41, 00, 0x41,
  00, 0x41, 00, 0x41, 00, 0x42, 00, 0x21, 00, 0x41, 00, 0x41,
  00, 0x41, 00, 0x41, 00, 0x41, 00, 0x41, 00, 0x41, 00, 0x41,
  00, 0x41, 00, 0x41, 00, 0x41, 00, 0x41, 00, 0x41, 00, 0x41,
  00, 0x41, 00, 0x41, 00, 0x41, 00, 0x41, 00, 0x41, 00, 0x41,
  00, 0x41, 00, 0x41, 00, 0x41, 00, 0x40, 00, 0x01, 00, 0x21,
  00, 0x01, 00, 0x21, 00, 0x01, 00, 0x21, 00, 0x41, 00, 0x40,
  00, 0x41, 00, 0x40, 00, 0x01, 00, 0x21, 00, 0x01, 00, 0x21,
  00, 00, 0x08, 0x20, 00, 00, 00, 00, 00, 0x01, 00, 00,
  00, 0x01, 00, 00, 00, 00, 00, 00, 00, 00, 00, 00,
  00, 00, 00, 00, 00, 00, 00, 00, 00, 00, 00, 00,
  0x08, 0x40, 00, 00, 0x08, 0x40, 00, 0x20, 0x08, 0x40, 00, 00,
  0x08, 0x40, 00, 0x20, 0x08, 0x40, 00, 00, 0x08, 0x40, 00, 0x20,
  0x08, 0x41, 00, 0x41, 0x08, 0x40, 00, 00, 0x08, 0x40, 00, 00,
  0x08, 0x40, 00, 0x20, 0x08, 0x40, 00, 00, 0x08, 0x40, 00, 00,
  0x08, 0x40, 00, 00, 0x08, 0x40, 00, 0x20, 0x08, 0x20, 0x18, 0xe3,
  0x08, 0x40, 00, 00, 0x08, 0x61, 00, 0x41, 0x08, 0x40, 00, 0x20,
  0x08, 0x41, 00, 0x41, 00, 0x40, 00, 0x40, 0x08, 0x41, 00, 0x41,
  0x08, 0x41, 00, 0x41, 0x08, 0x61, 00, 0x41, 0x08, 0x40, 00, 0x20,
  0x08, 0x61, 00, 0x41, 0x08, 0x81, 00, 0x61, 0x08, 0x81, 00, 0x41,
  0x08, 0x61, 00, 0x61, 0x08, 0x81, 00, 0x41, 0x08, 0x81, 00, 0x41,
  0x10, 0x82, 00, 0x41, 0x08, 0x61, 00, 0x61, 0x08, 0x81, 00, 0x41,
  0x08, 0x81, 00, 0x81, 0x08, 0xa2, 00, 0x61, 0x08, 0x61, 00, 0x61,
  0x08, 0x81, 00, 0x81, 0x08, 0x81, 00, 0x81, 0x08, 0xa2, 00, 0xa2,
  0x08, 0xc1, 00, 0xa1, 0x08, 0xc1, 00, 0xc2, 0x08, 0xc1, 00, 0xa1,
  0x08, 0x81, 00, 0x41, 00, 0x81, 00, 0x82, 0x08, 0xc1, 00, 0xa1,
  0x08, 0xc1, 00, 0xa1, 0x08, 0xc2, 00, 0x81, 0x08, 0x81, 00, 0x61,
  0x08, 0x81, 00, 0x81, 00, 0x81, 00, 0x82, 0x08, 0x81, 00, 0x81,
  0x08, 0xc1, 00, 0xa1, 0x08, 0xc1, 00, 0xa1, 00, 0x81, 00, 0x82,
  0x08, 0xc1, 00, 0xa1, 0x08, 0xc2, 00, 0x81, 0x08, 0xc2, 00, 0xa2,
  0x08, 0xc1, 00, 0xa1, 0x08, 0xc1, 00, 0xa1, 0x10, 0xc1, 00, 0x81,
  0x08, 0xc1, 00, 0xa1, 0x08, 0xc1, 00, 0xa1, 0x08, 0xc1, 00, 0xa1,
  0x08, 0xa2, 00, 0xa2, 0x08, 0xc1, 00, 0xa1, 00, 0x81, 00, 0x82,
  0x08, 0x81, 00, 0x81, 0x08, 0x81, 00, 0x41, 0x08, 0x81, 00, 0x81,
  00, 0x81, 00, 0x82, 0x08, 0xc1, 00, 0xa1, 0x08, 0xc1, 00, 0xa1,
  0x08, 0x81, 00, 0x81, 0x08, 0x81, 00, 0x41, 0x08, 0x81, 00, 0x81,
  0x08, 0x81, 00, 0x61, 0x08, 0x81, 00, 0x81, 0x08, 0x81, 00, 0x61,
  0x08, 0x81, 00, 0x81, 0x10, 0xa2, 00, 0x41, 0x08, 0x81, 00, 0x41,
  0x08, 0x61, 00, 0x61, 0x08, 0x81, 00, 0x61, 0x08, 0x61, 00, 0x61,
  0x08, 0x81, 00, 0x41, 0x08, 0x61, 00, 0x61, 0x08, 0x61, 00, 0x41,
  00, 0x40, 00, 0x40, 0x08, 0x61, 00, 0x41, 0x08, 0x40, 00, 0x40,
  0x08, 0x40, 00, 0x40, 0x08, 0x40, 00, 0x40, 0x08, 0x41, 00, 0x41,
  0x08, 0x40, 00, 0x20, 0x08, 0x81, 00, 0x40, 0x08, 0x40, 00, 0x20,
  0x08, 0x61, 00, 0x41, 0x08, 0x40, 00, 0x40, 0x08, 0x41, 00, 0x41,
  00, 0x40, 00, 0x40, 0x08, 0x80, 00, 0x40, 0x08, 0x40, 00, 0x20,
  0x08, 0x40, 00, 00, 0x08, 0x40, 00, 0x20, 0x08, 0x40, 00, 00,
  0x08, 0x40, 00, 00, 00, 0x40, 00, 0x40, 0x08, 0x40, 00, 0x20,
  0x08, 0x40, 00, 00, 0x08, 0x40, 00, 00, 0x08, 0x40, 00, 00,
  0x08, 0x40, 00, 00, 0x08, 0x40, 00, 00, 0x08, 0x40, 00, 0x20,
  0x08, 0x40, 00, 0x20, 0x08, 0x40, 00, 0x20, 0x08, 0x40, 00, 00,
  0x08, 0x20, 00, 0x20, 0x08, 0x40, 00, 0x20, 00, 00, 00, 00,
  00, 0x01, 00, 0x21, 00, 0x01, 00, 0x21, 00, 0x41, 00, 0x40,
  00, 0x01, 00, 0x21, 00, 0x41, 00, 0x41, 00, 0x41, 00, 0x40,
  00, 0x41, 00, 0x41, 00, 0x41, 00, 0x41, 00, 0x41, 00, 0x41,
  00, 0x41, 00, 0x41, 00, 0x41, 00, 0x41, 00, 0x41, 00, 0x40,
  00, 0x41, 00, 0x41, 00, 0x41, 00, 0x40, 00, 0x41, 0x10, 0x82,
  00, 0x41, 00, 0x21, 00, 0x41, 00, 0x41, 00, 0x41, 00, 0x41,
  00, 0x41, 00, 0x41, 00, 0x41, 00, 0x41, 00, 0x41, 00, 0x41,
  00, 0x41, 00, 0x41, 00, 0x41, 00, 0x41, 00, 0x41, 00, 0x41,
  00, 0x41, 00, 0x61, 00, 0x41, 00, 0x61, 00, 0x81, 00, 0x61,
  00, 0x41, 00, 0x61, 00, 0x41, 00, 0x61, 00, 0x41, 00, 0x61,
  00, 0x41, 00, 0x61, 00, 0x41, 0x08, 0x61, 00, 0x82, 0x08, 0x61,
  00, 0x41, 00, 0x61, 00, 0x41, 00, 0x61, 00, 0x81, 00, 0x61,
  00, 0x82, 00, 0x81, 00, 0x82, 00, 0x82, 00, 0x81, 00, 0xa2,
  00, 0xc2, 00, 0xa2, 00, 0xc2, 00, 0xa2, 00, 0x82, 00, 0x82,
  00, 0x82, 00, 0x82, 00, 0x82, 00, 0x81, 00, 0x82, 00, 0xa2,
  00, 0x82, 00, 0x81, 00, 0x82, 00, 0x81, 00, 0x81, 00, 0x61,
  00, 0x82, 00, 0x81, 00, 0xc3, 00, 0x81, 00, 0x82, 00, 0x81,
  00, 0x81, 00, 0xa2, 00, 0xc2, 00, 0xa2, 00, 0x81, 0x08, 0xc2,
  00, 0xc2, 00, 0xc2, 00, 0xc3, 00, 0x81, 00, 0x82, 00, 0xa2,
  00, 0x82, 00, 0x81, 00, 0x82, 00, 0x81, 00, 0xe3, 00, 0xa2,
  00, 0x82, 00, 0x82, 00, 0x82, 00, 0xa2, 00, 0x81, 00, 0xa2,
  00, 0x81, 00, 0xa2, 00, 0x82, 00, 0xa2, 00, 0x82, 00, 0x61,
  00, 0x81, 00, 0xa2, 00, 0x81, 00, 0x61, 00, 0x82, 00, 0x81,
  00, 0x81, 00, 0x61, 00, 0x82, 00, 0x82, 00, 0x82, 00, 0x81,
  00, 0x82, 00, 0x81, 00, 0x81, 00, 0x81, 00, 0x81, 00, 0x61,
  00, 0x81, 00, 0x61, 00, 0x82, 00, 0x81, 00, 0x41, 00, 0x41,
  00, 0x41, 00, 0x61, 00, 0x41, 00, 0x61, 00, 0x41, 00, 0x41,
  00, 0x41, 00, 0x41, 00, 0x41, 00, 0x61, 00, 0x41, 00, 0x41,
  00, 0x81, 00, 0x61, 00, 0x41, 00, 0x61, 00, 0x41, 00, 0x61,
  00, 0x41, 00, 0x41, 00, 0x41, 00, 0x41, 00, 0x41, 00, 0x41,
  00, 0x41, 00, 0x41, 00, 0x41, 00, 0x41, 00, 0x41, 00, 0x41,
  00, 0x41, 00, 0x41, 00, 0x41, 00, 0x41, 00, 0x41, 00, 0x40,
  00, 0x41, 00, 0x41, 00, 0x41, 00, 0x41, 00, 0x41, 00, 0x41,
  00, 0x41, 00, 0x40, 00, 0x41, 00, 0x41, 00, 0x41, 00, 0x40,
  00, 0x41, 00, 0x41, 00, 00, 0x08, 0x20, 00, 0x41, 00, 0x41,
  00, 0x41, 00, 0x40, 00, 0x41, 00, 0x41, 00, 0x01, 00, 0x21,
  00, 0x41, 00, 0x41, 00, 00, 00, 0x20, 00, 0x01, 00, 0x21,
  00, 00, 00, 00, 00, 00, 00, 0x20, 00, 00, 00, 00,
  00, 0x01, 00, 0x21, 00, 00, 00, 00, 00, 0x01, 00, 0x21,
  00, 00, 00, 00, 00, 00, 00, 00, 00, 00, 00, 00,
  0x08, 0x40, 00, 0x20, 0x08, 0x40, 00, 00, 0x08, 0x40, 00, 0x20,
  0x08, 0x40, 00, 0x40, 0x08, 0x40, 00, 0x20, 0x08, 0x40, 00, 0x40,
  0x08, 0x40, 00, 0x20, 00, 0x40, 00, 0x40, 0x08, 0x40, 00, 0x40,
  0x08, 0x40, 00, 0x40, 0x08, 0x40, 00, 0x20, 0x08, 0x40, 00, 0x41,
  0x08, 0x40, 00, 0x20, 0x08, 0x40, 00, 0x40, 0x08, 0x40, 00, 0x20,
  00, 0x40, 00, 0x41, 0x08, 0x40, 00, 0x40, 0x08, 0x40, 00, 0x40,
  00, 0x40, 00, 0x40, 0x08, 0x61, 00, 0x41, 00, 0x40, 00, 0x40,
  0x08, 0x80, 00, 0x40, 00, 0x40, 00, 0x40, 00, 0x40, 00, 0x41,
  0x08, 0x61, 00, 0x61, 0x08, 0x81, 00, 0x41, 0x08, 0x81, 00, 0x41,
  0x08, 0x81, 00, 0x41, 0x08, 0x81, 00, 0x41, 0x08, 0x81, 00, 0x41,
  0x08, 0x81, 00, 0x61, 0x08, 0x81, 00, 0x41, 0x08, 0x81, 0x19, 0x04,
  0x08, 0x61, 00, 0x61, 0x08, 0x61, 00, 0x61, 0x08, 0x81, 00, 0x41,
  0x08, 0x81, 00, 0x81, 0x08, 0xc1, 00, 0xa1, 0x08, 0xc1, 0x08, 0xc2,
  0x08, 0xa2, 00, 0xa2, 0x10, 0xe2, 00, 0xc2, 0x08, 0xc1, 00, 0xa1,
  0x08, 0xc1, 00, 0xa1, 0x08, 0xc1, 00, 0xa1, 0x08, 0xc1, 00, 0xa1,
  0x08, 0xc1, 00, 0xa1, 0x08, 0xc1, 00, 0xa1, 0x08, 0x81, 00, 0x41,
  00, 0x81, 00, 0x82, 0x08, 0xc1, 00, 0xa1, 0x08, 0x81, 00, 0x61,
  0x08, 0xc1, 00, 0xa1, 00, 0xc1, 00, 0xc2, 0x08, 0xc1, 00, 0xa1,
  0x08, 0xc1, 00, 0xa1, 0x08, 0xc1, 00, 0xa1, 0x08, 0xc1, 00, 0xa1,
  0x08, 0xc1, 00, 0xa1, 00, 0x81, 00, 0x82, 0x08, 0xc1, 00, 0xa1,
  0x08, 0xc1, 00, 0xa1, 0x08, 0xc1, 00, 0xa1, 0x08, 0xc1, 00, 0xa1,
  0x08, 0xc1, 00, 0xa1, 0x08, 0xc1, 00, 0xa1, 0x11, 0x02, 00, 0xa1,
  0x08, 0xc1, 00, 0xa1, 00, 0x81, 00, 0x82, 0x08, 0x81, 00, 0x61,
  0x08, 0x81, 00, 0x41, 00, 0x81, 00, 0x82, 00, 0x81, 00, 0x82,
  0x08, 0x81, 00, 0x41, 0x08, 0x81, 0x08, 0x81, 0x08, 0x81, 00, 0x61,
  00, 0x81, 00, 0x82, 0x08, 0x81, 00, 0x61, 0x08, 0x81, 00, 0x41,
  0x08, 0x61, 00, 0x41, 0x08, 0x61, 00, 0x41, 0x08, 0x61, 00, 0x61,
  0x08, 0x61, 00, 0x41, 0x08, 0x81, 00, 0x41, 0x08, 0x81, 00, 0x41,
  0x08, 0x81, 00, 0x41, 0x08, 0x81, 00, 0x41, 0x08, 0x61, 00, 0x61,
  0x08, 0x61, 00, 0x41, 0x08, 0x61, 00, 0x41, 0x08, 0x81, 00, 0x61,
  00, 0x40, 00, 0x40, 0x08, 0x40, 00, 0x40, 0x08, 0x40, 00, 0x40,
  0x08, 0x40, 00, 0x40, 00, 0x40, 00, 0x40, 0x08, 0x40, 00, 0x40,
  0x08, 0x80, 00, 0x40, 00, 0x40, 00, 0x40, 0x08, 0x40, 00, 0x20,
  00, 0x40, 00, 0x40, 0x08, 0x40, 00, 00, 0x08, 0x40, 00, 00,
  0x08, 0x40, 00, 0x20, 0x08, 0x40, 00, 00, 00, 0x40, 00, 0x40,
  0x08, 0x40, 00, 0x40, 0x08, 0x40, 00, 00, 0x08, 0x40, 00, 00,
  0x08, 0x40, 00, 0x20, 0x08, 0x40, 00, 00, 0x08, 0x40, 00, 0x20,
  0x08, 0x40, 00, 0x20, 0x08, 0x40, 00, 0x20, 0x08, 0x40, 00, 00,
  0x08, 0x40, 00, 0x20, 00, 00, 00, 00, 0x08, 0x40, 00, 00,
  0x08, 0x40, 00, 0x20, 0x08, 0x40, 00, 0x20, 0x08, 0x40, 00, 00,
  00, 0x01, 00, 0x21, 00, 0x41, 00, 0x41, 00, 0x41, 00, 0x41,
  00, 0x41, 00, 0x41, 00, 0x41, 00, 0x41, 00, 0x41, 00, 0x41,
  00, 0x41, 00, 0x40, 00, 0x41, 00, 0x41, 00, 0x41, 00, 0x41,
  00, 0x40, 00, 0x20, 00, 0x41, 00, 0x41, 00, 0x41, 00, 0x41,
  00, 0x41, 00, 0x41, 00, 0x01, 00, 0x21, 00, 0x41, 00, 0x41,
  00, 0x41, 00, 0x41, 00, 0x41, 00, 0x41, 00, 0x41, 00, 0x41,
  00, 0x41, 00, 0x41, 00, 0x41, 00, 0x41, 00, 0x41, 00, 0x41,
  00, 0x41, 00, 0x41, 00, 0x41, 00, 0x41, 00, 0x41, 00, 0x41,
  00, 0x41, 00, 0x61, 00, 0x81, 00, 0x61, 00, 0x81, 00, 0x61,
  00, 0x81, 00, 0x61, 00, 0x82, 00, 0x61, 00, 0x41, 00, 0x61,
  00, 0x41, 00, 0x61, 00, 0x81, 00, 0x61, 00, 0x81, 00, 0x61,
  00, 0x81, 00, 0x61, 00, 0x41, 00, 0x61, 00, 0x82, 00, 0x81,
  00, 0x81, 00, 0xa2, 00, 0xc2, 00, 0xc2, 00, 0x82, 0x08, 0xa2,
  00, 0x81, 00, 0xa2, 0x09, 0x03, 0x08, 0xc2, 00, 0x82, 00, 0xa2,
  00, 0x82, 0x08, 0xa2, 00, 0xc2, 00, 0xa2, 00, 0x82, 00, 0x82,
  00, 0x82, 0x08, 0xa2, 00, 0xc3, 00, 0x81, 00, 0x82, 00, 0x82,
  00, 0x82, 00, 0x81, 00, 0x82, 00, 0x81, 00, 0x81, 00, 0x61,
  00, 0x82, 00, 0x81, 00, 0xc2, 00, 0xa2, 00, 0xc2, 00, 0xa2,
  00, 0x82, 0x08, 0xa2, 00, 0x82, 00, 0xa2, 00, 0xc2, 00, 0xa2,
  00, 0x82, 00, 0xa2, 00, 0xc2, 00, 0xc2, 00, 0x82, 00, 0x81,
  00, 0x82, 00, 0xa2, 00, 0xc3, 00, 0x81, 00, 0x82, 00, 0xa2,
  00, 0x82, 00, 0xa2, 00, 0x81, 00, 0xa2, 00, 0x82, 00, 0xa2,
  00, 0xc3, 00, 0x81, 00, 0x82, 00, 0x81, 00, 0x82, 00, 0x81,
  00, 0x82, 00, 0x81, 00, 0x81, 0x08, 0xc2, 00, 0x82, 00, 0x62,
  00, 0x82, 00, 0x81, 00, 0x82, 00, 0x81, 00, 0x81, 00, 0x61,
  00, 0x41, 00, 0x61, 00, 0x41, 00, 0x61, 00, 0x41, 0x08, 0x61,
  00, 0x82, 00, 0x40, 00, 0x41, 00, 0x41, 00, 0x41, 00, 0x41,
  00, 0x41, 00, 0x61, 00, 0x82, 00, 0x40, 00, 0x82, 00, 0x40,
  00, 0x81, 00, 0x61, 00, 0x41, 00, 0x41, 00, 0x41, 0x08, 0x61,
  00, 0x41, 00, 0x41, 00, 0x41, 00, 0x41, 00, 0x41, 0x08, 0x61,
  00, 0x41, 00, 0x41, 00, 0x41, 00, 0x41, 00, 0x41, 00, 0x41,
  00, 0x41, 00, 0x41, 00, 0x41, 00, 0x40, 00, 0x41, 00, 0x41,
  00, 0x41, 0x08, 0x61, 00, 0x41, 00, 0x41, 00, 0x41, 00, 0x41,
  00, 0x41, 00, 0x41, 00, 0x41, 00, 0x41, 00, 0x41, 00, 0x41,
  00, 0x41, 00, 0x40, 00, 0x41, 00, 0x41, 00, 0x41, 00, 0x20,
  00, 0x41, 00, 0x41, 00, 0x41, 00, 0x40, 00, 0x41, 00, 0x40,
  00, 0x01, 00, 0x21, 00, 0x41, 00, 0x41, 00, 0x01, 00, 00,
  00, 0x01, 00, 0x21, 00, 00, 0x08, 0x21, 00, 0x01, 00, 0x21,
  00, 00, 0x08, 0x21, 0x39, 0xa6, 0x10, 0x20, 00, 00, 00, 00,
  00, 00, 00, 00, 00, 00, 0x08, 0x20, 00, 00, 00, 00,
  0x08, 0x40, 00, 00, 0x08, 0x40, 00, 0x20, 0x08, 0x41, 00, 0x41,
  0x08, 0x40, 00, 0x20, 0x08, 0x40, 00, 00, 00, 0x40, 00, 0x40,
  0x08, 0x41, 00, 0x41, 00, 0x40, 00, 0x40, 0x08, 0x61, 00, 0x20,
  0x18, 0xa2, 0x18, 0xe3, 00, 0x40, 00, 0x41, 00, 0x40, 00, 0x40,
  0x08, 0x40, 00, 00, 00, 0x40, 00, 0x40, 0x08, 0x61, 00, 0x41,
  00, 0x40, 00, 0x40, 0x08, 0x40, 00, 0x40, 00, 0x40, 00, 0x40,
  0x08, 0x41, 00, 0x41, 0x08, 0x40, 00, 0x20, 0x08, 0x61, 00, 0x41,
  0x08, 0x40, 00, 0x20, 0x08, 0x41, 00, 0x41, 0x08, 0x80, 00, 0x40,
  0x08, 0x61, 00, 0x41, 00, 0x81, 00, 0x82, 0x10, 0xc2, 00, 0x81,
  0x08, 0x81, 00, 0x61, 0x08, 0x81, 00, 0x61, 0x08, 0x61, 00, 0x61,
  0x08, 0x81, 00, 0x41, 0x08, 0x81, 00, 0x61, 0x08, 0x81, 00, 0x81,
  0x08, 0x61, 00, 0x41, 0x08, 0x81, 00, 0x81, 0x08, 0xc1, 00, 0xa1,
  0x08, 0xc1, 00, 0xa1, 00, 0x81, 00, 0x82, 0x08, 0xc1, 00, 0xc2,
  0x08, 0x81, 00, 0x82, 0x10, 0xe2, 00, 0x81, 0x08, 0xc2, 00, 0xa2,
  0x08, 0xc2, 00, 0xc2, 0x08, 0xc2, 00, 0x81, 0x08, 0xc1, 00, 0xa1,
  0x08, 0xc1, 00, 0xa1, 0x08, 0xa2, 00, 0xa2, 0x08, 0xc1, 00, 0xa1,
  0x08, 0xc1, 00, 0xa1, 0x08, 0x81, 00, 0x61, 0x08, 0x81, 00, 0x81,
  00, 0x81, 00, 0x82, 0x08, 0xa2, 00, 0xa2, 0x08, 0xc2, 00, 0xa2,
  0x08, 0xc2, 0x09, 0x04, 0x08, 0xc2, 00, 0x82, 0x08, 0xc1, 00, 0xa1,
  0x08, 0xc1, 00, 0xa1, 0x08, 0xc2, 0x08, 0xc2, 00, 0x81, 00, 0x82,
  0x08, 0xc2, 00, 0xa2, 0x08, 0xc1, 00, 0xa1, 0x08, 0xc2, 00, 0xa2,
  0x08, 0xc1, 00, 0xa1, 0x08, 0xc2, 00, 0xa2, 0x08, 0xc2, 00, 0x82,
  0x08, 0xe2, 00, 0xa1, 0x08, 0x81, 00, 0x61, 0x08, 0x81, 00, 0x81,
  0x08, 0x81, 00, 0x61, 0x08, 0xa2, 0x08, 0xa2, 00, 0x81, 00, 0x82,
  0x08, 0x81, 00, 0x81, 00, 0x81, 00, 0x82, 0x08, 0xc1, 00, 0xa1,
  0x08, 0x81, 00, 0x41, 0x08, 0x81, 00, 0x41, 0x08, 0x81, 00, 0x61,
  0x08, 0x81, 00, 0x61, 0x08, 0x61, 00, 0x61, 0x08, 0x61, 00, 0x41,
  0x08, 0x61, 00, 0x61, 0x08, 0x81, 00, 0x41, 0x08, 0x61, 0x10, 0xe3,
  0x08, 0x81, 00, 0x41, 0x08, 0x61, 00, 0x61, 0x08, 0x81, 00, 0x41,
  0x08, 0x61, 00, 0x61, 0x08, 0x61, 00, 0x61, 0x10, 0x82, 00, 0x41,
  0x08, 0x61, 00, 0x61, 0x08, 0x40, 00, 0x20, 0x08, 0x40, 00, 0x40,
  0x08, 0x40, 00, 0x20, 0x08, 0x40, 00, 0x40, 00, 0x40, 00, 0x40,
  00, 0x40, 00, 0x41, 0x08, 0x40, 00, 0x40, 0x08, 0x61, 00, 0x41,
  0x08, 0x40, 00, 0x40, 0x08, 0x40, 00, 00, 0x08, 0x40, 00, 0x20,
  0x08, 0x40, 00, 00, 0x08, 0x40, 00, 00, 0x08, 0x20, 0x10, 0xa2,
  0x08, 0x40, 00, 00, 0x08, 0x20, 00, 00, 0x08, 0x40, 00, 00,
  0x08, 0x40, 00, 00, 0x08, 0x40, 00, 0x20, 0x08, 0x40, 00, 00,
  0x08, 0x40, 00, 0x20, 0x08, 0x40, 00, 00, 0x08, 0x40, 00, 0x20,
  0x08, 0x20, 0x08, 0x61, 0x52, 0x07, 0x08, 00, 0x08, 0x40, 00, 00,
  0x08, 0x40, 00, 0x20, 0x08, 0x40, 00, 00, 00, 00, 00, 0x01,
  00, 0x01, 00, 0x21, 00, 0x41, 00, 0x40, 00, 0x41, 00, 0x41,
  00, 0x41, 00, 0x40, 00, 0x41, 00, 0x41, 00, 0x41, 00, 0x41,
  00, 0x41, 00, 0x41, 00, 0x41, 00, 0x41, 00, 0x41, 00, 0x41,
  0x10, 0x82, 0x20, 0xe3, 00, 0x41, 00, 0x40, 00, 0x41, 00, 0x41,
  00, 0x41, 00, 0x41, 00, 0x41, 00, 0x40, 00, 0x41, 00, 0x41,
  00, 0x41, 00, 0x40, 00, 0x41, 00, 0x41, 00, 0x41, 00, 0x41,
  00, 0x41, 00, 0x41, 00, 0x41, 00, 0x41, 00, 0x41, 00, 0x61,
  00, 0x41, 00, 0x41, 00, 0x41, 00, 0x41, 00, 0x41, 00, 0x41,
  00, 0x41, 00, 0x61, 00, 0x41, 0x08, 0x82, 0x4a, 0x47, 0x18, 0x81,
  00, 0x81, 00, 0x61, 00, 0x82, 00, 0x61, 00, 0x41, 00, 0x61,
  00, 0x82, 00, 0x81, 00, 0x81, 00, 0x61, 00, 0x81, 00, 0x61,
  00, 0x41, 00, 0x61, 00, 0x82, 00, 0x81, 00, 0x81, 00, 0x61,
  00, 0x81, 00, 0x61, 00, 0x82, 00, 0x81, 00, 0xc2, 00, 0xc2,
  00, 0x82, 00, 0x81, 00, 0xc2, 00, 0xa2, 00, 0x82, 00, 0xa2,
  00, 0xc2, 00, 0xc2, 00, 0xc2, 00, 0xa2, 00, 0xc3, 00, 0x81,
  00, 0x82, 00, 0x81, 00, 0xc2, 00, 0xa2, 00, 0x82, 00, 0x81,
  00, 0x82, 00, 0x82, 00, 0x81, 00, 0x61, 00, 0x82, 00, 0x81,
  00, 0x81, 00, 0xa2, 00, 0x82, 0x08, 0xa2, 00, 0xc2, 00, 0xa2,
  00, 0xc2, 00, 0xa2, 00, 0xc2, 00, 0xc2, 00, 0x82, 00, 0xa2,
  00, 0x82, 00, 0x82, 00, 0xc2, 00, 0xa2, 00, 0x82, 00, 0xa2,
  00, 0x82, 00, 0xa2, 00, 0x82, 00, 0x81, 00, 0xc2, 00, 0xa2,
  00, 0xc2, 00, 0xa2, 00, 0x82, 00, 0x82, 00, 0xc2, 00, 0xa2,
  00, 0xc2, 00, 0xa2, 00, 0x82, 00, 0x81, 00, 0x82, 00, 0x81,
  00, 0x81, 00, 0x61, 00, 0x81, 00, 0x61, 00, 0x82, 00, 0x81,
  00, 0x82, 00, 0x82, 00, 0x81, 00, 0x61, 00, 0x82, 00, 0x81,
  00, 0x82, 00, 0x81, 00, 0x81, 00, 0x61, 00, 0x41, 00, 0x41,
  00, 0x41, 00, 0x61, 00, 0x41, 00, 0x41, 00, 0x41, 00, 0x41,
  00, 0x41, 00, 0x41, 00, 0x82, 00, 0x81, 00, 0x41, 0x10, 0xa2,
  00, 0x41, 00, 0x61, 00, 0x41, 00, 0x41, 00, 0x41, 0x10, 0x82,
  00, 0x41, 00, 0x41, 00, 0x41, 00, 0x41, 00, 0x41, 00, 0x41,
  00, 0x41, 00, 0x41, 00, 0x41, 00, 0x41, 00, 0x41, 00, 0x41,
  00, 0x01, 00, 0x21, 00, 0x41, 00, 0x41, 00, 0x41, 00, 0x40,
  00, 0x41, 00, 0x41, 00, 0x41, 00, 0x41, 00, 0x41, 00, 0x41,
  00, 0x41, 00, 0x40, 00, 0x41, 00, 0x41, 00, 0x41, 00, 0x40,
  00, 0x41, 00, 0x40, 00, 0x01, 00, 0x21, 00, 0x40, 0x08, 0x81,
  00, 0x41, 00, 0x40, 00, 0x41, 00, 0x40, 00, 0x41, 00, 0x40,
  00, 0x41, 00, 0x40, 00, 0x40, 00, 0x20, 00, 0x41, 00, 0x40,
  00, 0x40, 00, 0x20, 00, 00, 0x08, 0x21, 00, 00, 00, 00,
  00, 0x40, 00, 0x20, 00, 00, 00, 00, 00, 0x01, 00, 0x21,
  00, 00, 00, 00, 00, 00, 00, 00, 00, 00, 00, 00,
  0x08, 0x40, 00, 0x20, 00, 0x40, 00, 0x40, 0x08, 0x40, 00, 00,
  0x08, 0x40, 00, 0x40, 0x08, 0x40, 00, 0x20, 0x08, 0x41, 00, 0x41,
  00, 0x40, 00, 0x41, 00, 0x40, 00, 0x40, 00, 0x40, 00, 0x41,
  0x08, 0x40, 00, 0x20, 0x08, 0x80, 00, 0x40, 0x08, 0x41, 00, 0x41,
  00, 0x40, 00, 0x40, 00, 0x40, 00, 0x40, 0x08, 0x40, 00, 0x40,
  00, 0x40, 00, 0x40, 00, 0x40, 00, 0x40, 0x08, 0x40, 00, 0x40,
  0x08, 0x41, 00, 0x41, 0x08, 0x61, 00, 0x41, 00, 0x40, 00, 0x41,
  0x08, 0x61, 00, 0x41, 0x08, 0x61, 00, 0x41, 0x08, 0x61, 00, 0x61,
  0x08, 0x61, 00, 0x61, 0x08, 0x81, 00, 0x41, 0x08, 0x81, 00, 0x81,
  0x08, 0x81, 00, 0x41, 00, 0x81, 00, 0x82, 0x08, 0x81, 00, 0x81,
  0x08, 0x81, 00, 0x61, 0x08, 0x81, 00, 0x41, 0x08, 0x81, 00, 0x61,
  0x08, 0x81, 00, 0x41, 00, 0x81, 00, 0x82, 0x08, 0x81, 00, 0x61,
  0x08, 0x81, 00, 0x81, 0x08, 0x81, 00, 0x81, 0x08, 0xc1, 00, 0xa1,
  0x08, 0x81, 00, 0x41, 00, 0x81, 00, 0x82, 0x08, 0xc1, 00, 0xc2,
  0x10, 0xa0, 0x31, 0xe5, 0x4a, 0x67, 0x08, 0xc1, 0x08, 0xc1, 00, 0xa1,
  0x08, 0xc1, 00, 0xa1, 0x08, 0xc1, 00, 0xc2, 0x08, 0xc1, 00, 0xa1,
  0x08, 0xc1, 00, 0xa1, 0x08, 0xc2, 00, 0x81, 00, 0x81, 00, 0x82,
  0x08, 0xc1, 00, 0xa1, 0x08, 0xc1, 00, 0xa1, 0x08, 0xc2, 00, 0xa2,
  0x08, 0xc1, 00, 0xa1, 0x08, 0xc1, 00, 0xc2, 0x08, 0xa2, 00, 0xa2,
  0x08, 0xc1, 00, 0xe2, 0x08, 0xc2, 00, 0x82, 0x08, 0xc2, 00, 0xa2,
  0x08, 0xc1, 00, 0xa1, 00, 0xc1, 00, 0xc2, 00, 0xc1, 00, 0xc2,
  0x08, 0xc1, 00, 0xc2, 0x08, 0xc1, 00, 0xa1, 00, 0xc2, 00, 0xc3,
  0x08, 0xc2, 00, 0x82, 0x08, 0xc1, 00, 0xa1, 0x08, 0x81, 00, 0x61,
  00, 0x81, 00, 0x82, 0x08, 0xc1, 00, 0xa1, 0x08, 0xc1, 00, 0xa1,
  0x08, 0x81, 00, 0x41, 0x08, 0x81, 00, 0x61, 00, 0x81, 00, 0x82,
  0x08, 0xc1, 00, 0xa1, 0x08, 0x81, 00, 0x41, 0x08, 0x81, 00, 0x61,
  0x08, 0x61, 00, 0x61, 0x08, 0x81, 00, 0x41, 00, 0x40, 00, 0x41,
  0x08, 0x61, 00, 0x61, 0x08, 0x81, 00, 0x81, 0x08, 0x81, 00, 0x61,
  0x08, 0x81, 00, 0x61, 0x08, 0x81, 00, 0x61, 0x08, 0x61, 00, 0x61,
  0x08, 0x81, 00, 0x61, 0x08, 0x80, 00, 0x60, 0x08, 0x61, 00, 0x41,
  0x08, 0x80, 00, 0x40, 0x08, 0x40, 00, 0x40, 0x08, 0x40, 00, 0x20,
  0x08, 0x40, 00, 00, 0x08, 0x40, 00, 0x20, 0x08, 0x40, 00, 00,
  00, 0x40, 00, 0x40, 00, 0x40, 00, 0x40, 00, 0x40, 00, 0x40,
  0x08, 0x61, 00, 0x41, 0x08, 0x40, 00, 0x40, 0x08, 0x40, 00, 0x40,
  0x08, 0x40, 00, 0x20, 0x08, 0x40, 00, 00, 0x08, 0x40, 00, 00,
  0x08, 0x40, 00, 0x20, 0x08, 0x40, 00, 00, 0x08, 0x40, 00, 0x20,
  0x08, 0x40, 00, 00, 0x08, 0x40, 00, 00, 0x08, 0x40, 00, 0x20,
  0x08, 0x40, 00, 00, 0x08, 0x40, 00, 0x41, 0x08, 0x40, 00, 00,
  0x08, 0x40, 00, 0x20, 0x08, 0x40, 00, 00, 0x08, 0x40, 00, 00,
  0x08, 0x40, 00, 00, 0x08, 0x40, 00, 00, 0x08, 0x40, 00, 00,
  00, 0x41, 00, 0x40, 00, 0x41, 00, 0x41, 00, 0x41, 00, 0x41,
  00, 0x41, 00, 0x41, 00, 0x41, 00, 0x41, 00, 0x41, 00, 0x41,
  00, 0x41, 00, 0x41, 00, 0x41, 0x08, 0x61, 00, 0x41, 00, 0x41,
  00, 0x41, 00, 0x41, 00, 0x41, 00, 0x41, 00, 0x41, 00, 0x41,
  00, 0x41, 00, 0x41, 00, 0x41, 00, 0x41, 00, 0x41, 00, 0x41,
  00, 0x41, 00, 0x41, 00, 0x41, 00, 0x41, 00, 0x41, 00, 0x41,
  00, 0x41, 00, 0x41, 00, 0x41, 00, 0x41, 00, 0x41, 00, 0x61,
  00, 0x41, 00, 0x41, 00, 0x41, 00, 0x61, 00, 0x41, 00, 0x61,
  00, 0x81, 00, 0x61, 00, 0x81, 00, 0x61, 00, 0x82, 00, 0x81,
  00, 0x82, 00, 0x61, 00, 0x82, 00, 0x81, 00, 0x82, 00, 0x81,
  00, 0x82, 00, 0x82, 00, 0x82, 00, 0x81, 00, 0x82, 00, 0x81,
  00, 0x81, 00, 0x61, 00, 0x82, 00, 0x81, 00, 0x82, 0x08, 0x81,
  00, 0x81, 0x08, 0xc2, 00, 0x82, 00, 0x61, 00, 0x82, 00, 0x81,
  00, 0x82, 00, 0x82, 00, 0x81, 00, 0xa2, 00, 0xc2, 0x08, 0xc2,
  0x10, 0xa0, 0x73, 0x6b, 0x94, 0x90, 0x20, 0xc1, 00, 0xc3, 0x08, 0xa2,
  00, 0xc2, 00, 0xa2, 00, 0x82, 00, 0xa2, 00, 0xc3, 00, 0x82,
  00, 0x82, 00, 0x82, 00, 0x82, 0x08, 0xa2, 00, 0x82, 00, 0x82,
  00, 0xc2, 00, 0xc2, 00, 0x82, 00, 0xa2, 00, 0xc3, 0x08, 0xa2,
  00, 0xc2, 00, 0xa2, 00, 0xc2, 0x08, 0xe3, 00, 0xc2, 00, 0xa2,
  00, 0x82, 00, 0xa2, 00, 0xc2, 00, 0xa2, 00, 0x82, 00, 0xa2,
  00, 0x82, 00, 0xa2, 00, 0xc2, 00, 0xa2, 00, 0xc2, 00, 0xa2,
  00, 0xc2, 00, 0xa2, 00, 0xc2, 00, 0xa2, 00, 0xc2, 00, 0xa2,
  00, 0xc2, 00, 0xa2, 00, 0xc2, 00, 0xa2, 00, 0x81, 00, 0x61,
  00, 0x82, 00, 0x81, 00, 0x81, 00, 0x61, 00, 0x82, 00, 0x81,
  00, 0x82, 00, 0x61, 00, 0x81, 00, 0x61, 00, 0x82, 00, 0x81,
  00, 0x82, 00, 0x61, 00, 0x42, 00, 0x62, 00, 0x81, 00, 0x61,
  00, 0x41, 00, 0x61, 00, 0x41, 00, 0x41, 00, 0x41, 00, 0x41,
  00, 0x41, 00, 0x61, 00, 0x82, 00, 0x81, 00, 0x81, 00, 0x61,
  00, 0x81, 00, 0x61, 00, 0x41, 00, 0x41, 00, 0x81, 00, 0x81,
  00, 0x41, 0x08, 0x61, 00, 0x41, 00, 0x41, 00, 0x41, 00, 0x41,
  00, 0x41, 00, 0x41, 00, 0x41, 00, 0x41, 00, 0x41, 00, 0x41,
  00, 0x41, 00, 0x41, 00, 0x41, 00, 0x40, 00, 0x41, 00, 0x41,
  00, 0x41, 00, 0x40, 00, 0x41, 00, 0x41, 00, 0x41, 00, 0x41,
  00, 0x41, 00, 0x21, 00, 0x41, 00, 0x41, 00, 0x41, 00, 0x41,
  00, 0x41, 00, 0x41, 00, 0x41, 00, 0x40, 00, 0x41, 0x08, 0x21,
  00, 0x41, 00, 0x41, 00, 0x01, 00, 0x21, 00, 0x01, 00, 0x21,
  00, 00, 0x08, 0x21, 00, 0x01, 00, 0x21, 00, 0x01, 00, 0x21,
  00, 0x01, 00, 0x21, 0x08, 0x41, 0x08, 0x21, 00, 0x01, 00, 0x21,
  00, 0x01, 00, 00, 00, 0x01, 00, 0x21, 00, 00, 0x08, 0x21,
  00, 00, 0x08, 0x21, 00, 00, 00, 00, 00, 00, 00, 00,
  0x08, 0x40, 00, 00, 0x08, 0x40, 00, 00, 0x08, 0x40, 00, 0x40,
  0x08, 0x40, 00, 0x20, 0x08, 0x61, 00, 0x41, 00, 0x40, 00, 0x40,
  0x08, 0x80, 00, 0x40, 00, 0x40, 00, 0x40, 00, 0x40, 00, 0x41,
  00, 0x40, 00, 0x41, 00, 0x40, 00, 0x40, 00, 0x40, 00, 0x40,
  0x08, 0x61, 00, 0x41, 00, 0x40, 00, 0x40, 0x08, 0x41, 00, 0x41,
  0x08, 0x40, 00, 0x20, 0x08, 0x41, 00, 0x41, 0x08, 0x80, 00, 0x40,
  0x08, 0x61, 00, 0x41, 0x08, 0x80, 00, 0x40, 0x08, 0x61, 00, 0x41,
  0x08, 0x61, 00, 0x61, 0x08, 0x61, 00, 0x41, 0x08, 0x61, 00, 0x61,
  0x08, 0x61, 00, 0x41, 0x08, 0x61, 00, 0x61, 0x08, 0x81, 00, 0x81,
  0x08, 0x81, 00, 0x81, 0x08, 0xc1, 00, 0xa1, 0x08, 0x81, 00, 0x61,
  0x08, 0xc1, 00, 0xa1, 00, 0x81, 00, 0x82, 0x08, 0x81, 00, 0x81,
  0x08, 0x81, 00, 0x61, 0x08, 0x81, 00, 0x81, 0x08, 0x81, 00, 0x81,
  00, 0x81, 00, 0x82, 0x08, 0x61, 00, 0x61, 0x08, 0x81, 00, 0x81,
  0x08, 0xc1, 00, 0xa1, 0x08, 0xc1, 00, 0xa1, 0x08, 0xa2, 00, 0xa2,
  0x08, 0xa1, 0x08, 0xe2, 0x19, 0x02, 0x08, 0xc1, 0x08, 0xe3, 00, 0xa2,
  0x08, 0xc1, 00, 0xa1, 00, 0xc1, 00, 0xc2, 0x08, 0xc1, 00, 0xa1,
  0x08, 0xc1, 00, 0xa1, 0x08, 0xc1, 00, 0xa1, 0x08, 0xc1, 00, 0xa1,
  0x08, 0xc1, 00, 0xa1, 0x08, 0xc1, 00, 0xc2, 0x08, 0xc1, 00, 0xa1,
  0x08, 0xa2, 00, 0xa2, 0x08, 0xe2, 00, 0xa1, 0x08, 0xc2, 00, 0xa2,
  0x08, 0xc1, 0x08, 0xe2, 0x08, 0xa2, 00, 0xa2, 00, 0x81, 00, 0x82,
  0x08, 0xc2, 00, 0xc2, 00, 0xc1, 00, 0xc2, 0x09, 0x02, 00, 0xc2,
  0x08, 0xc1, 00, 0xa1, 0x09, 0x02, 00, 0xc2, 0x08, 0xc1, 0x08, 0xe2,
  0x08, 0xc2, 00, 0xa2, 0x08, 0xc1, 00, 0xa1, 00, 0x81, 00, 0x82,
  0x08, 0x81, 00, 0x81, 0x08, 0x81, 00, 0x41, 0x08, 0x61, 00, 0x61,
  0x08, 0x81, 00, 0x81, 0x08, 0x81, 00, 0x61, 0x08, 0x81, 00, 0x41,
  0x08, 0x60, 0x19, 0x23, 0x21, 0x44, 00, 0x41, 0x08, 0x61, 00, 0x41,
  0x08, 0x81, 00, 0x41, 0x08, 0x80, 00, 0x60, 0x08, 0x61, 00, 0x61,
  00, 0x40, 00, 0x41, 0x08, 0x81, 00, 0x81, 0x08, 0xc2, 00, 0x81,
  0x08, 0x81, 00, 0x41, 0x08, 0x61, 00, 0x61, 0x08, 0x81, 00, 0x41,
  0x08, 0x80, 00, 0x40, 0x08, 0x61, 00, 0x41, 00, 0x40, 00, 0x40,
  0x08, 0x40, 00, 0x40, 00, 0x40, 00, 0x40, 0x08, 0x61, 00, 0x41,
  00, 0x40, 00, 0x40, 00, 0x40, 00, 0x40, 0x08, 0x40, 00, 0x20,
  0x08, 0x41, 00, 0x41, 0x08, 0x40, 00, 0x20, 0x08, 0x40, 00, 0x40,
  0x08, 0x40, 00, 0x20, 0x08, 0x80, 00, 0x40, 0x08, 0x40, 00, 0x20,
  0x08, 0x40, 00, 00, 0x08, 0x40, 00, 0x20, 0x08, 0x40, 00, 0x20,
  0x08, 0x40, 00, 0x20, 0x08, 0x40, 00, 00, 0x08, 0x40, 00, 0x20,
  0x08, 0x40, 00, 00, 0x08, 0x40, 00, 0x20, 0x08, 0x40, 00, 00,
  0x08, 0x40, 00, 00, 0x08, 0x40, 00, 00, 0x08, 0x40, 00, 0x20,
  0x08, 0x40, 00, 00, 0x08, 0x20, 00, 0x20, 0x08, 0x40, 00, 00,
  0x08, 0x40, 00, 00, 0x08, 0x40, 00, 0x20, 0x08, 0x40, 00, 0x20,
  00, 0x41, 00, 0x40, 00, 0x01, 00, 0x21, 00, 0x41, 00, 0x41,
  00, 0x41, 00, 0x40, 00, 0x41, 00, 0x41, 00, 0x41, 00, 0x41,
  00, 0x41, 0x08, 0x61, 00, 0x41, 00, 0x41, 00, 0x41, 00, 0x41,
  00, 0x41, 00, 0x41, 00, 0x41, 00, 0x41, 00, 0x41, 00, 0x40,
  00, 0x41, 00, 0x41, 00, 0x41, 00, 0x41, 00, 0x41, 0x08, 0x61,
  00, 0x41, 00, 0x41, 00, 0x41, 00, 0x21, 00, 0x41, 00, 0x41,
  00, 0x41, 00, 0x41, 00, 0x01, 00, 0x21, 00, 0x41, 00, 0x61,
  00, 0x41, 00, 0x41, 00, 0x41, 0x08, 0x61, 00, 0x41, 00, 0x41,
  00, 0x41, 00, 0x61, 00, 0x41, 00, 0x61, 00, 0x82, 00, 0x81,
  00, 0x41, 0x08, 0x62, 00, 0xa2, 00, 0xa2, 00, 0x81, 00, 0x61,
  00, 0x82, 00, 0x82, 00, 0x82, 00, 0x81, 00, 0x81, 00, 0x61,
  00, 0x41, 00, 0x61, 00, 0x82, 00, 0x81, 00, 0x82, 00, 0x81,
  00, 0x82, 00, 0xa2, 00, 0x81, 00, 0x61, 00, 0x82, 00, 0x81,
  00, 0x82, 00, 0xa2, 00, 0x82, 00, 0x82, 00, 0x82, 00, 0xa2,
  00, 0xc2, 0x08, 0xc2, 00, 0xc2, 00, 0xa2, 00, 0xc2, 00, 0xc2,
  00, 0x82, 00, 0x82, 00, 0x82, 00, 0xa2, 00, 0x82, 00, 0x82,
  00, 0x82, 00, 0x82, 00, 0x82, 00, 0x81, 00, 0x82, 00, 0xa2,
  00, 0xc2, 00, 0xa2, 00, 0xc2, 00, 0xa2, 00, 0x82, 00, 0x82,
  00, 0x82, 00, 0xa2, 00, 0xc2, 00, 0xa2, 00, 0xc2, 00, 0xa2,
  00, 0xc2, 0x11, 0x03, 00, 0xc2, 00, 0xa2, 00, 0x82, 0x08, 0xa2,
  0x09, 0x03, 00, 0xa1, 00, 0xc2, 00, 0xa2, 0x01, 0x04, 00, 0xc3,
  00, 0xc2, 00, 0xa2, 00, 0xc2, 0x08, 0xe3, 00, 0xc3, 00, 0xc2,
  00, 0xc2, 00, 0xa2, 00, 0x82, 00, 0xa2, 00, 0xc3, 00, 0x81,
  00, 0x82, 00, 0x82, 00, 0x82, 00, 0x81, 00, 0x81, 00, 0x61,
  00, 0x82, 00, 0x81, 00, 0x81, 00, 0x61, 00, 0x82, 00, 0x81,
  00, 0x20, 0x29, 0x44, 0x21, 0x65, 0x08, 0x60, 00, 0x41, 00, 0x41,
  00, 0x42, 00, 0x62, 00, 0x41, 00, 0x41, 00, 0x41, 00, 0x41,
  00, 0x41, 00, 0x41, 00, 0x41, 00, 0x61, 00, 0x81, 0x08, 0x61,
  00, 0x82, 00, 0x81, 00, 0x41, 00, 0x41, 00, 0x41, 00, 0x61,
  00, 0x41, 00, 0x41, 00, 0x41, 00, 0x61, 00, 0x41, 00, 0x41,
  00, 0x41, 00, 0x41, 00, 0x41, 00, 0x41, 00, 0x41, 00, 0x41,
  00, 0x41, 00, 0x41, 00, 0x41, 00, 0x41, 00, 0x41, 00, 0x41,
  00, 0x41, 00, 0x41, 00, 0x41, 00, 0x41, 00, 0x41, 00, 0x41,
  00, 0x41, 00, 00, 0x29, 0x44, 0x31, 0x44, 00, 00, 0x08, 0x21,
  00, 0x41, 00, 0x41, 00, 0x01, 00, 0x21, 00, 0x41, 00, 0x41,
  00, 0x01, 00, 0x21, 00, 00, 00, 0x20, 00, 00, 00, 00,
  00, 0x41, 00, 0x40, 00, 00, 00, 0x20, 00, 0x41, 00, 0x21,
  00, 0x01, 00, 0x21, 00, 0x41, 00, 0x40, 00, 0x01, 00, 0x21,
  00, 0x01, 00, 0x21, 00, 00, 00, 00, 00, 0x01, 00, 0x21,
  00, 00, 0x08, 0x21, 00, 0x41, 00, 00, 00, 00, 00, 00,
  0x08, 0x40, 00, 00, 0x08, 0x40, 00, 00, 0x08, 0x40, 00, 0x20,
  0x08, 0x40, 00, 0x40, 00, 0x40, 00, 0x40, 0x08, 0x40, 00, 0x40,
  00, 0x40, 00, 0x40, 0x08, 0x80, 00, 0x40, 0x08, 0x81, 00, 0x41,
  0x08, 0x41, 00, 0x41, 00, 0x40, 00, 0x40, 0x08, 0x41, 00, 0x41,
  0x08, 0x40, 00, 0x40, 0x08, 0x80, 00, 0x40, 0x08, 0x81, 00, 0x61,
  00, 0x40, 00, 0x40, 0x08, 0x40, 00, 0x40, 0x08, 0x41, 00, 0x41,
  00, 0x40, 00, 0x41, 0x21, 0x03, 00, 0x40, 00, 0x40, 00, 0x41,
  0x08, 0x81, 00, 0x41, 0x08, 0x61, 00, 0x41, 0x08, 0x61, 00, 0x41,
  0x08, 0x61, 00, 0x41, 0x08, 0x81, 00, 0x41, 00, 0x81, 00, 0x82,
  00, 0x81, 00, 0x82, 0x08, 0x81, 00, 0x81, 00, 0x81, 00, 0x82,
  0x08, 0xc1, 00, 0xa1, 00, 0x81, 00, 0x82, 0x08, 0xa2, 00, 0x61,
  0x08, 0x81, 00, 0x61, 00, 0x81, 00, 0x82, 0x08, 0xc1, 00, 0xa1,
  0x08, 0xc1, 00, 0xa1, 0x08, 0xc1, 00, 0xa1, 0x08, 0xc1, 00, 0xa1,
  0x08, 0xc1, 00, 0xa1, 0x08, 0xc1, 00, 0xa1, 0x08, 0xc2, 00, 0xa2,
  00, 0xc2, 00, 0xc3, 0x08, 0xc2, 00, 0x82, 0x08, 0xc2, 00, 0xa2,
  0x08, 0xc1, 00, 0xa1, 00, 0xc1, 00, 0xc2, 0x08, 0xc1, 00, 0xa1,
  0x08, 0xc1, 00, 0xa1, 0x08, 0xc2, 00, 0xa2, 0x08, 0xc1, 00, 0xa1,
  0x08, 0xc2, 00, 0x82, 0x08, 0xc1, 00, 0xc2, 0x08, 0xc1, 00, 0xa1,
  0x08, 0xc1, 00, 0xa1, 0x08, 0xa2, 00, 0xa2, 00, 0xc1, 00, 0xc2,
  0x09, 0x02, 00, 0xc2, 0x08, 0xc1, 00, 0xa1, 0x08, 0xc2, 00, 0xc2,
  0x09, 0x02, 00, 0xc2, 0x09, 0x02, 00, 0xc2, 00, 0xc2, 00, 0xc3,
  0x09, 0x02, 00, 0xc2, 0x09, 0x02, 0x01, 0x02, 0x09, 0x02, 00, 0xc2,
  0x08, 0xc1, 00, 0xa1, 0x08, 0xc2, 00, 0xa2, 0x08, 0xc1, 00, 0xa1,
  0x08, 0xc1, 00, 0xa1, 0x08, 0x81, 00, 0x61, 0x08, 0x81, 00, 0x61,
  0x08, 0x81, 00, 0x61, 0x08, 0x81, 00, 0x41, 0x08, 0x81, 00, 0x61,
  0x08, 0xa1, 00, 0x60, 00, 0x81, 00, 0x81, 0x08, 0x81, 00, 0x61,
  0x08, 0x61, 00, 0x61, 0x08, 0x81, 00, 0x41, 0x08, 0x61, 00, 0x61,
  0x08, 0x61, 00, 0x61, 0x08, 0x81, 00, 0x41, 0x08, 0x81, 00, 0x61,
  0x08, 0x81, 00, 0x41, 0x08, 0x81, 00, 0x61, 0x08, 0x61, 00, 0x41,
  0x08, 0x61, 00, 0x61, 0x08, 0x81, 00, 0x41, 0x08, 0x61, 00, 0x41,
  0x08, 0x80, 00, 0x40, 0x08, 0x41, 00, 0x41, 0x08, 0x40, 00, 0x20,
  0x08, 0x40, 00, 0x40, 0x08, 0x40, 00, 0x41, 00, 0x40, 00, 0x40,
  0x08, 0x40, 00, 00, 0x08, 0x40, 00, 00, 0x08, 0x40, 00, 0x40,
  0x08, 0x40, 00, 0x40, 0x08, 0x40, 00, 0x41, 0x08, 0x40, 00, 00,
  0x08, 0x40, 00, 0x20, 0x08, 0x40, 00, 00, 0x08, 0x40, 00, 00,
  0x08, 0x40, 00, 00, 0x08, 0x40, 00, 0x20, 0x08, 0x40, 00, 00,
  0x08, 0x40, 00, 0x20, 0x08, 0x40, 00, 00, 0x08, 0x40, 00, 00,
  0x08, 0x40, 00, 0x20, 0x08, 0x40, 00, 00, 0x08, 0x40, 00, 00,
  0x08, 0x40, 00, 0x20, 0x08, 0x40, 00, 00, 0x08, 0x40, 00, 00,
  0x08, 0x20, 00, 0x20, 0x08, 0x40, 00, 00, 0x08, 0x40, 00, 00,
  00, 0x01, 00, 0x21, 00, 0x41, 00, 0x40, 00, 0x01, 00, 0x21,
  00, 0x41, 00, 0x41, 00, 00, 0x18, 0xa2, 00, 0x42, 00, 0x21,
  00, 0x41, 00, 0x41, 00, 0x41, 00, 0x41, 00, 0x41, 00, 0x41,
  00, 0x41, 00, 0x41, 00, 0x41, 00, 0x41, 00, 0x41, 00, 0x41,
  00, 0x41, 00, 0x41, 00, 0x41, 00, 0x41, 00, 0x41, 00, 0x41,
  00, 0x41, 00, 0x41, 00, 0x41, 00, 0x41, 00, 0x41, 00, 0x41,
  00, 0x41, 00, 0x41, 0x10, 0xc3, 00, 0x40, 00, 0x41, 00, 0x41,
  00, 0x41, 00, 0x61, 00, 0x81, 00, 0x61, 00, 0x41, 00, 0x41,
  00, 0x41, 00, 0x61, 00, 0x41, 00, 0x61, 00, 0x82, 00, 0x81,
  00, 0x82, 00, 0x81, 00, 0x82, 00, 0x81, 00, 0x81, 00, 0x61,
  0x08, 0xc3, 0x08, 0x81, 00, 0x42, 00, 0x62, 00, 0x81, 00, 0x61,
  00, 0x41, 00, 0x61, 00, 0x41, 00, 0x61, 00, 0x81, 00, 0x61,
  00, 0xa2, 00, 0xa2, 00, 0x81, 00, 0xa2, 00, 0x82, 00, 0xa2,
  00, 0x82, 00, 0x82, 00, 0x82, 00, 0x82, 00, 0x82, 00, 0xa2,
  00, 0x82, 00, 0xa2, 00, 0xc2, 00, 0xa2, 00, 0xc2, 00, 0xa2,
  00, 0xc2, 00, 0xa2, 00, 0xc2, 00, 0xa2, 00, 0x82, 0x08, 0xa2,
  00, 0xc2, 00, 0xa2, 00, 0xc2, 00, 0xa2, 00, 0x82, 00, 0xa2,
  00, 0xc2, 00, 0xa2, 00, 0xc2, 00, 0xa2, 00, 0xc2, 00, 0xa2,
  00, 0x82, 00, 0xa2, 00, 0x82, 00, 0xa2, 00, 0xc2, 00, 0xa2,
  0x01, 0x02, 00, 0xc1, 00, 0x82, 00, 0xa2, 00, 0xc2, 0x08, 0xe3,
  0x01, 0x03, 00, 0xc1, 00, 0xc2, 00, 0xa2, 00, 0xc2, 00, 0xc2,
  0x01, 0x04, 0x08, 0xe3, 00, 0xc2, 00, 0xa2, 00, 0xc3, 00, 0xc2,
  00, 0xc2, 00, 0xa2, 00, 0x82, 00, 0xa2, 00, 0xc2, 00, 0xa2,
  00, 0x82, 00, 0x81, 00, 0x82, 00, 0x81, 00, 0x81, 00, 0x61,
  00, 0x41, 00, 0x61, 00, 0x41, 00, 0x61, 00, 0x82, 00, 0x81,
  00, 0x82, 00, 0x81, 00, 0x82, 00, 0x81, 00, 0x82, 00, 0x61,
  00, 0x81, 00, 0x61, 00, 0x41, 00, 0x41, 00, 0x41, 00, 0x41,
  00, 0x41, 00, 0x61, 00, 0x82, 00, 0x81, 00, 0x82, 00, 0x61,
  00, 0x41, 0x08, 0x61, 00, 0x81, 00, 0x81, 00, 0x81, 0x08, 0x61,
  00, 0x82, 00, 0x61, 00, 0x41, 00, 0x40, 00, 0x41, 00, 0x41,
  00, 0x41, 00, 0x41, 00, 0x41, 00, 0x41, 00, 0x41, 00, 0x41,
  00, 0x42, 00, 0x21, 00, 0x41, 00, 0x41, 00, 0x41, 0x08, 0x21,
  00, 0x41, 00, 0x40, 00, 0x41, 00, 0x41, 00, 0x41, 00, 0x40,
  00, 0x41, 00, 0x41, 00, 0x41, 00, 0x40, 00, 0x41, 00, 0x41,
  00, 0x41, 00, 0x40, 00, 0x41, 00, 0x41, 00, 0x41, 00, 0x40,
  00, 0x41, 00, 0x40, 00, 0x01, 00, 0x21, 00, 0x01, 00, 0x21,
  00, 0x01, 00, 0x21, 00, 0x01, 00, 0x21, 00, 00, 0x08, 0x21,
  0x08, 0x82, 00, 0x40, 00, 0x41, 00, 0x40, 00, 0x01, 00, 0x21,
  00, 0x20, 00, 0x20, 00, 0x01, 00, 0x21, 00, 0x01, 00, 0x21,
  00, 00, 00, 00, 00, 00, 00, 00, 00, 00, 00, 00,
  0x08, 0x40, 00, 00, 0x08, 0x40, 00, 0x20, 0x08, 0x40, 00, 00,
  0x08, 0x40, 00, 0x20, 0x08, 0x40, 00, 00, 0x08, 0x40, 00, 0x20,
  0x08, 0x61, 00, 0x41, 0x08, 0x80, 00, 0x60, 0x08, 0x61, 00, 0x61,
  00, 0x40, 00, 0x40, 0x08, 0x61, 00, 0x41, 0x08, 0x40, 00, 0x40,
  0x08, 0x61, 00, 0x41, 0x08, 0x41, 00, 0x41, 0x08, 0x61, 00, 0x41,
  00, 0x40, 00, 0x40, 0x08, 0x41, 00, 0x41, 00, 0x40, 00, 0x40,
  0x08, 0x61, 00, 0x41, 00, 0x40, 00, 0x41, 0x08, 0x61, 00, 0x41,
  0x08, 0x61, 00, 0x61, 0x08, 0x81, 00, 0x41, 0x08, 0x81, 00, 0x61,
  0x08, 0x81, 00, 0x81, 0x08, 0x81, 00, 0x61, 0x08, 0x81, 00, 0x81,
  0x08, 0x81, 00, 0x61, 0x08, 0x81, 00, 0x81, 0x08, 0x81, 00, 0x61,
  0x08, 0x81, 00, 0x41, 0x08, 0x81, 00, 0x61, 0x08, 0x81, 00, 0x41,
  0x08, 0x81, 00, 0x61, 0x08, 0x81, 00, 0x41, 0x08, 0x81, 00, 0x61,
  00, 0x81, 00, 0x82, 0x08, 0xc1, 00, 0xa1, 0x08, 0xc2, 00, 0xc2,
  0x08, 0xc1, 00, 0xa1, 0x08, 0xc2, 00, 0xa2, 0x08, 0xc1, 00, 0xa1,
  0x08, 0xc1, 00, 0xc2, 0x08, 0xc1, 00, 0xa1, 0x08, 0xc1, 00, 0xa1,
  0x08, 0xc1, 00, 0xa1, 0x09, 0x02, 00, 0xc2, 0x08, 0xc1, 00, 0xa1,
  0x08, 0xa2, 00, 0xa2, 0x08, 0xc1, 00, 0xa1, 00, 0xc2, 00, 0xc2,
  0x11, 0x03, 00, 0xc2, 0x08, 0xc2, 00, 0x82, 0x08, 0xc1, 00, 0xc2,
  0x09, 0x02, 00, 0xe2, 0x08, 0xc1, 00, 0xa1, 0x09, 0x02, 00, 0xc2,
  0x08, 0xe3, 00, 0xa2, 0x08, 0xc1, 00, 0xc2, 0x08, 0xc2, 00, 0xc2,
  00, 0xc1, 00, 0xc2, 0x08, 0xc1, 00, 0xc2, 0x09, 0x02, 00, 0xc2,
  00, 0xc2, 00, 0xc3, 0x08, 0xc2, 00, 0xc2, 00, 0xc1, 00, 0xc2,
  0x08, 0xc2, 00, 0x82, 0x08, 0xc1, 00, 0xa1, 0x08, 0xc1, 00, 0xa1,
  0x08, 0x81, 00, 0x61, 0x08, 0x81, 00, 0x81, 0x08, 0x81, 00, 0x61,
  0x08, 0x81, 00, 0x41, 0x08, 0x81, 00, 0x61, 0x10, 0xa2, 00, 0x61,
  0x08, 0x61, 00, 0x61, 0x08, 0x81, 00, 0x81, 0x08, 0x81, 00, 0x41,
  0x08, 0x81, 00, 0x61, 0x08, 0x81, 00, 0x61, 0x08, 0x81, 00, 0x41,
  0x08, 0x61, 00, 0x61, 0x08, 0x81, 00, 0x81, 0x08, 0xa1, 00, 0x61,
  0x08, 0x81, 00, 0x41, 0x08, 0x61, 00, 0x61, 0x08, 0x61, 00, 0x61,
  0x08, 0x81, 00, 0x41, 0x29, 0x44, 0x10, 0x82, 00, 0x40, 00, 0x41,
  0x08, 0x81, 00, 0x41, 0x08, 0x40, 00, 0x41, 0x08, 0x80, 00, 0x40,
  00, 0x40, 00, 0x40, 0x08, 0x80, 00, 0x40, 0x10, 0x60, 00, 0x40,
  0x08, 0x81, 00, 0x40, 0x08, 0x40, 00, 0x20, 0x08, 0x40, 00, 0x40,
  0x08, 0x40, 00, 0x20, 0x08, 0x40, 00, 0x40, 0x08, 0x40, 00, 0x20,
  0x08, 0x40, 00, 0x40, 0x08, 0x40, 00, 00, 0x08, 0x40, 00, 0x40,
  0x08, 0x40, 00, 0x20, 0x08, 0x40, 00, 00, 0x08, 0x40, 00, 0x20,
  0x08, 0x40, 00, 00, 0x08, 0x40, 00, 00, 0x08, 0x20, 00, 0x20,
  0x08, 0x40, 00, 0x41, 0x10, 0x81, 00, 0x20, 0x08, 0x40, 00, 00,
  0x08, 0x40, 00, 00, 0x08, 0x40, 00, 00, 0x08, 0x40, 00, 00,
  0x08, 0x40, 00, 00, 0x08, 0x40, 00, 00, 0x08, 0x40, 00, 0x20,
  00, 0x41, 00, 0x41, 00, 0x01, 00, 0x21, 00, 0x41, 00, 0x41,
  00, 0x41, 00, 0x41, 00, 0x41, 00, 0x41, 00, 0x41, 00, 0x41,
  00, 0x41, 00, 0x41, 00, 0x41, 00, 0x41, 00, 0x41, 0x08, 0x61,
  00, 0x41, 00, 0x41, 00, 0x41, 00, 0x41, 00, 0x41, 00, 0x41,
  00, 0x41, 00, 0x61, 00, 0x41, 00, 0x41, 00, 0x82, 00, 0x81,
  00, 0x41, 00, 0x41, 00, 0x41, 00, 0x41, 00, 0x41, 00, 0x41,
  00, 0x41, 0x08, 0x61, 00, 0x41, 0x08, 0x82, 00, 0x82, 00, 0x61,
  00, 0x41, 00, 0x61, 00, 0x41, 00, 0x61, 00, 0x42, 00, 0x62,
  00, 0x82, 00, 0x82, 00, 0x81, 00, 0x61, 00, 0x81, 00, 0x81,
  00, 0x41, 00, 0x61, 00, 0x82, 00, 0x81, 00, 0x82, 00, 0x81,
  0x11, 0x04, 00, 0x61, 00, 0x82, 00, 0x81, 00, 0x81, 00, 0x61,
  00, 0x41, 00, 0x61, 00, 0x81, 0x08, 0x81, 00, 0x81, 00, 0x61,
  00, 0x82, 00, 0x81, 00, 0x81, 00, 0xa2, 00, 0xc2, 00, 0xa2,
  00, 0xc2, 00, 0xa2, 00, 0x82, 00, 0xa2, 00, 0xc2, 00, 0xa2,
  00, 0xc2, 00, 0xa2, 00, 0xc2, 00, 0xa2, 00, 0xc2, 00, 0xa2,
  00, 0xc2, 00, 0xa2, 00, 0x82, 0x08, 0xa2, 00, 0x82, 00, 0x82,
  00, 0x82, 00, 0xa2, 00, 0x82, 00, 0x82, 00, 0xc2, 00, 0xa2,
  00, 0xc3, 0x08, 0xa2, 00, 0xc2, 00, 0xa2, 00, 0xc3, 00, 0xc2,
  00, 0xc2, 0x08, 0xe3, 00, 0xc2, 00, 0xc2, 0x01, 0x03, 0x09, 0x02,
  00, 0xc2, 00, 0xc2, 00, 0xc2, 00, 0xa2, 00, 0x82, 00, 0xa2,
  00, 0xc2, 00, 0xa2, 0x01, 0x03, 00, 0xc1, 00, 0xc3, 00, 0xe3,
  00, 0xc2, 00, 0xa2, 00, 0xc3, 00, 0xc2, 00, 0xc2, 00, 0xc2,
  00, 0xc2, 00, 0xa2, 00, 0x82, 00, 0x81, 00, 0x82, 00, 0x82,
  00, 0x82, 00, 0x81, 00, 0x82, 0x08, 0xa2, 00, 0x82, 00, 0x61,
  00, 0x82, 00, 0x81, 00, 0x81, 00, 0x61, 00, 0x82, 00, 0x81,
  00, 0x81, 00, 0x61, 00, 0x82, 00, 0x81, 00, 0x82, 00, 0x81,
  00, 0x82, 00, 0x81, 00, 0x82, 00, 0x61, 00, 0x42, 00, 0x62,
  00, 0x41, 00, 0x61, 00, 0x82, 00, 0x82, 00, 0x82, 00, 0x61,
  00, 0x82, 00, 0x81, 00, 0x82, 00, 0x40, 00, 0x41, 0x08, 0x61,
  00, 0x82, 00, 0x40, 0x19, 0x04, 0x10, 0x82, 00, 0x41, 00, 0x41,
  00, 0x41, 00, 0x61, 00, 0x41, 00, 0x41, 00, 0x41, 00, 0x41,
  00, 0x41, 00, 0x41, 00, 0x41, 00, 0x41, 00, 0x41, 00, 0x40,
  00, 0x41, 00, 0x21, 00, 0x41, 00, 0x41, 00, 0x41, 00, 0x41,
  00, 0x41, 00, 0x41, 00, 0x41, 00, 0x41, 00, 0x01, 00, 0x21,
  00, 0x41, 00, 0x41, 00, 00, 0x08, 0x21, 00, 0x42, 00, 0x21,
  00, 0x41, 00, 0x41, 00, 0x41, 00, 0x41, 00, 0x41, 00, 0x40,
  00, 0x41, 00, 00, 00, 0x41, 0x08, 0x21, 00, 00, 0x08, 0x21,
  00, 0x01, 00, 0x21, 00, 0x41, 00, 0x41, 00, 0x41, 0x08, 0x40,
  00, 0x42, 00, 0x21, 00, 00, 0x08, 0x20, 00, 0x41, 0x08, 0x40,
  00, 00, 00, 00, 00, 0x01, 00, 0x21, 00, 00, 00, 00,
  0x08, 0x40, 00, 0x20, 0x08, 0x40, 00, 00, 0x08, 0x40, 00, 00,
  0x08, 0x40, 00, 00, 0x08, 0x40, 00, 00, 0x08, 0x40, 00, 0x20,
  0x08, 0x40, 00, 0x40, 0x08, 0x40, 00, 0x40, 00, 0x40, 00, 0x41,
  0x08, 0x61, 00, 0x41, 0x08, 0x61, 00, 0x41, 0x08, 0x61, 00, 0x41,
  0x08, 0x61, 00, 0x41, 0x08, 0x61, 00, 0x61, 0x08, 0x81, 00, 0x41,
  0x08, 0x80, 00, 0x40, 00, 0x40, 00, 0x41, 0x08, 0x61, 00, 0x41,
  0x08, 0x61, 00, 0x41, 0x08, 0x61, 00, 0x41, 0x08, 0x61, 00, 0x61,
  0x08, 0x81, 00, 0x61, 0x08, 0x81, 00, 0x41, 00, 0x81, 00, 0x82,
  0x08, 0x81, 00, 0x41, 0x08, 0x81, 00, 0x41, 0x08, 0x81, 00, 0x61,
  0x08, 0x81, 00, 0x41, 0x08, 0xa2, 00, 0x61, 0x08, 0x81, 00, 0x41,
  0x08, 0xc1, 00, 0xa1, 00, 0x81, 00, 0x82, 0x08, 0x81, 00, 0x61,
  0x08, 0x81, 00, 0x61, 00, 0x81, 00, 0x82, 0x08, 0x81, 00, 0x41,
  00, 0x81, 00, 0x82, 0x08, 0xc1, 00, 0xc2, 0x11, 0x03, 00, 0xa2,
  0x08, 0xc2, 00, 0xc2, 0x08, 0xc2, 00, 0xa2, 0x08, 0xc2, 00, 0xa2,
  0x08, 0xc1, 00, 0xa1, 0x08, 0xc2, 00, 0xa2, 0x08, 0xc2, 00, 0xa2,
  0x08, 0xc1, 00, 0xa1, 0x10, 0xc2, 00, 0x82, 0x08, 0xc1, 00, 0xa1,
  0x08, 0xa2, 00, 0xa2, 0x08, 0xc1, 00, 0xc2, 0x08, 0xe2, 00, 0x81,
  0x08, 0xa2, 00, 0xa2, 0x08, 0xc1, 00, 0xc2, 0x08, 0xe3, 00, 0xa2,
  00, 0xc1, 00, 0xc2, 0x09, 0x02, 00, 0xe2, 0x08, 0xc1, 00, 0xa1,
  0x08, 0xc1, 00, 0xc2, 0x11, 0x43, 00, 0xc2, 0x09, 0x02, 00, 0xc2,
  0x09, 0x02, 00, 0xc2, 0x09, 0x02, 00, 0xc2, 0x09, 0x02, 00, 0xc2,
  0x08, 0xc2, 00, 0x82, 0x08, 0xc1, 00, 0xc2, 0x08, 0xc1, 00, 0xa1,
  0x08, 0xa2, 00, 0xa2, 0x08, 0xc1, 00, 0xa1, 0x08, 0xc1, 00, 0xa1,
  0x08, 0xc1, 00, 0xa1, 0x08, 0xc1, 00, 0xa1, 0x08, 0xc1, 00, 0xa1,
  0x08, 0x81, 00, 0x61, 0x08, 0x81, 00, 0x41, 0x08, 0x81, 00, 0x61,
  0x08, 0x81, 00, 0x61, 0x08, 0x81, 00, 0x61, 0x08, 0xc1, 00, 0xa1,
  0x08, 0x81, 00, 0x61, 0x08, 0x81, 00, 0x41, 0x08, 0x61, 00, 0x61,
  0x08, 0x81, 00, 0x61, 0x08, 0x81, 00, 0x81, 0x08, 0x81, 00, 0x41,
  0x08, 0x81, 00, 0x61, 0x08, 0x81, 00, 0x41, 0x08, 0x61, 00, 0x61,
  0x08, 0x81, 00, 0x41, 00, 0x40, 00, 0x40, 0x08, 0x61, 00, 0x41,
  0x08, 0x61, 00, 0x61, 0x08, 0x81, 00, 0x41, 00, 0x40, 00, 0x40,
  0x08, 0x41, 00, 0x41, 0x08, 0x40, 00, 0x20, 0x08, 0x80, 00, 0x40,
  0x08, 0x40, 00, 0x20, 0x08, 0x40, 00, 0x20, 0x08, 0x40, 00, 0x40,
  0x08, 0x40, 00, 00, 0x08, 0x40, 00, 0x20, 0x08, 0x40, 00, 0x40,
  0x08, 0x40, 00, 0x40, 00, 0x40, 00, 0x40, 0x08, 0x40, 00, 0x20,
  00, 0x40, 00, 0x40, 0x08, 0x40, 00, 00, 0x08, 0x40, 00, 00,
  0x08, 0x40, 00, 0x20, 0x08, 0x40, 00, 0x20, 0x08, 0x40, 00, 00,
  0x08, 0x40, 00, 00, 0x08, 0x40, 00, 00, 0x08, 0x40, 00, 0x20,
  0x08, 0x40, 00, 0x20, 0x08, 0x40, 00, 00, 0x08, 0x40, 00, 00,
  0x08, 0x40, 00, 00, 0x08, 0x40, 00, 00, 0x08, 0x40, 00, 00,
  00, 0x01, 00, 0x21, 00, 0x01, 00, 0x21, 00, 0x41, 00, 0x41,
  00, 0x41, 00, 0x41, 00, 0x41, 00, 0x41, 00, 0x41, 00, 0x41,
  00, 0x41, 00, 0x40, 00, 0x41, 00, 0x41, 00, 0x41, 00, 0x41,
  00, 0x41, 00, 0x41, 00, 0x41, 00, 0x41, 00, 0x41, 00, 0x41,
  00, 0x81, 0x08, 0x61, 00, 0x41, 00, 0x61, 00, 0x41, 00, 0x41,
  00, 0x41, 00, 0x41, 00, 0x41, 00, 0x41, 00, 0x41, 00, 0x41,
  00, 0x41, 00, 0x41, 00, 0x41, 00, 0x41, 00, 0x41, 00, 0x41,
  00, 0x41, 0x08, 0x61, 00, 0x82, 00, 0x61, 00, 0x82, 00, 0x81,
  00, 0x41, 00, 0x61, 00, 0x81, 00, 0x61, 00, 0x81, 00, 0x61,
  00, 0x42, 00, 0x62, 00, 0x82, 00, 0x81, 00, 0x82, 00, 0x81,
  00, 0x82, 00, 0x81, 00, 0x82, 00, 0x81, 00, 0x81, 00, 0x61,
  00, 0x81, 00, 0x61, 00, 0x41, 00, 0x61, 00, 0x82, 00, 0x81,
  00, 0x81, 00, 0xa2, 00, 0xc2, 0x08, 0xc2, 00, 0xc2, 00, 0xa2,
  0x01, 0x04, 00, 0xc3, 00, 0xc2, 00, 0xa2, 00, 0xc2, 00, 0xa2,
  00, 0x82, 00, 0xa2, 00, 0x82, 00, 0xa2, 00, 0xc2, 00, 0xa2,
  00, 0xc2, 00, 0xc2, 00, 0x82, 00, 0xa2, 00, 0xe3, 00, 0xa2,
  00, 0x82, 0x08, 0xa2, 00, 0xc2, 00, 0xc2, 00, 0xc2, 00, 0xa2,
  00, 0xc2, 00, 0xc2, 00, 0xc2, 00, 0xa2, 00, 0xc2, 00, 0xa2,
  00, 0xc2, 00, 0xc2, 00, 0xc2, 00, 0xa2, 00, 0xc2, 00, 0xa2,
  00, 0xc3, 00, 0xc2, 0x01, 0x03, 00, 0xe3, 0x01, 0x04, 0x01, 0x24,
  0x01, 0x03, 00, 0xc2, 00, 0xc3, 00, 0xc2, 00, 0xc2, 00, 0xa2,
  00, 0xc2, 00, 0xa2, 00, 0xc2, 00, 0xc2, 00, 0x82, 00, 0xa2,
  00, 0xc2, 00, 0xa2, 00, 0x82, 00, 0x61, 00, 0x81, 0x08, 0xc2,
  00, 0x82, 00, 0x81, 00, 0x82, 00, 0x81, 00, 0x81, 00, 0x81,
  00, 0x82, 00, 0x81, 00, 0x82, 00, 0x82, 00, 0x82, 00, 0x81,
  00, 0x82, 00, 0x81, 00, 0x42, 00, 0x62, 00, 0x82, 00, 0x81,
  00, 0x82, 00, 0x61, 00, 0x82, 00, 0x81, 00, 0x41, 00, 0x61,
  00, 0x82, 00, 0x81, 00, 0x82, 00, 0x81, 00, 0x81, 00, 0x61,
  00, 0x81, 00, 0x61, 00, 0x41, 00, 0x61, 00, 0x41, 00, 0x61,
  00, 0x41, 00, 0x41, 00, 0x41, 00, 0x41, 00, 0x41, 00, 0x41,
  00, 0x41, 0x08, 0x61, 00, 0x81, 00, 0x81, 00, 0x41, 00, 0x21,
  00, 0x41, 00, 0x41, 00, 0x41, 00, 0x41, 00, 0x41, 00, 0x41,
  00, 0x41, 00, 0x41, 00, 0x41, 0x08, 0x81, 00, 0x41, 00, 0x41,
  00, 0x41, 00, 0x41, 00, 0x41, 00, 0x40, 00, 0x41, 00, 0x41,
  00, 0x41, 00, 0x41, 00, 0x41, 00, 0x21, 00, 0x41, 00, 0x41,
  00, 0x41, 0x08, 0x21, 00, 0x01, 00, 0x21, 00, 0x41, 00, 0x41,
  00, 0x41, 00, 0x21, 00, 0x01, 00, 0x21, 00, 0x01, 00, 0x21,
  00, 00, 0x08, 0x21, 00, 00, 00, 0x20, 00, 0x01, 00, 0x21,
  00, 0x01, 00, 0x21, 00, 0x01, 00, 0x21, 00, 00, 00, 0x20,
  00, 00, 00, 0x20, 00, 00, 00, 0x20, 00, 00, 00, 00,
  0x08, 0x40, 00, 00, 0x08, 0x40, 00, 0x20, 0x08, 0x40, 00, 0x40,
  0x08, 0x40, 00, 0x20, 0x08, 0x40, 00, 0x40, 0x08, 0x40, 00, 0x20,
  00, 0x40, 00, 0x40, 00, 0x40, 00, 0x40, 0x08, 0x61, 00, 0x41,
  0x08, 0x61, 00, 0x20, 00, 0x40, 00, 0x41, 0x08, 0x61, 00, 0x61,
  0x08, 0x61, 00, 0x61, 0x08, 0x81, 0x08, 0x81, 0x08, 0x61, 00, 0x61,
  00, 0x40, 00, 0x40, 0x08, 0x61, 00, 0x41, 0x08, 0x61, 00, 0x61,
  0x08, 0x61, 00, 0x41, 0x08, 0x80, 00, 0x60, 0x08, 0x81, 00, 0x41,
  0x08, 0x61, 00, 0x61, 0x08, 0x81, 00, 0x81, 0x10, 0xa2, 00, 0x61,
  0x08, 0x81, 00, 0x41, 0x08, 0x81, 00, 0x61, 0x08, 0x81, 00, 0x61,
  0x08, 0x61, 00, 0x61, 0x08, 0xc1, 00, 0xa1, 0x19, 0x03, 0x08, 0x81,
  0x08, 0xc1, 00, 0xa1, 00, 0x81, 00, 0x82, 0x08, 0xc1, 00, 0xa1,
  0x08, 0x81, 00, 0x61, 0x08, 0x81, 00, 0x41, 00, 0x81, 00, 0x82,
  00, 0x81, 00, 0xc2, 0x08, 0xc1, 00, 0xa1, 0x08, 0xc1, 00, 0xa1,
  0x08, 0xc1, 00, 0xc2, 0x09, 0x02, 00, 0xc2, 0x10, 0xe3, 00, 0xa2,
  0x08, 0xc1, 00, 0xa1, 0x08, 0xc1, 00, 0xa1, 0x08, 0xe3, 00, 0xa2,
  0x08, 0xc1, 00, 0xa1, 0x08, 0xc1, 00, 0xa1, 0x08, 0xc1, 00, 0xa1,
  0x08, 0xc1, 00, 0xc2, 0x08, 0xc1, 00, 0xa1, 0x08, 0xc2, 00, 0xa2,
  00, 0xc1, 00, 0xc2, 0x08, 0xe3, 00, 0xa2, 00, 0xc1, 00, 0xc2,
  0x09, 0x03, 0x09, 0x03, 0x09, 0x02, 00, 0xe2, 0x08, 0xc1, 00, 0xc2,
  0x09, 0x23, 0x01, 0x23, 0x09, 0x02, 00, 0xe2, 0x09, 0x02, 00, 0xe2,
  0x09, 0x23, 00, 0xe2, 0x09, 0x02, 00, 0xe2, 0x08, 0xc2, 00, 0xc2,
  0x09, 0x02, 00, 0xe2, 0x08, 0xc2, 00, 0x82, 0x08, 0xc1, 00, 0xa1,
  0x08, 0xc2, 00, 0xa2, 0x08, 0xc2, 00, 0x81, 0x08, 0xc1, 00, 0xa1,
  0x08, 0x81, 00, 0x61, 0x08, 0x81, 00, 0x81, 00, 0x81, 00, 0x82,
  0x08, 0xc1, 00, 0xa1, 0x08, 0xc1, 00, 0xa1, 0x08, 0xc1, 00, 0xa1,
  00, 0x81, 00, 0x82, 0x08, 0xc1, 00, 0xa1, 00, 0x81, 00, 0x82,
  0x08, 0x81, 00, 0x81, 0x08, 0x81, 00, 0x61, 0x08, 0x81, 00, 0x41,
  00, 0x81, 00, 0x82, 0x08, 0x81, 00, 0x81, 0x08, 0x81, 00, 0x61,
  00, 0x81, 00, 0x82, 0x08, 0x61, 00, 0x61, 0x08, 0x81, 00, 0x61,
  0x08, 0x61, 00, 0x61, 0x08, 0x81, 00, 0x41, 0x08, 0x80, 00, 0x40,
  0x08, 0x61, 00, 0x41, 00, 0x40, 00, 0x40, 0x08, 0x61, 00, 0x41,
  0x08, 0x41, 00, 0x41, 0x08, 0x81, 00, 0x41, 00, 0x40, 00, 0x40,
  0x08, 0x40, 00, 0x40, 0x08, 0x40, 0x08, 0x41, 0x08, 0x40, 00, 0x40,
  0x08, 0x40, 00, 0x20, 0x08, 0x40, 00, 0x40, 0x08, 0x40, 00, 00,
  00, 0x40, 00, 0x40, 0x08, 0x40, 00, 00, 0x08, 0x40, 00, 00,
  0x08, 0x20, 0x08, 0x41, 0x08, 0x40, 00, 0x20, 0x08, 0x40, 00, 0x20,
  0x08, 0x40, 00, 00, 0x08, 0x40, 00, 0x20, 0x08, 0x40, 00, 0x20,
  0x08, 0x40, 00, 0x20, 0x08, 0x40, 00, 0x41, 0x08, 0x40, 00, 0x20,
  0x08, 0x40, 00, 00, 0x08, 0x40, 00, 00, 0x08, 0x40, 00, 00,
  0x08, 0x40, 00, 00, 0x08, 0x40, 00, 00, 0x08, 0x40, 00, 0x20,
  00, 0x41, 00, 0x41, 00, 0x01, 00, 0x21, 00, 0x41, 00, 0x41,
  00, 0x01, 00, 0x21, 00, 0x41, 00, 0x41, 00, 0x41, 00, 0x41,
  00, 0x41, 00, 0x41, 00, 0x41, 00, 0x41, 00, 0x41, 0x08, 0x61,
  00, 0x41, 00, 0x41, 00, 0x41, 00, 0x61, 00, 0x41, 0x08, 0x82,
  00, 0x82, 00, 0x61, 00, 0x41, 00, 0x41, 00, 0x41, 00, 0x41,
  00, 0x41, 00, 0x41, 00, 0x41, 00, 0x61, 00, 0x41, 00, 0x41,
  00, 0x41, 00, 0x41, 00, 0x41, 00, 0x41, 00, 0x81, 00, 0x81,
  00, 0x41, 00, 0x61, 00, 0x41, 00, 0x61, 00, 0x41, 00, 0x61,
  00, 0x81, 00, 0x81, 00, 0x81, 00, 0x61, 00, 0x82, 00, 0x81,
  00, 0x41, 00, 0x61, 00, 0x82, 00, 0x81, 00, 0x82, 0x08, 0x62,
  00, 0x82, 00, 0x82, 00, 0x42, 00, 0x62, 00, 0x82, 00, 0x81,
  00, 0x82, 00, 0x61, 00, 0x82, 00, 0x81, 00, 0x82, 00, 0x81,
  00, 0x82, 00, 0xa2, 00, 0x82, 00, 0xa2, 00, 0xc2, 0x11, 0x03,
  0x11, 0x65, 00, 0xa2, 00, 0xc2, 00, 0xa2, 00, 0xc2, 00, 0xc2,
  00, 0x82, 00, 0xa2, 00, 0xc2, 00, 0xa2, 00, 0xc2, 00, 0xc2,
  00, 0x82, 00, 0x81, 00, 0x81, 0x08, 0xa2, 00, 0x82, 00, 0x81,
  00, 0x82, 00, 0xa2, 00, 0xc2, 00, 0xa2, 00, 0xc2, 00, 0xa2,
  00, 0xc2, 00, 0xa2, 00, 0xc3, 00, 0xc2, 00, 0xc3, 00, 0xe3,
  0x09, 0x03, 0x11, 0x23, 0x01, 0x03, 0x01, 0x03, 00, 0xc3, 00, 0xe3,
  0x01, 0x44, 0x01, 0x43, 0x01, 0x04, 00, 0xc3, 00, 0xc2, 00, 0xa2,
  0x01, 0x03, 0x01, 0x03, 00, 0xc3, 00, 0xe3, 00, 0xc2, 00, 0xa2,
  0x01, 0x03, 00, 0xc2, 00, 0xc2, 00, 0xa2, 00, 0x81, 00, 0xa2,
  00, 0xc2, 00, 0xa2, 00, 0x81, 00, 0xa2, 00, 0xc2, 00, 0xa2,
  00, 0x82, 00, 0x81, 00, 0x82, 00, 0x81, 00, 0x82, 00, 0x81,
  00, 0x82, 00, 0xa2, 00, 0x82, 00, 0x82, 00, 0x82, 00, 0x81,
  00, 0x81, 00, 0x61, 00, 0x81, 0x08, 0xc2, 00, 0x82, 00, 0x62,
  00, 0x81, 00, 0x61, 00, 0x81, 00, 0x61, 00, 0x82, 00, 0x81,
  00, 0x82, 00, 0x82, 00, 0x82, 00, 0x81, 00, 0x82, 00, 0x81,
  0x08, 0xc3, 00, 0x61, 00, 0x41, 00, 0x41, 00, 0x41, 0x08, 0x61,
  00, 0x41, 00, 0x41, 00, 0x41, 00, 0x41, 00, 0x41, 00, 0x41,
  00, 0x41, 00, 0x21, 00, 0x41, 00, 0x41, 00, 0x41, 00, 0x41,
  00, 0x41, 00, 0x41, 00, 0x41, 00, 0x41, 00, 0x41, 00, 0x41,
  00, 0x41, 00, 0x41, 00, 0x41, 00, 0x41, 00, 0x41, 00, 0x41,
  00, 0x41, 00, 0x40, 00, 0x41, 00, 0x41, 00, 0x41, 00, 0x40,
  00, 0x41, 00, 0x41, 00, 0x01, 00, 0x21, 00, 0x41, 00, 0x41,
  00, 0x41, 0x08, 0x41, 00, 0x41, 00, 0x41, 00, 00, 0x08, 0x21,
  00, 0x41, 00, 0x40, 00, 0x41, 00, 0x40, 00, 0x01, 00, 0x21,
  00, 00, 00, 00, 00, 0x41, 00, 0x40, 00, 0x01, 00, 0x21,
  00, 0x41, 00, 0x40, 00, 00, 00, 00, 00, 0x01, 00, 0x21,
  00, 00, 00, 0x20, 00, 0x01, 00, 0x21, 00, 00, 00, 00,
  0x08, 0x40, 00, 0x20, 0x08, 0x40, 00, 00, 0x08, 0x40, 00, 0x41,
  0x08, 0x40, 00, 0x20, 0x08, 0x40, 00, 00, 0x08, 0x40, 00, 0x40,
  0x08, 0x40, 00, 0x40, 00, 0x40, 00, 0x40, 0x08, 0x80, 00, 0x40,
  0x08, 0x41, 00, 0x41, 00, 0x40, 00, 0x41, 0x08, 0x81, 00, 0x61,
  0x08, 0x61, 00, 0x41, 0x08, 0x81, 00, 0x41, 00, 0x40, 00, 0x40,
  0x08, 0x61, 00, 0x61, 0x08, 0x61, 00, 0x61, 0x08, 0x61, 00, 0x41,
  00, 0x40, 00, 0x40, 0x08, 0x81, 00, 0x41, 0x08, 0x81, 00, 0x61,
  0x08, 0x81, 00, 0x61, 0x08, 0x81, 00, 0x81, 0x10, 0xc2, 00, 0x41,
  0x08, 0x81, 00, 0x61, 0x08, 0x81, 00, 0x81, 0x08, 0x81, 00, 0x61,
  0x08, 0x81, 00, 0x61, 0x08, 0x81, 00, 0x41, 00, 0x81, 00, 0x82,
  00, 0x81, 00, 0x82, 0x08, 0xc1, 00, 0xa1, 0x08, 0x81, 00, 0x41,
  0x08, 0xc1, 00, 0xa1, 00, 0x81, 00, 0x82, 0x08, 0xc1, 00, 0xa1,
  0x08, 0xa2, 00, 0xa2, 0x08, 0xc1, 00, 0xa1, 00, 0xc1, 00, 0xc2,
  0x10, 0xe3, 00, 0xa2, 0x08, 0xc2, 00, 0xa2, 0x08, 0xc1, 00, 0xa1,
  0x08, 0xe3, 00, 0xa2, 0x08, 0xc1, 00, 0xa1, 0x08, 0xc1, 00, 0xa1,
  0x08, 0xc1, 00, 0xa1, 0x08, 0xc1, 00, 0xa1, 0x08, 0xa2, 00, 0xa2,
  0x08, 0xc1, 00, 0xc2, 0x11, 0x03, 0x08, 0xc2, 00, 0xc1, 00, 0xc2,
  0x09, 0x02, 00, 0xe2, 0x09, 0x02, 00, 0xc2, 0x09, 0x02, 00, 0xc2,
  0x62, 0x66, 0x9c, 0x8e, 0x11, 0x43, 0x09, 0x02, 0x09, 0x43, 0x01, 0x43,
  0x09, 0x02, 0x01, 0x02, 0x09, 0x02, 00, 0xe2, 0x01, 0x02, 0x01, 0x03,
  0x09, 0x43, 0x01, 0x03, 0x09, 0x03, 0x01, 0x03, 0x09, 0x43, 0x01, 0x23,
  0x09, 0x02, 00, 0xc2, 0x08, 0xc1, 00, 0xa1, 0x08, 0xc2, 00, 0xa2,
  0x08, 0xc1, 00, 0xa1, 0x08, 0xc1, 00, 0xa1, 0x08, 0xc2, 00, 0xa2,
  0x08, 0xc1, 00, 0xa1, 0x08, 0xc1, 00, 0xa1, 0x08, 0xc1, 00, 0xa1,
  0x08, 0xc2, 00, 0x81, 0x08, 0xc1, 00, 0xa1, 0x08, 0xc1, 00, 0xa1,
  00, 0x81, 00, 0x82, 0x08, 0xc1, 00, 0xa1, 0x08, 0xc1, 00, 0xa1,
  00, 0x81, 00, 0x82, 00, 0x81, 00, 0x82, 0x08, 0x81, 00, 0x81,
  0x08, 0x81, 00, 0x41, 0x08, 0x81, 00, 0x61, 0x08, 0x81, 00, 0x81,
  0x18, 0xe3, 00, 0x41, 0x08, 0x81, 00, 0x41, 0x08, 0x81, 00, 0x61,
  0x08, 0x81, 00, 0x41, 0x08, 0x61, 00, 0x61, 0x08, 0x61, 00, 0x61,
  0x08, 0x61, 00, 0x41, 0x08, 0x61, 00, 0x41, 0x08, 0x80, 00, 0x60,
  0x08, 0x61, 00, 0x41, 0x08, 0x40, 00, 0x20, 00, 0x40, 00, 0x41,
  0x08, 0x40, 00, 0x40, 0x08, 0x40, 00, 00, 0x08, 0x40, 00, 0x20,
  0x08, 0x40, 00, 00, 0x08, 0x40, 00, 00, 0x08, 0x40, 00, 0x20,
  0x08, 0x40, 00, 0x20, 0x08, 0x40, 00, 0x20, 0x08, 0x40, 00, 00,
  0x08, 0x40, 00, 0x40, 0x08, 0x40, 00, 0x20, 0x08, 0x40, 00, 00,
  0x08, 0x40, 00, 00, 0x08, 0x40, 00, 00, 0x08, 0x40, 00, 0x20,
  0x08, 0x40, 00, 0x20, 0x08, 0x40, 00, 0x20, 0x08, 0x40, 00, 00,
  0x08, 0x20, 0x08, 0x41, 0x08, 0x40, 00, 0x20, 0x08, 0x20, 00, 00,
  0x08, 0x40, 00, 0x20, 0x08, 0x40, 00, 0x20, 0x08, 0x40, 00, 00,
  00, 0x41, 00, 0x40, 00, 0x41, 00, 0x41, 00, 0x01, 00, 0x21,
  00, 0x41, 00, 0x41, 00, 0x41, 00, 0x40, 00, 0x41, 00, 0x40,
  00, 0x41, 00, 0x41, 00, 0x41, 00, 0x41, 00, 0x41, 00, 0x41,
  00, 0x41, 00, 0x61, 00, 0x41, 00, 0x61, 00, 0x41, 0x08, 0x61,
  00, 0x41, 0x08, 0x61, 00, 0x41, 00, 0x41, 00, 0x41, 00, 0x41,
  0x08, 0x81, 0x18, 0xc2, 00, 0x41, 00, 0x21, 00, 0x41, 00, 0x41,
  00, 0x41, 00, 0x41, 00, 0x42, 00, 0x62, 00, 0x82, 00, 0x61,
  00, 0x81, 00, 0x61, 00, 0x41, 00, 0x61, 00, 0x82, 00, 0x61,
  00, 0x41, 0x08, 0x82, 00, 0x82, 00, 0x61, 00, 0x81, 0x08, 0x81,
  00, 0x82, 00, 0x61, 00, 0x81, 00, 0x61, 00, 0x82, 00, 0x81,
  00, 0x82, 00, 0x81, 00, 0x82, 00, 0x82, 0x08, 0xc3, 00, 0x61,
  00, 0x82, 00, 0x81, 00, 0x82, 00, 0x81, 00, 0x81, 00, 0xa2,
  00, 0x82, 00, 0xa2, 00, 0xc3, 00, 0x81, 00, 0xa2, 0x08, 0xe3,
  00, 0xc2, 00, 0xa2, 0x08, 0xc2, 0x10, 0xa2, 00, 0x81, 00, 0xa2,
  00, 0xc2, 0x08, 0xe2, 00, 0xc2, 00, 0xa2, 00, 0x82, 00, 0x81,
  00, 0x82, 00, 0x82, 00, 0x82, 00, 0xa2, 00, 0x82, 00, 0xa2,
  00, 0xc2, 00, 0xa2, 0x01, 0x02, 0x09, 0x02, 00, 0xc2, 00, 0xa2,
  00, 0xc2, 00, 0xa2, 00, 0xc2, 0x08, 0xe3, 0x01, 0x03, 00, 0xe3,
  0x29, 0x64, 0x4a, 0x47, 0x01, 0x03, 0x09, 0x02, 0x01, 0x44, 0x01, 0x02,
  00, 0xc3, 00, 0xe3, 0x01, 0x03, 0x01, 0x03, 0x01, 0x03, 0x01, 0x03,
  0x01, 0x03, 00, 0xc2, 00, 0xc3, 00, 0xe3, 00, 0xc3, 00, 0xe3,
  00, 0xc2, 00, 0xa2, 00, 0xc3, 00, 0x81, 00, 0x82, 00, 0xa2,
  00, 0x82, 00, 0xa2, 00, 0xc2, 00, 0xc2, 00, 0x82, 00, 0xa2,
  00, 0xc2, 00, 0xc2, 00, 0x81, 0x08, 0xc2, 00, 0x81, 0x08, 0xc2,
  00, 0xc3, 00, 0x81, 00, 0x82, 00, 0xa2, 00, 0xc2, 00, 0xa2,
  00, 0x82, 00, 0xa2, 00, 0xc2, 00, 0xa2, 00, 0x82, 00, 0x81,
  00, 0x82, 00, 0x81, 00, 0x82, 00, 0x82, 00, 0x82, 00, 0x82,
  00, 0x82, 00, 0x82, 00, 0x82, 00, 0x81, 00, 0x82, 00, 0x81,
  00, 0x81, 00, 0x61, 00, 0x41, 0x08, 0x61, 00, 0x82, 00, 0x40,
  00, 0x41, 00, 0x41, 00, 0x41, 00, 0x41, 00, 0x41, 00, 0x21,
  00, 0x41, 00, 0x61, 00, 0x81, 00, 0x81, 00, 0x41, 00, 0x41,
  00, 0x41, 00, 0x21, 00, 0x41, 00, 0x41, 00, 0x41, 00, 0x41,
  00, 0x41, 00, 0x41, 00, 0x41, 00, 0x41, 00, 0x41, 00, 0x40,
  00, 0x41, 00, 0x41, 00, 0x41, 00, 0x41, 00, 0x41, 00, 0x41,
  00, 0x41, 00, 0x41, 00, 0x41, 00, 0x41, 00, 0x41, 00, 0x41,
  00, 0x41, 00, 0x41, 00, 0x41, 00, 0x40, 00, 0x41, 00, 0x40,
  00, 0x41, 00, 0x40, 00, 0x41, 00, 0x40, 00, 0x41, 00, 0x40,
  00, 0x01, 00, 0x21, 00, 0x01, 00, 0x21, 00, 00, 0x08, 0x21,
  0x08, 0x41, 0x08, 0x21, 00, 0x01, 00, 0x21, 00, 0x01, 00, 0x21,
  00, 0x01, 00, 0x21, 00, 00, 00, 00, 00, 00, 00, 00,
  0x08, 0x40, 00, 00, 0x08, 0x40, 00, 00, 0x10, 0x82, 00, 0x41,
  0x08, 0x40, 00, 0x20, 0x08, 0x40, 00, 00, 00, 0x40, 00, 0x40,
  0x08, 0x61, 00, 0x41, 0x08, 0x80, 00, 0x40, 0x08, 0x61, 00, 0x41,
  00, 0x40, 00, 0x41, 0x08, 0x81, 00, 0x41, 0x08, 0x80, 00, 0x81,
  0x08, 0x81, 00, 0x61, 0x08, 0x80, 00, 0x60, 0x10, 0x81, 00, 0x41,
  0x51, 0xa4, 0x94, 0x0e, 0x18, 0xc2, 0x08, 0x81, 0x08, 0x61, 00, 0x41,
  0x08, 0x81, 00, 0x41, 0x08, 0x61, 00, 0x61, 0x08, 0xa2, 00, 0x61,
  0x08, 0x61, 00, 0x61, 0x08, 0x81, 00, 0x81, 0x08, 0x81, 00, 0x41,
  0x08, 0x81, 00, 0x81, 0x08, 0x81, 00, 0x41, 0x08, 0x81, 00, 0x81,
  0x08, 0x81, 00, 0x82, 0x08, 0x81, 00, 0x41, 0x08, 0x81, 00, 0x41,
  00, 0x81, 00, 0x82, 0x08, 0xc1, 00, 0xa1, 00, 0x81, 00, 0x82,
  00, 0x81, 00, 0x82, 0x08, 0xc1, 00, 0xa1, 0x08, 0xc1, 00, 0xa1,
  0x08, 0xc1, 00, 0xc2, 0x08, 0xc1, 00, 0xa1, 0x08, 0xc2, 00, 0xc2,
  0x10, 0xe2, 00, 0xa1, 0x08, 0xc1, 00, 0xa1, 0x08, 0xa2, 00, 0xa2,
  0x08, 0xa1, 0x11, 0x03, 0x08, 0xc2, 00, 0x82, 0x08, 0xc1, 00, 0xa1,
  0x08, 0xc1, 00, 0xa1, 0x08, 0xc1, 00, 0xa1, 0x08, 0xa2, 00, 0xa2,
  0x08, 0xc2, 00, 0x82, 0x08, 0xc2, 00, 0xc2, 00, 0xc1, 00, 0xc2,
  0x09, 0x02, 00, 0xe2, 0x09, 0x02, 00, 0xc2, 0x01, 0x02, 0x01, 0x03,
  0x09, 0x22, 0x01, 0x22, 0x01, 0x02, 0x01, 0x02, 0x09, 0x23, 00, 0xe2,
  0x09, 0x02, 00, 0xe2, 0x09, 0x43, 0x01, 0x23, 0x09, 0x02, 00, 0xe2,
  0x09, 0x02, 00, 0xc2, 0x09, 0x02, 00, 0xc2, 0x09, 0x44, 0x01, 0x23,
  0x08, 0xc2, 00, 0x82, 0x10, 0xe2, 00, 0x81, 0x08, 0xc1, 00, 0xa1,
  0x08, 0xc1, 00, 0xc2, 0x08, 0xc2, 00, 0x82, 0x08, 0xc1, 00, 0xa1,
  0x08, 0xc1, 00, 0xa1, 0x08, 0xc1, 00, 0xa1, 0x08, 0xa2, 00, 0xa2,
  0x08, 0xc1, 00, 0xa1, 0x08, 0xa2, 00, 0xa2, 0x09, 0x02, 00, 0xc2,
  0x08, 0xc1, 00, 0xa1, 0x08, 0xc1, 00, 0xc2, 0x08, 0xc1, 00, 0xa1,
  00, 0x81, 00, 0x82, 0x08, 0xc1, 00, 0xa1, 0x08, 0xa2, 00, 0x61,
  00, 0x81, 00, 0x82, 0x08, 0x81, 00, 0x41, 00, 0x81, 00, 0x82,
  0x08, 0xa2, 00, 0x61, 0x08, 0x61, 00, 0x61, 0x08, 0x81, 00, 0x41,
  00, 0x40, 00, 0x40, 0x08, 0x81, 00, 0x41, 0x08, 0x81, 00, 0x41,
  0x08, 0x81, 00, 0x41, 0x08, 0x81, 00, 0x41, 0x08, 0x81, 00, 0x41,
  0x10, 0x82, 00, 0x41, 0x08, 0x81, 00, 0x41, 00, 0x40, 00, 0x40,
  0x08, 0x61, 00, 0x41, 0x08, 0x40, 00, 0x20, 0x08, 0x40, 00, 0x40,
  0x08, 0x40, 00, 0x20, 0x08, 0x40, 00, 0x40, 00, 0x40, 00, 0x40,
  0x08, 0x41, 00, 0x41, 00, 0x40, 00, 0x40, 0x08, 0x61, 00, 0x41,
  0x08, 0x40, 00, 00, 0x08, 0x40, 00, 0x40, 0x08, 0x40, 00, 00,
  0x08, 0x40, 00, 0x20, 0x08, 0x40, 00, 0x20, 0x08, 0x40, 00, 0x40,
  0x08, 0x40, 00, 00, 0x08, 0x40, 00, 0x41, 0x08, 0x40, 00, 00,
  0x08, 0x40, 00, 00, 0x08, 0x40, 00, 0x20, 0x08, 0x40, 00, 00,
  0x08, 0x40, 00, 00, 0x08, 0x40, 00, 0x20, 0x08, 0x40, 00, 0x20,
  00, 0x41, 00, 0x41, 00, 0x01, 00, 0x21, 00, 0x41, 0x08, 0x21,
  00, 0x01, 00, 0x21, 00, 0x41, 00, 0x41, 00, 0x41, 00, 0x40,
  00, 0x41, 00, 0x41, 00, 0x41, 00, 0x41, 00, 0x41, 00, 0x41,
  00, 0x41, 00, 0x61, 00, 0x41, 00, 0x61, 00, 0x41, 00, 0x41,
  00, 0x41, 00, 0x61, 00, 0x41, 00, 0x41, 00, 0x41, 0x08, 0x61,
  0x10, 0x81, 0x39, 0x64, 00, 0x81, 0x08, 0x61, 00, 0x41, 00, 0x41,
  00, 0x81, 00, 0x61, 00, 0x41, 00, 0x41, 00, 0x81, 00, 0x61,
  00, 0x41, 00, 0x61, 00, 0x82, 00, 0x81, 00, 0x81, 00, 0x61,
  00, 0x82, 00, 0x81, 0x08, 0xc2, 0x08, 0x61, 00, 0x82, 00, 0x81,
  00, 0x41, 0x08, 0x82, 00, 0x82, 00, 0x61, 00, 0x81, 00, 0x61,
  00, 0x82, 00, 0x81, 00, 0x82, 00, 0x81, 00, 0x82, 00, 0xa2,
  00, 0x82, 00, 0x81, 00, 0xc2, 00, 0xc2, 00, 0x82, 00, 0x82,
  00, 0xc2, 00, 0xc2, 00, 0x82, 00, 0x61, 00, 0xc2, 0x09, 0x03,
  00, 0xc3, 00, 0x81, 00, 0x82, 0x08, 0xa2, 00, 0x82, 00, 0xa2,
  00, 0xc2, 00, 0xa2, 00, 0x82, 00, 0x82, 00, 0xc2, 00, 0xa2,
  00, 0x82, 00, 0x81, 00, 0xc2, 00, 0xa2, 00, 0x82, 00, 0x82,
  00, 0xc2, 00, 0xa2, 00, 0xc2, 00, 0xa2, 00, 0xc3, 0x08, 0xe3,
  0x01, 0x03, 0x01, 0x03, 0x01, 0x03, 0x01, 0x02, 00, 0xc2, 00, 0xa2,
  0x01, 0x03, 0x09, 0x23, 0x01, 0x03, 0x01, 0x03, 0x01, 0x03, 0x01, 0x03,
  0x01, 0x03, 0x01, 0x03, 0x01, 0x03, 0x01, 0x03, 00, 0xc3, 00, 0xe3,
  0x01, 0x03, 0x01, 0x03, 00, 0xc2, 00, 0xa2, 0x01, 0x03, 0x01, 0x03,
  00, 0xc2, 00, 0xa2, 00, 0xc2, 00, 0xa2, 00, 0x82, 00, 0xa2,
  00, 0xc3, 00, 0xc2, 00, 0xc2, 0x08, 0xc2, 00, 0x82, 00, 0xa2,
  00, 0x82, 00, 0x81, 00, 0x82, 00, 0x81, 00, 0x82, 00, 0x82,
  00, 0x82, 00, 0xa2, 00, 0xc2, 00, 0xa2, 0x09, 0x03, 0x10, 0xe2,
  00, 0xc2, 00, 0xa2, 00, 0xc2, 00, 0xa2, 00, 0xc2, 00, 0xa2,
  00, 0xc2, 0x08, 0xc2, 00, 0x82, 00, 0x81, 00, 0x81, 00, 0x61,
  00, 0x81, 00, 0x61, 00, 0x81, 00, 0x61, 00, 0x42, 00, 0x62,
  00, 0x82, 00, 0x61, 00, 0x41, 00, 0x61, 00, 0x82, 00, 0x61,
  00, 0x41, 00, 0x41, 00, 0x41, 00, 0x61, 00, 0x41, 00, 0x41,
  00, 0x42, 00, 0x62, 00, 0x41, 00, 0x41, 00, 0x81, 00, 0x81,
  0x08, 0x81, 0x08, 0x61, 00, 0x81, 00, 0x61, 00, 0x41, 00, 0x41,
  00, 0x41, 00, 0x41, 00, 0x41, 00, 0x41, 00, 0x41, 00, 0x41,
  00, 0x41, 00, 0x40, 00, 0x41, 00, 0x41, 00, 0x41, 00, 0x21,
  00, 0x41, 00, 0x41, 00, 0x41, 00, 0x41, 00, 0x41, 00, 0x41,
  00, 0x41, 00, 0x40, 00, 0x41, 00, 0x40, 00, 0x41, 00, 0x41,
  00, 0x41, 00, 0x41, 00, 0x41, 00, 0x40, 00, 0x41, 00, 0x41,
  00, 0x01, 00, 0x21, 00, 00, 0x08, 0x21, 00, 0x42, 00, 00,
  00, 0x41, 00, 0x40, 00, 00, 00, 00, 00, 0x01, 00, 0x21,
  00, 00, 00, 00, 00, 0x41, 00, 00, 00, 00, 00, 00,
  0x08, 0x40, 00, 0x20, 0x08, 0x40, 00, 0x20, 0x08, 0x40, 00, 0x20,
  0x08, 0x40, 00, 00, 0x08, 0x40, 00, 0x20, 0x08, 0x40, 00, 0x20,
  0x08, 0x40, 00, 0x41, 0x08, 0x40, 00, 0x40, 00, 0x40, 00, 0x40,
  00, 0x40, 00, 0x40, 00, 0x40, 00, 0x40, 0x08, 0x61, 00, 0x41,
  00, 0x40, 00, 0x41, 0x08, 0x80, 00, 0x40, 0x08, 0x41, 00, 0x41,
  0x08, 0x60, 00, 0x40, 0x08, 0x80, 00, 0x60, 00, 0x40, 00, 0x41,
  0x08, 0x81, 00, 0x41, 0x08, 0x61, 00, 0x41, 0x08, 0x81, 00, 0x61,
  00, 0x81, 00, 0x82, 0x08, 0x81, 00, 0x41, 0x08, 0x81, 00, 0x61,
  0x08, 0x81, 00, 0x41, 0x08, 0x81, 00, 0x61, 0x08, 0x81, 00, 0x61,
  0x08, 0x81, 00, 0x41, 0x08, 0x81, 00, 0x41, 0x08, 0x81, 00, 0x61,
  0x08, 0x81, 00, 0x41, 0x08, 0x81, 00, 0x81, 00, 0x81, 00, 0x82,
  0x08, 0xc1, 00, 0xa1, 0x08, 0xc1, 00, 0xa1, 0x08, 0xc1, 00, 0xa1,
  0x08, 0xc1, 00, 0xa1, 0x08, 0xc1, 00, 0xa1, 00, 0xc1, 00, 0xc2,
  0x08, 0xc2, 00, 0xa2, 0x08, 0xc2, 00, 0xa2, 0x08, 0xc1, 00, 0xa1,
  0x08, 0xc1, 00, 0xa1, 0x08, 0xc1, 00, 0xc2, 0x08, 0xc2, 00, 0xc2,
  0x08, 0xa2, 00, 0xa2, 00, 0xc1, 00, 0xc2, 0x08, 0xc2, 00, 0x82,
  0x08, 0xa2, 00, 0xa2, 0x08, 0xc1, 00, 0xa1, 0x08, 0xc1, 00, 0xc2,
  0x09, 0x42, 0x01, 0x02, 0x01, 0x02, 0x01, 0x02, 0x09, 0x02, 00, 0xc2,
  0x01, 0x01, 0x01, 0x02, 0x09, 0x64, 0x01, 0x23, 0x09, 0x23, 00, 0xe2,
  0x09, 0x03, 0x01, 0x03, 0x09, 0x23, 00, 0xe2, 0x09, 0x02, 00, 0xe2,
  0x09, 0x02, 00, 0xc2, 0x09, 0x02, 00, 0xc2, 0x09, 0x02, 00, 0xc2,
  0x08, 0xc1, 00, 0xc2, 0x08, 0xc1, 00, 0xa1, 0x08, 0xa2, 00, 0xa2,
  0x09, 0x02, 00, 0xc2, 00, 0xc2, 00, 0xc3, 0x08, 0xc1, 00, 0xa1,
  0x08, 0xc2, 00, 0x81, 00, 0x81, 00, 0x82, 0x08, 0xc2, 00, 0xa2,
  00, 0xc1, 00, 0xc2, 0x10, 0xe2, 00, 0xa1, 0x83, 0xac, 0x52, 0x47,
  0x08, 0xc1, 00, 0xc2, 0x08, 0xc1, 00, 0xa1, 0x08, 0xc1, 00, 0xa1,
  0x08, 0xa2, 00, 0x82, 0x08, 0xc1, 00, 0xa1, 00, 0x81, 00, 0x82,
  0x08, 0x81, 00, 0x41, 0x08, 0x81, 00, 0x41, 0x08, 0x81, 00, 0x81,
  0x08, 0x81, 00, 0x61, 0x08, 0x61, 00, 0x61, 0x08, 0x81, 00, 0x41,
  0x08, 0x81, 00, 0x41, 0x08, 0x61, 00, 0x41, 0x08, 0x81, 00, 0x61,
  0x08, 0x81, 00, 0x41, 0x08, 0x61, 00, 0x61, 0x10, 0x80, 0x08, 0x81,
  0x7b, 0x2a, 0x41, 0x84, 0x08, 0x81, 00, 0x61, 0x08, 0x61, 00, 0x41,
  00, 0x40, 00, 0x41, 0x08, 0x81, 00, 0x41, 0x08, 0x40, 00, 0x20,
  0x08, 0x40, 00, 0x40, 0x08, 0x40, 00, 0x61, 0x10, 0x81, 00, 00,
  0x08, 0x40, 00, 0x40, 0x08, 0x41, 00, 0x41, 0x08, 0x40, 00, 0x41,
  0x10, 0x61, 00, 0x20, 0x08, 0x40, 00, 00, 0x08, 0x40, 00, 0x20,
  0x08, 0x40, 00, 0x20, 0x08, 0x40, 00, 00, 0x08, 0x40, 00, 00,
  0x08, 0x40, 00, 00, 0x08, 0x40, 00, 00, 0x08, 0x40, 00, 0x20,
  0x08, 0x40, 00, 00, 0x08, 0x40, 00, 00, 0x08, 0x40, 00, 0x20,
  0x08, 0x40, 00, 00, 0x18, 0xc2, 00, 00, 0x08, 0x40, 00, 00,
  00, 0x41, 00, 0x40, 00, 0x41, 00, 0x41, 00, 0x41, 00, 0x41,
  00, 0x41, 00, 0x40, 00, 0x01, 00, 0x21, 00, 0x41, 00, 0x20,
  0x08, 0x40, 0x39, 0x85, 00, 0x01, 00, 0x21, 00, 0x41, 00, 0x41,
  00, 0x41, 00, 0x41, 00, 0x41, 00, 0x41, 00, 0x41, 00, 0x41,
  00, 0x41, 00, 0x41, 00, 0x41, 00, 0x41, 00, 0x41, 00, 0x41,
  00, 0x41, 0x08, 0x61, 00, 0x41, 00, 0x41, 00, 0x41, 00, 0x41,
  00, 0x81, 00, 0x61, 00, 0x41, 00, 0x61, 00, 0x81, 00, 0x61,
  00, 0x82, 00, 0x81, 00, 0x81, 00, 0x61, 00, 0x82, 00, 0x81,
  00, 0x41, 00, 0x61, 00, 0x81, 00, 0x61, 00, 0x41, 00, 0x61,
  00, 0x82, 00, 0x81, 00, 0x82, 00, 0x81, 00, 0x81, 00, 0x61,
  00, 0x42, 00, 0x62, 00, 0x82, 00, 0x81, 00, 0x82, 00, 0x82,
  00, 0x82, 00, 0xa2, 00, 0x82, 0x10, 0xe3, 00, 0x82, 00, 0x62,
  00, 0x81, 00, 0xa2, 00, 0x82, 00, 0xa2, 00, 0x82, 0x08, 0xa2,
  00, 0xc2, 00, 0xa2, 00, 0x82, 00, 0xa2, 00, 0xc2, 00, 0xa2,
  00, 0x82, 00, 0x82, 00, 0xc2, 0x08, 0xe2, 00, 0xc2, 00, 0xa2,
  00, 0xc2, 00, 0xa2, 00, 0xc2, 00, 0xa2, 00, 0xc2, 00, 0xa2,
  00, 0xc2, 00, 0xa2, 00, 0xc2, 00, 0xa2, 00, 0xc2, 0x08, 0xe2,
  00, 0xe2, 0x08, 0xe2, 00, 0xc3, 00, 0xe3, 0x01, 0x03, 0x01, 0x02,
  0x01, 0x03, 0x01, 0x02, 0x01, 0x44, 0x01, 0x24, 00, 0xc3, 00, 0xe3,
  0x01, 0x04, 0x01, 0x24, 0x01, 0x03, 0x01, 0x03, 0x01, 0x03, 0x01, 0x03,
  00, 0xc2, 0x08, 0xe3, 00, 0xc3, 00, 0xc2, 00, 0xc3, 00, 0xc2,
  00, 0xc2, 00, 0xc2, 00, 0x82, 00, 0x82, 00, 0xc2, 00, 0xa2,
  00, 0xc2, 00, 0xa2, 00, 0xc2, 00, 0xa2, 00, 0xc3, 00, 0x81,
  00, 0x82, 00, 0x82, 00, 0x82, 00, 0x81, 00, 0x82, 00, 0xa2,
  00, 0xc2, 00, 0xa2, 00, 0xc2, 00, 0xa2, 0x21, 0x64, 0x21, 0x23,
  00, 0xc2, 00, 0xa2, 00, 0x82, 00, 0x82, 00, 0x82, 00, 0x81,
  00, 0x82, 00, 0xa2, 00, 0x81, 00, 0x61, 00, 0x81, 00, 0x61,
  00, 0x82, 00, 0x81, 00, 0x81, 00, 0x61, 00, 0x82, 00, 0x81,
  00, 0x81, 0x08, 0x81, 00, 0x82, 00, 0x61, 00, 0x41, 00, 0x61,
  00, 0x81, 00, 0x81, 00, 0x41, 00, 0x61, 00, 0x41, 00, 0x41,
  00, 0x41, 00, 0x61, 00, 0x41, 0x08, 0x61, 0x08, 0x81, 0x10, 0x81,
  0x6a, 0xea, 0x51, 0xa5, 00, 0x40, 0x08, 0x60, 00, 0x41, 00, 0x21,
  00, 0x41, 00, 0x41, 00, 0x41, 00, 0x41, 00, 0x41, 00, 0x41,
  00, 0x41, 00, 0x41, 00, 0x41, 00, 0x41, 00, 0x41, 00, 0x40,
  00, 0x41, 00, 0x41, 00, 0x41, 00, 0x41, 00, 0x41, 00, 0x41,
  00, 0x41, 0x08, 0x21, 00, 0x41, 00, 0x40, 00, 0x41, 00, 0x40,
  00, 0x41, 00, 0x40, 00, 0x41, 00, 0x41, 00, 00, 00, 0x20,
  00, 0x41, 00, 0x40, 00, 00, 00, 0x20, 00, 0x41, 00, 0x40,
  00, 00, 0x08, 0x21, 00, 0x41, 00, 0x40, 00, 0x01, 00, 0x21,
  00, 00, 00, 0x20, 00, 00, 00, 00, 00, 00, 00, 00,
  0x08, 0x40, 00, 00, 0x08, 0x40, 00, 0x20, 0x08, 0x40, 00, 0x40,
  0x08, 0x40, 00, 0x20, 0x08, 0x40, 00, 00, 00, 0x40, 00, 0x40,
  0x08, 0x40, 00, 00, 0x08, 0x40, 00, 0x20, 0x08, 0x40, 00, 0x40,
  00, 0x40, 00, 0x40, 00, 0x40, 00, 0x41, 00, 0x40, 00, 0x40,
  0x08, 0x61, 00, 0x41, 0x08, 0x80, 00, 0x60, 0x08, 0x61, 00, 0x41,
  00, 0x40, 00, 0x40, 0x08, 0x61, 00, 0x41, 00, 0x40, 00, 0x41,
  0x08, 0x81, 00, 0x41, 0x08, 0x61, 00, 0x61, 0x08, 0x81, 00, 0x41,
  00, 0x81, 00, 0x82, 0x08, 0x81, 00, 0x41, 0x08, 0x81, 00, 0x61,
  0x08, 0x81, 00, 0x41, 0x08, 0x81, 00, 0x41, 0x08, 0x81, 00, 0x41,
  0x08, 0x81, 00, 0x61, 0x08, 0xc1, 00, 0xa1, 0x08, 0xc1, 00, 0xa1,
  00, 0x81, 00, 0x82, 00, 0x81, 00, 0x82, 0x08, 0xc2, 00, 0xa2,
  0x08, 0xc1, 00, 0xa1, 0x08, 0xc1, 0x08, 0xe2, 0x08, 0xc1, 00, 0xa1,
  0x08, 0xc1, 00, 0xa1, 0x08, 0xc1, 00, 0xa1, 0x08, 0xa2, 00, 0xa2,
  0x08, 0xc1, 00, 0xa1, 0x08, 0xc1, 00, 0xc2, 0x08, 0xc1, 00, 0xa1,
  0x08, 0xc2, 00, 0xa2, 00, 0xc1, 00, 0xc2, 0x08, 0xc1, 00, 0xc2,
  0x08, 0xc1, 00, 0xc2, 0x09, 0x02, 00, 0xc2, 0x08, 0xc1, 00, 0xa1,
  0x09, 0x02, 00, 0xc2, 00, 0xc1, 00, 0xc2, 0x09, 0x02, 00, 0xc2,
  0x08, 0xc2, 00, 0xc2, 0x09, 0x02, 00, 0xc2, 00, 0xc1, 00, 0xc2,
  0x01, 0x02, 0x01, 0x02, 0x09, 0x02, 00, 0xe2, 0x09, 0x02, 00, 0xe2,
  0x09, 0x42, 0x01, 0x22, 0x09, 0x23, 0x01, 0x23, 0x09, 0x23, 00, 0xe2,
  0x09, 0x02, 00, 0xc2, 0x09, 0x02, 00, 0xc2, 0x11, 0x02, 00, 0xe2,
  0x08, 0xc1, 00, 0xa1, 0x08, 0xc2, 00, 0xa2, 0x08, 0xc2, 00, 0xc2,
  0x09, 0x02, 00, 0xc2, 00, 0xc1, 00, 0xc2, 0x08, 0xc1, 00, 0xa1,
  0x08, 0xc1, 00, 0xa1, 0x08, 0xc1, 00, 0xa1, 00, 0xc1, 00, 0xc2,
  0x08, 0xc2, 00, 0xa2, 0x08, 0xa2, 00, 0xa2, 0x08, 0xc1, 00, 0xa1,
  0x08, 0xc1, 00, 0xa1, 0x08, 0x81, 00, 0x41, 00, 0x81, 00, 0x82,
  0x08, 0xc1, 00, 0xa1, 00, 0x81, 00, 0x82, 0x08, 0xc1, 00, 0xa1,
  0x08, 0x81, 00, 0x61, 0x08, 0x81, 00, 0x41, 0x08, 0x81, 00, 0x41,
  0x08, 0xc1, 00, 0xa1, 0x08, 0x81, 00, 0x41, 0x08, 0x81, 00, 0x41,
  0x08, 0x61, 00, 0x61, 0x08, 0x81, 00, 0x61, 0x08, 0x61, 00, 0x61,
  0x08, 0x81, 00, 0x41, 0x08, 0x61, 00, 0x61, 0x08, 0x81, 00, 0x61,
  0x08, 0x40, 00, 0x41, 0x08, 0x61, 00, 0x41, 00, 0x40, 00, 0x41,
  0x08, 0x61, 00, 0x41, 0x08, 0x61, 00, 0x61, 00, 0x40, 00, 0x41,
  00, 0x40, 00, 0x40, 0x08, 0x61, 00, 0x41, 0x08, 0x40, 00, 0x20,
  0x08, 0x41, 00, 0x41, 0x08, 0x40, 00, 0x40, 0x08, 0x80, 00, 0x40,
  0x08, 0x40, 0x08, 0x41, 0x08, 0x40, 00, 0x20, 0x08, 0x40, 00, 00,
  0x08, 0x40, 00, 0x40, 0x08, 0x40, 00, 00, 0x49, 0xc6, 0x10, 0x40,
  0x08, 0x40, 00, 0x20, 0x08, 0x40, 00, 00, 0x08, 0x40, 00, 00,
  0x08, 0x40, 00, 00, 0x08, 0x40, 00, 0x20, 0x08, 0x40, 00, 00,
  0x08, 0x40, 00, 00, 0x08, 0x40, 00, 00, 0x08, 0x40, 00, 0x20,
  00, 0x41, 00, 0x41, 00, 0x01, 00, 0x21, 00, 0x41, 00, 0x40,
  00, 0x41, 00, 0x40, 00, 0x41, 00, 0x41, 00, 0x01, 00, 0x21,
  00, 0x41, 00, 0x41, 00, 0x40, 00, 0x20, 00, 0x41, 00, 0x41,
  00, 0x41, 00, 0x41, 00, 0x41, 00, 0x41, 00, 0x41, 00, 0x41,
  00, 0x41, 0x08, 0x61, 00, 0x41, 00, 0x41, 00, 0x41, 00, 0x41,
  00, 0x41, 00, 0x41, 00, 0x41, 00, 0x41, 00, 0x41, 00, 0x41,
  00, 0x41, 00, 0x61, 00, 0x41, 00, 0x61, 00, 0x82, 00, 0x81,
  00, 0x81, 00, 0x61, 00, 0x82, 00, 0x81, 00, 0x41, 00, 0x61,
  00, 0x81, 00, 0x61, 00, 0x41, 00, 0x61, 00, 0x82, 00, 0x81,
  00, 0x82, 00, 0x81, 00, 0x82, 00, 0x82, 00, 0x82, 00, 0x81,
  00, 0x82, 00, 0x82, 00, 0x82, 00, 0x81, 00, 0x82, 00, 0xa2,
  00, 0x82, 00, 0x82, 00, 0x82, 00, 0x82, 00, 0x82, 00, 0x82,
  00, 0xc2, 00, 0xa2, 00, 0x82, 0x08, 0xa2, 00, 0x82, 00, 0x82,
  00, 0x82, 0x08, 0xa2, 00, 0xc2, 00, 0xa2, 0x08, 0xe3, 0x08, 0xa2,
  00, 0xc2, 00, 0xc2, 00, 0x82, 00, 0xa2, 00, 0xc2, 00, 0xa2,
  00, 0xc3, 00, 0xe3, 00, 0xc2, 0x08, 0xe3, 00, 0xe2, 00, 0xe2,
  00, 0xc2, 00, 0xa2, 00, 0xc2, 00, 0xa2, 00, 0xc2, 00, 0xa2,
  00, 0xc2, 00, 0xa2, 00, 0xc3, 00, 0xe3, 00, 0xc2, 00, 0xa2,
  0x01, 0x03, 0x01, 0x03, 00, 0xc3, 00, 0xe3, 00, 0xe2, 0x09, 0x23,
  0x01, 0x03, 0x09, 0x03, 0x01, 0x04, 0x09, 0x44, 0x01, 0x03, 0x01, 0x03,
  00, 0xc3, 00, 0xc2, 00, 0xc3, 00, 0xc2, 00, 0xc3, 00, 0xc2,
  00, 0xc2, 00, 0xa2, 00, 0xc2, 00, 0xc2, 00, 0xc2, 00, 0xa2,
  00, 0xc2, 0x08, 0xe3, 0x11, 0x44, 00, 0xa1, 00, 0xc2, 00, 0xa2,
  00, 0x82, 00, 0x82, 00, 0xc2, 00, 0xa2, 00, 0x82, 00, 0xa2,
  00, 0xc2, 00, 0xa2, 00, 0x82, 00, 0x81, 00, 0xc2, 00, 0xc2,
  00, 0x81, 00, 0x61, 00, 0x81, 00, 0x61, 00, 0x82, 00, 0x81,
  00, 0x82, 00, 0x81, 0x08, 0xc2, 0x08, 0xa1, 00, 0x82, 00, 0xa2,
  00, 0x81, 00, 0x61, 00, 0x82, 00, 0x81, 00, 0x81, 00, 0x61,
  00, 0x82, 00, 0x81, 00, 0x41, 00, 0x41, 00, 0x41, 00, 0x61,
  00, 0x41, 00, 0x41, 00, 0x41, 00, 0x61, 00, 0x41, 00, 0x41,
  00, 0x42, 00, 0x62, 00, 0x82, 00, 0x40, 00, 0x81, 00, 0x61,
  00, 0x81, 0x08, 0x61, 00, 0x41, 00, 0x61, 00, 0x41, 00, 0x41,
  00, 0x41, 00, 0x61, 00, 0x41, 00, 0x41, 00, 0x41, 00, 0x41,
  00, 0x41, 00, 0x41, 00, 0x41, 00, 0x41, 00, 0x41, 00, 0x41,
  00, 0x41, 00, 0x41, 00, 0x41, 00, 0x41, 00, 0x41, 00, 0x41,
  00, 0x41, 00, 0x41, 00, 0x41, 00, 0x40, 00, 00, 00, 0x20,
  00, 0x41, 00, 0x40, 00, 0x40, 00, 0x40, 0x29, 0x65, 0x10, 0x60,
  00, 00, 00, 0x20, 00, 0x41, 00, 0x41, 00, 0x01, 00, 0x21,
  00, 0x41, 00, 0x40, 00, 0x40, 00, 0x20, 00, 0x41, 00, 0x40,
  00, 00, 00, 0x20, 00, 0x01, 00, 0x21, 00, 00, 00, 00,
  0x08, 0x40, 00, 00, 0x08, 0x40, 00, 0x40, 0x08, 0x40, 00, 00,
  0x08, 0x40, 00, 0x20, 00, 0x40, 00, 0x40, 0x08, 0x40, 00, 00,
  0x08, 0x40, 00, 0x20, 0x08, 0x40, 00, 00, 00, 0x40, 00, 0x40,
  0x08, 0x80, 00, 0x40, 00, 0x40, 00, 0x41, 0x08, 0x40, 00, 0x40,
  00, 0x40, 00, 0x41, 0x08, 0x61, 00, 0x41, 0x08, 0x61, 00, 0x61,
  0x08, 0x61, 00, 0x61, 0x08, 0x61, 00, 0x41, 0x08, 0x61, 00, 0x41,
  0x08, 0x61, 00, 0x61, 0x08, 0x61, 00, 0x41, 0x08, 0x81, 00, 0x81,
  0x10, 0xa2, 00, 0x61, 0x08, 0x81, 00, 0x41, 0x08, 0x81, 00, 0x41,
  00, 0x81, 00, 0x82, 00, 0x81, 00, 0x82, 0x08, 0x81, 00, 0x41,
  0x08, 0x81, 00, 0x81, 0x08, 0x81, 00, 0x81, 00, 0x81, 00, 0x82,
  0x08, 0xa2, 00, 0x61, 0x08, 0x81, 00, 0x81, 0x08, 0xc1, 00, 0xa1,
  0x08, 0xa2, 00, 0xa2, 00, 0x81, 00, 0x82, 0x08, 0xc1, 00, 0xa1,
  0x08, 0xc1, 00, 0xa1, 0x08, 0xc2, 00, 0xa2, 0x08, 0xc1, 00, 0xa1,
  0x31, 0xc5, 0x08, 0xc1, 0x08, 0xc1, 00, 0xa1, 0x08, 0xc2, 00, 0x81,
  0x08, 0xc1, 00, 0xa1, 0x08, 0xa2, 00, 0x82, 00, 0xc1, 00, 0xc2,
  0x09, 0x02, 00, 0xe2, 0x08, 0xe2, 00, 0x81, 0x09, 0x02, 0x01, 0x02,
  0x09, 0x02, 00, 0xe2, 0x08, 0xc1, 00, 0xc2, 00, 0xc1, 00, 0xc2,
  0x08, 0xe2, 00, 0xe2, 0x08, 0xc1, 00, 0xc2, 0x09, 0x02, 00, 0xc2,
  0x09, 0x02, 00, 0xe2, 0x09, 0x02, 00, 0xe2, 0x09, 0x03, 0x01, 0x03,
  0x09, 0x22, 0x09, 0x63, 0x09, 0x02, 00, 0xe2, 0x09, 0x02, 00, 0xc2,
  0x09, 0x02, 00, 0xe2, 0x08, 0xc1, 00, 0xc2, 0x09, 0x02, 00, 0xe2,
  0x09, 0x02, 00, 0xc2, 0x08, 0xc2, 00, 0xa2, 0x08, 0xc1, 00, 0xc2,
  0x08, 0xe2, 00, 0xe2, 0x19, 0x44, 00, 0xc2, 0x08, 0xc1, 00, 0xa1,
  0x08, 0xc1, 00, 0xa1, 0x08, 0xc2, 00, 0x81, 0x08, 0xa2, 00, 0xa2,
  0x08, 0xc2, 00, 0xa2, 0x08, 0xa2, 00, 0xa2, 0x08, 0xc1, 00, 0xa1,
  00, 0x81, 00, 0x81, 00, 0x81, 00, 0x82, 0x08, 0xc2, 00, 0x81,
  0x08, 0x81, 00, 0x61, 0x08, 0xc1, 00, 0xa1, 0x08, 0xc1, 00, 0xa1,
  0x08, 0x81, 00, 0x41, 0x08, 0x81, 00, 0x81, 0x08, 0x81, 00, 0x41,
  0x08, 0x81, 00, 0x41, 0x08, 0x61, 00, 0x41, 0x08, 0x61, 00, 0x41,
  0x08, 0x61, 00, 0x61, 0x08, 0x61, 00, 0x41, 0x08, 0x61, 00, 0x41,
  0x08, 0x61, 00, 0x61, 0x08, 0x81, 00, 0x41, 0x08, 0x81, 00, 0x41,
  0x08, 0x61, 00, 0x41, 0x08, 0x81, 00, 0x61, 0x08, 0x61, 00, 0x41,
  0x08, 0x61, 00, 0x61, 0x08, 0x81, 00, 0x41, 00, 0x40, 00, 0x40,
  0x08, 0x61, 00, 0x41, 00, 0x40, 00, 0x40, 00, 0x40, 00, 0x41,
  0x08, 0x40, 00, 0x40, 00, 0x40, 00, 0x40, 00, 0x40, 00, 0x40,
  0x08, 0x80, 00, 0x40, 0x08, 0x40, 00, 0x41, 0x08, 0x40, 00, 00,
  0x08, 0x40, 00, 0x20, 00, 0x40, 00, 0x40, 00, 00, 00, 00,
  0x08, 0x40, 00, 0x20, 0x08, 0x40, 00, 00, 0x08, 0x40, 00, 00,
  0x08, 0x40, 00, 0x20, 0x08, 0x40, 00, 00, 0x08, 0x40, 00, 0x20,
  0x08, 0x40, 00, 00, 0x08, 0x40, 00, 00, 0x08, 0x40, 00, 0x20,
  00, 0x41, 00, 0x40, 00, 0x41, 00, 0x41, 00, 0x01, 00, 0x21,
  00, 0x41, 00, 0x41, 00, 0x41, 00, 0x41, 00, 0x41, 00, 0x41,
  00, 0x41, 00, 0x41, 00, 0x41, 00, 0x41, 00, 0x41, 00, 0x41,
  00, 0x41, 00, 0x41, 00, 0x41, 00, 0x41, 00, 0x41, 00, 0x41,
  00, 0x41, 00, 0x41, 00, 0x41, 00, 0x41, 00, 0x41, 00, 0x41,
  00, 0x41, 00, 0x41, 00, 0x41, 00, 0x41, 00, 0x41, 00, 0x41,
  00, 0x41, 00, 0x61, 00, 0x41, 00, 0x61, 00, 0x82, 0x08, 0x62,
  00, 0x82, 00, 0x81, 00, 0x81, 00, 0x61, 00, 0x81, 00, 0x61,
  00, 0x82, 00, 0x81, 00, 0x82, 00, 0x81, 00, 0x81, 00, 0x61,
  00, 0x82, 00, 0x81, 00, 0x82, 00, 0x81, 00, 0x82, 00, 0x81,
  00, 0x82, 00, 0x82, 00, 0x82, 00, 0x82, 00, 0x82, 00, 0x81,
  00, 0x82, 00, 0x82, 00, 0x82, 00, 0x82, 00, 0xc2, 00, 0xa2,
  00, 0x82, 00, 0xa2, 00, 0x82, 00, 0xa2, 00, 0xc2, 00, 0xa2,
  00, 0xc2, 00, 0xc2, 00, 0xc2, 00, 0xa2, 00, 0xc2, 00, 0xa2,
  00, 0xc2, 00, 0xa2, 00, 0xc2, 00, 0xa2, 00, 0xc2, 00, 0xa2,
  00, 0xc2, 0x08, 0xe3, 0x08, 0xa1, 0x52, 0xc9, 0x11, 0x65, 0x08, 0xe2,
  0x01, 0x03, 00, 0xc2, 00, 0xc3, 00, 0xe3, 0x01, 0x03, 00, 0xc2,
  00, 0xc2, 00, 0xa2, 0x01, 0x03, 0x01, 0x02, 0x01, 0x03, 0x01, 0x03,
  00, 0xc2, 00, 0xa2, 00, 0xc3, 00, 0xe3, 0x01, 0x03, 0x01, 0x02,
  0x01, 0x03, 0x01, 0x02, 0x01, 0x03, 0x01, 0x03, 0x09, 0x03, 0x11, 0x03,
  00, 0xc2, 00, 0xc2, 00, 0xc2, 00, 0xa2, 00, 0xc3, 00, 0xe3,
  00, 0xc2, 00, 0xa2, 00, 0xc2, 00, 0xa2, 00, 0xc2, 00, 0xa2,
  00, 0xc3, 00, 0xe3, 00, 0xc2, 00, 0xa2, 00, 0xc3, 00, 0x81,
  00, 0x82, 00, 0xa2, 00, 0x82, 00, 0xa2, 00, 0xc3, 00, 0xc2,
  00, 0x82, 00, 0xa2, 00, 0x82, 00, 0xa2, 00, 0x81, 00, 0x61,
  00, 0x82, 00, 0x81, 00, 0x82, 00, 0x81, 00, 0x82, 0x08, 0x81,
  00, 0x81, 00, 0x61, 00, 0x82, 00, 0x81, 0x08, 0xc3, 00, 0x61,
  00, 0x82, 00, 0x82, 00, 0x81, 00, 0x61, 00, 0x81, 00, 0x61,
  00, 0x41, 00, 0x61, 00, 0x41, 00, 0x61, 00, 0x41, 00, 0x41,
  00, 0x41, 00, 0x61, 00, 0x82, 00, 0x40, 00, 0x41, 00, 0x61,
  00, 0x41, 00, 0x61, 00, 0x81, 00, 0x61, 00, 0x81, 00, 0x61,
  00, 0x81, 00, 0x61, 00, 0x41, 00, 0x41, 00, 0x41, 00, 0x41,
  00, 0x41, 00, 0x41, 00, 0x41, 00, 0x41, 00, 0x41, 00, 0x41,
  00, 0x41, 00, 0x41, 00, 0x41, 00, 0x41, 00, 0x41, 00, 0x41,
  00, 0x41, 00, 0x41, 00, 0x41, 00, 0x41, 00, 0x41, 00, 0x41,
  00, 0x41, 00, 0x41, 00, 0x41, 00, 0x41, 00, 0x41, 00, 0x41,
  00, 0x41, 00, 0x41, 00, 0x41, 00, 0x41, 00, 0x40, 00, 0x20,
  00, 0x01, 00, 0x21, 00, 0x41, 00, 0x41, 00, 0x01, 00, 0x21,
  00, 0x41, 00, 0x40, 00, 0x41, 0x10, 0x82, 00, 0x40, 00, 0x20,
  00, 0x01, 00, 0x21, 00, 00, 00, 00, 00, 00, 00, 00,
  0x08, 0x40, 00, 0x20, 0x08, 0x40, 00, 0x20, 0x08, 0x40, 00, 00,
  0x08, 0x40, 00, 00, 0x08, 0x40, 00, 00, 0x08, 0x40, 00, 0x20,
  0x08, 0x40, 00, 0x40, 0x08, 0x40, 00, 0x20, 0x08, 0x41, 00, 0x41,
  0x08, 0x40, 00, 0x20, 0x08, 0x61, 00, 0x41, 00, 0x40, 00, 0x40,
  0x08, 0x61, 00, 0x41, 00, 0x40, 00, 0x40, 0x08, 0x61, 00, 0x41,
  0x08, 0x41, 00, 0x41, 0x08, 0x81, 00, 0x41, 00, 0x40, 00, 0x41,
  0x08, 0x81, 00, 0x41, 0x08, 0x61, 00, 0x61, 0x08, 0x81, 00, 0x61,
  0x08, 0x61, 00, 0x41, 00, 0x81, 00, 0x82, 0x08, 0x81, 00, 0x61,
  0x08, 0x81, 00, 0x41, 0x08, 0xc1, 00, 0xa1, 00, 0x81, 00, 0x82,
  00, 0x81, 00, 0x82, 0x08, 0xc1, 00, 0xa1, 00, 0x81, 00, 0x82,
  0x08, 0xc1, 00, 0xa1, 0x08, 0x81, 00, 0x81, 00, 0x81, 00, 0x82,
  00, 0x81, 00, 0x82, 0x08, 0xc1, 00, 0xa1, 00, 0xc1, 00, 0xc2,
  0x08, 0xc1, 00, 0xa1, 00, 0x81, 00, 0x82, 0x09, 0x02, 00, 0xc2,
  00, 0xc2, 00, 0xc3, 0x08, 0xc1, 00, 0xc2, 0x09, 0x02, 00, 0xc2,
  0x09, 0x02, 00, 0xc2, 0x08, 0xa2, 00, 0xa2, 0x08, 0xc1, 00, 0xc2,
  0x09, 0x02, 00, 0xc2, 0x08, 0xe2, 0x19, 0xa5, 0x11, 0x43, 00, 0xe2,
  0x09, 0x02, 00, 0xc2, 0x09, 0x02, 00, 0xc2, 0x09, 0x02, 00, 0xc2,
  00, 0xc2, 00, 0xc3, 0x09, 0x02, 0x01, 0x02, 00, 0xc1, 00, 0xc2,
  0x09, 0x02, 00, 0xc2, 00, 0xc2, 0x01, 0x03, 0x09, 0x23, 00, 0xe2,
  0x09, 0x02, 00, 0xe2, 0x09, 0x44, 0x01, 0x23, 0x09, 0x02, 00, 0xe2,
  0x08, 0xc2, 00, 0xa2, 00, 0xc1, 00, 0xc2, 0x09, 0x02, 00, 0xc2,
  0x09, 0x02, 00, 0xe2, 0x08, 0xc2, 00, 0xc2, 0x08, 0xe3, 00, 0xa2,
  00, 0xe2, 0x01, 0x03, 0x08, 0xe3, 00, 0xa2, 0x08, 0xc2, 00, 0x82,
  0x08, 0xa2, 00, 0xa2, 0x08, 0xc2, 00, 0x82, 0x08, 0xc2, 00, 0xc2,
  0x08, 0xc1, 00, 0xa1, 00, 0x81, 00, 0x82, 0x08, 0xc2, 00, 0xa2,
  00, 0x81, 00, 0x82, 0x08, 0xc1, 00, 0xa1, 0x08, 0x81, 00, 0x81,
  0x08, 0x81, 00, 0x61, 0x08, 0x80, 00, 0x40, 0x08, 0x81, 00, 0x41,
  0x08, 0x81, 00, 0x61, 0x08, 0x81, 00, 0x41, 00, 0x81, 00, 0x82,
  0x08, 0x81, 00, 0x41, 0x08, 0x81, 00, 0x41, 0x08, 0x81, 00, 0x41,
  0x08, 0x61, 00, 0x41, 0x08, 0x81, 00, 0x61, 0x08, 0x61, 00, 0x61,
  0x08, 0x61, 00, 0x41, 0x08, 0x81, 00, 0x61, 0x08, 0x61, 00, 0x41,
  0x08, 0x81, 00, 0x41, 0x08, 0x81, 00, 0x61, 0x08, 0x61, 00, 0x61,
  0x08, 0x61, 00, 0x61, 0x08, 0x40, 00, 0x20, 00, 0x40, 00, 0x41,
  00, 0x40, 00, 0x40, 0x08, 0x61, 00, 0x41, 00, 0x40, 00, 0x40,
  0x08, 0x61, 00, 0x41, 00, 0x40, 00, 0x40, 0x08, 0x80, 00, 0x40,
  0x08, 0x81, 00, 0x40, 0x08, 0x40, 00, 0x40, 0x08, 0x40, 00, 0x20,
  0x08, 0x40, 00, 0x40, 0x08, 0x40, 00, 0x20, 0x08, 0x40, 00, 00,
  0x08, 0x40, 00, 0x20, 0x08, 0x80, 00, 0x40, 0x08, 0x40, 00, 00,
  0x08, 0x40, 00, 0x20, 0x08, 0x40, 00, 0x41, 0x08, 0x40, 00, 00,
  0x08, 0x40, 00, 0x20, 0x08, 0x40, 00, 00, 0x08, 0x40, 00, 0x20,
  00, 0x41, 00, 0x41, 00, 00, 0x08, 0x21, 00, 0x41, 00, 0x21,
  00, 0x41, 00, 0x40, 00, 0x41, 00, 0x41, 00, 0x41, 00, 0x40,
  00, 0x41, 00, 0x41, 00, 0x41, 00, 0x41, 00, 0x41, 00, 0x41,
  00, 0x41, 0x08, 0x41, 0x10, 0xc3, 00, 0x40, 00, 0x41, 00, 0x41,
  00, 0x41, 00, 0x41, 00, 0x41, 00, 0x41, 00, 0x41, 00, 0x41,
  00, 0x41, 00, 0x41, 00, 0x41, 00, 0x41, 00, 0x41, 00, 0x41,
  00, 0x81, 00, 0x61, 00, 0x41, 00, 0x61, 00, 0x82, 00, 0x81,
  00, 0x41, 00, 0x61, 00, 0x81, 00, 0x61, 00, 0x41, 00, 0x61,
  00, 0x82, 00, 0x81, 00, 0x81, 00, 0x61, 00, 0x82, 00, 0x82,
  00, 0x82, 00, 0xa2, 00, 0x82, 00, 0x82, 00, 0x82, 00, 0x81,
  00, 0x82, 00, 0x82, 00, 0x82, 00, 0x81, 00, 0x82, 00, 0x82,
  00, 0x81, 00, 0x61, 00, 0x82, 00, 0xa2, 00, 0x82, 00, 0xa2,
  00, 0xc2, 00, 0xa2, 00, 0x82, 00, 0x82, 00, 0xc2, 0x08, 0xe3,
  00, 0xc2, 00, 0xa2, 00, 0xc2, 0x08, 0xe3, 00, 0xc2, 00, 0xa2,
  00, 0xc2, 0x08, 0xe3, 00, 0xc2, 00, 0xa2, 00, 0xc2, 00, 0xa2,
  00, 0xc3, 00, 0xe3, 0x01, 0x03, 00, 0xc2, 00, 0xc3, 00, 0xe3,
  0x01, 0x03, 0x01, 0x03, 00, 0xe2, 00, 0xe2, 00, 0xc2, 00, 0xa2,
  00, 0xc3, 00, 0xe3, 0x01, 0x04, 00, 0xc3, 00, 0xc2, 00, 0xa2,
  00, 0xc3, 00, 0xc2, 00, 0xc3, 00, 0xe3, 0x01, 0x03, 0x01, 0x03,
  00, 0xc2, 00, 0xa2, 00, 0xc3, 0x09, 0x24, 00, 0xc2, 00, 0xa2,
  00, 0xc2, 00, 0xa2, 00, 0x82, 00, 0xa2, 0x01, 0x04, 00, 0xc3,
  00, 0xc2, 00, 0xa2, 00, 0xc3, 00, 0xe3, 00, 0xc2, 00, 0xa2,
  00, 0xc2, 0x08, 0xe3, 00, 0xc2, 00, 0xa2, 00, 0xc2, 00, 0xa2,
  00, 0xc2, 00, 0xc2, 00, 0xc2, 00, 0xa2, 00, 0xc2, 00, 0x81,
  00, 0x82, 00, 0x82, 00, 0x81, 00, 0x61, 00, 0x82, 00, 0x82,
  00, 0x82, 00, 0x81, 00, 0x82, 00, 0x81, 00, 0x82, 00, 0x61,
  00, 0x81, 00, 0x61, 00, 0x41, 00, 0x61, 00, 0x82, 00, 0x81,
  00, 0x81, 00, 0x61, 00, 0x81, 00, 0x61, 00, 0x41, 00, 0x61,
  00, 0x81, 00, 0x61, 00, 0x82, 00, 0x40, 00, 0x82, 00, 0x61,
  00, 0x41, 00, 0x61, 00, 0x81, 00, 0x81, 00, 0x41, 00, 0x41,
  00, 0x82, 00, 0x81, 00, 0x81, 00, 0x61, 00, 0x41, 00, 0x61,
  00, 0x41, 00, 0x41, 00, 0x41, 00, 0x61, 00, 0x41, 00, 0x61,
  00, 0x41, 00, 0x41, 00, 0x41, 00, 0x41, 00, 0x41, 0x08, 0x61,
  00, 0x41, 00, 0x41, 00, 0x41, 00, 0x41, 00, 0x41, 00, 0x41,
  00, 0x41, 00, 0x41, 00, 0x41, 00, 0x41, 00, 0x41, 00, 0x41,
  00, 0x41, 00, 0x41, 00, 0x41, 00, 0x41, 00, 0x41, 00, 0x41,
  00, 0x41, 00, 0x41, 00, 0x42, 00, 0x21, 00, 0x41, 00, 0x40,
  00, 0x01, 00, 0x21, 00, 0x41, 00, 0x41, 00, 0x41, 00, 0x40,
  00, 0x41, 00, 0x41, 00, 00, 00, 0x20, 00, 0x41, 00, 0x41,
  00, 0x01, 00, 0x21, 00, 0x01, 00, 0x21, 00, 00, 00, 00,
  0x08, 0x40, 00, 0x20, 0x08, 0x40, 00, 0x20, 0x08, 0x40, 00, 0x20,
  0x08, 0x40, 00, 00, 0x08, 0x40, 00, 0x20, 0x08, 0x40, 00, 0x40,
  00, 0x40, 00, 0x40, 0x08, 0x61, 00, 0x20, 00, 0x40, 00, 0x40,
  00, 0x40, 00, 0x40, 0x08, 0x40, 00, 0x40, 0x08, 0x40, 00, 0x40,
  00, 0x40, 00, 0x41, 0x08, 0x61, 00, 0x41, 00, 0x40, 00, 0x41,
  0x08, 0x61, 00, 0x41, 00, 0x40, 00, 0x40, 0x08, 0x80, 00, 0x81,
  0x08, 0x81, 00, 0x61, 0x08, 0x81, 00, 0x41, 0x08, 0x81, 00, 0x61,
  0x08, 0x81, 00, 0x41, 0x08, 0xa2, 00, 0x61, 00, 0x81, 00, 0x82,
  00, 0x81, 00, 0x82, 0x10, 0xc1, 0x11, 0x23, 00, 0x81, 00, 0x82,
  0x08, 0xc1, 00, 0xa1, 00, 0x81, 00, 0x82, 0x08, 0xc2, 00, 0x81,
  0x08, 0xc1, 00, 0xa1, 0x08, 0xc1, 00, 0xa1, 00, 0x81, 00, 0x82,
  0x08, 0xc1, 00, 0xa1, 0x08, 0xa2, 00, 0xa2, 0x08, 0xa2, 00, 0xa2,
  0x08, 0xc2, 00, 0x82, 0x08, 0xc1, 00, 0xa1, 00, 0xc1, 00, 0xc2,
  0x08, 0xe2, 00, 0x81, 0x09, 0x02, 00, 0xe2, 0x09, 0x02, 00, 0xc2,
  0x09, 0x02, 00, 0xc2, 0x09, 0x02, 00, 0xc2, 00, 0xc2, 00, 0xc3,
  0x09, 0x03, 0x01, 0x03, 0x09, 0x23, 00, 0xe2, 0x09, 0x02, 00, 0xc2,
  0x09, 0x02, 00, 0xc2, 0x09, 0x02, 00, 0xc2, 0x09, 0x02, 00, 0xe2,
  0x01, 0x02, 0x01, 0x02, 0x09, 0x02, 00, 0xe2, 0x09, 0x02, 00, 0xe2,
  0x09, 0x02, 00, 0xe2, 0x09, 0x02, 00, 0xc2, 0x09, 0x02, 00, 0xc2,
  0x09, 0x02, 00, 0xc2, 0x11, 0x02, 00, 0xc2, 0x09, 0x02, 00, 0xe2,
  0x08, 0xe3, 00, 0xa2, 00, 0xc1, 00, 0xc2, 0x09, 0x02, 00, 0xc2,
  0x09, 0x02, 00, 0xc2, 0x09, 0x02, 00, 0xc2, 00, 0xc2, 00, 0xc3,
  0x09, 0x44, 0x01, 0x23, 0x08, 0xc2, 00, 0x82, 0x08, 0xc1, 00, 0xa1,
  0x08, 0xc2, 00, 0xc2, 0x08, 0xc1, 00, 0xa1, 0x08, 0xc1, 00, 0xa1,
  0x08, 0x81, 00, 0x41, 0x08, 0x81, 00, 0x81, 0x08, 0xc1, 00, 0xa1,
  0x08, 0xc1, 00, 0xa1, 0x08, 0xc1, 00, 0xa1, 0x08, 0x81, 00, 0x61,
  0x08, 0x81, 00, 0x61, 0x08, 0x81, 00, 0x41, 0x08, 0x61, 00, 0x61,
  0x08, 0x81, 00, 0x81, 0x08, 0x81, 00, 0x61, 0x08, 0x81, 00, 0x41,
  0x08, 0x61, 00, 0x61, 0x08, 0x61, 00, 0x41, 0x08, 0x81, 00, 0x41,
  0x08, 0x81, 00, 0x61, 0x08, 0x61, 00, 0x41, 0x08, 0x81, 00, 0x41,
  0x08, 0x81, 00, 0x41, 0x08, 0x61, 00, 0x41, 0x08, 0x81, 00, 0x61,
  0x08, 0x81, 00, 0x61, 0x08, 0x80, 00, 0x81, 0x08, 0x81, 00, 0x61,
  0x08, 0x61, 00, 0x61, 0x08, 0x61, 00, 0x41, 0x10, 0xa2, 00, 0x61,
  0x08, 0x61, 00, 0x41, 00, 0x40, 00, 0x41, 0x08, 0x40, 00, 0x40,
  0x08, 0x61, 00, 0x41, 0x08, 0x81, 00, 0x41, 0x08, 0x61, 00, 0x61,
  0x08, 0x41, 00, 0x41, 0x08, 0x40, 00, 0x20, 0x08, 0x40, 00, 0x40,
  0x08, 0x40, 00, 0x40, 0x08, 0x81, 00, 0x40, 0x08, 0x40, 00, 00,
  0x08, 0x40, 00, 0x40, 0x08, 0x40, 00, 0x20, 0x08, 0x40, 00, 00,
  0x08, 0x40, 00, 0x20, 0x08, 0x40, 00, 00, 0x08, 0x40, 00, 0x20,
  0x08, 0x40, 00, 0x20, 0x08, 0x40, 00, 0x20, 0x08, 0x40, 00, 00,
  00, 0x41, 00, 0x41, 00, 0x41, 00, 0x41, 00, 0x01, 00, 0x21,
  00, 0x41, 00, 0x40, 00, 0x41, 00, 0x41, 00, 0x41, 00, 0x41,
  00, 0x41, 00, 0x41, 00, 0x41, 00, 0x41, 00, 0x41, 00, 0x41,
  00, 0x41, 00, 0x41, 00, 0x41, 00, 0x41, 00, 0x41, 00, 0x41,
  00, 0x41, 00, 0x41, 00, 0x41, 00, 0x41, 00, 0x41, 00, 0x41,
  00, 0x41, 00, 0x41, 00, 0x41, 00, 0x41, 00, 0x81, 0x08, 0x61,
  00, 0x42, 00, 0x62, 00, 0x41, 00, 0x61, 00, 0x41, 00, 0x61,
  00, 0x41, 00, 0x61, 00, 0x82, 00, 0x81, 00, 0x82, 00, 0x81,
  00, 0x81, 00, 0x81, 0x10, 0xa2, 0x29, 0x44, 00, 0x81, 00, 0xa2,
  00, 0x82, 0x08, 0xa2, 00, 0x81, 0x08, 0xc2, 00, 0x82, 00, 0x62,
  00, 0x82, 00, 0xa2, 00, 0x82, 00, 0x82, 00, 0x82, 00, 0xa2,
  00, 0x82, 00, 0xa2, 00, 0x82, 00, 0x82, 00, 0x82, 0x08, 0xa3,
  00, 0xc3, 00, 0x81, 00, 0xe3, 00, 0xa2, 00, 0xc2, 00, 0xa2,
  00, 0xc3, 00, 0xe3, 00, 0xc2, 0x08, 0xe3, 0x01, 0x04, 0x08, 0xe3,
  00, 0xc3, 00, 0xc3, 00, 0xc2, 00, 0xa2, 00, 0xc3, 00, 0xe3,
  00, 0xc3, 00, 0xe3, 0x01, 0x03, 0x01, 0x03, 00, 0xc3, 00, 0xe3,
  0x01, 0x02, 00, 0xe2, 00, 0xc3, 00, 0xe3, 0x01, 0x03, 0x01, 0x02,
  0x01, 0x03, 0x01, 0x02, 0x01, 0x03, 0x01, 0x03, 0x01, 0x03, 0x01, 0x03,
  0x01, 0x03, 0x01, 0x03, 0x01, 0x44, 0x01, 0x03, 00, 0xc3, 00, 0xe3,
  00, 0xc2, 00, 0xa2, 00, 0xc2, 00, 0xa2, 00, 0xc3, 00, 0xc2,
  00, 0xc2, 00, 0xa2, 00, 0xc2, 00, 0xa2, 00, 0xc3, 00, 0xe3,
  0x01, 0x04, 00, 0xc3, 00, 0xc2, 0x08, 0xc2, 00, 0xc2, 0x08, 0xe2,
  0x01, 0x44, 0x01, 0x03, 00, 0xc2, 00, 0xa2, 00, 0x82, 00, 0xa2,
  00, 0xc2, 00, 0xa2, 00, 0xc2, 00, 0xa2, 00, 0xc2, 00, 0xa2,
  00, 0x82, 00, 0x61, 00, 0xa2, 00, 0xa2, 00, 0x82, 00, 0x81,
  00, 0xc3, 00, 0x81, 00, 0x81, 00, 0x61, 00, 0x81, 00, 0x81,
  00, 0x41, 00, 0x61, 00, 0x41, 00, 0x61, 00, 0x41, 00, 0x61,
  00, 0x82, 00, 0x81, 00, 0x82, 00, 0x40, 00, 0x41, 00, 0x61,
  00, 0x41, 00, 0x61, 00, 0x41, 0x08, 0x61, 00, 0x41, 00, 0x61,
  00, 0x81, 00, 0x61, 00, 0x41, 0x08, 0x62, 00, 0x42, 00, 0x62,
  00, 0x82, 00, 0x40, 00, 0x41, 0x08, 0x61, 00, 0x82, 00, 0x81,
  00, 0x41, 00, 0x61, 00, 0x81, 00, 0x81, 00, 0x41, 0x08, 0x61,
  00, 0x82, 00, 0x40, 00, 0x41, 00, 0x61, 00, 0x41, 00, 0x41,
  00, 0x41, 0x08, 0x61, 00, 0x41, 00, 0x41, 00, 0x41, 00, 0x41,
  00, 0x41, 00, 0x61, 00, 0x41, 00, 0x41, 00, 0x41, 00, 0x41,
  00, 0x41, 00, 0x41, 00, 0x41, 00, 0x41, 00, 0x41, 00, 0x41,
  00, 0x41, 00, 0x21, 00, 0x41, 00, 0x40, 00, 0x41, 00, 0x41,
  00, 0x41, 00, 0x41, 00, 0x41, 00, 0x40, 00, 0x41, 00, 0x41,
  00, 0x41, 0x08, 0x40, 00, 0x41, 00, 0x41, 00, 0x01, 00, 0x21,
  00, 0x41, 00, 0x41, 00, 00, 0x08, 0x21, 00, 00, 00, 0x20,
  0x08, 0x40, 00, 00, 0x08, 0x40, 00, 00, 0x08, 0x40, 00, 00,
  0x08, 0x40, 00, 0x20, 0x08, 0x40, 00, 00, 0x08, 0x40, 00, 0x20,
  00, 0x40, 00, 0x41, 0x08, 0x40, 00, 0x20, 0x08, 0x81, 00, 0x41,
  00, 0x40, 00, 0x40, 0x08, 0x61, 00, 0x41, 00, 0x40, 00, 0x40,
  0x08, 0x81, 00, 0x41, 00, 0x40, 00, 0x41, 0x08, 0x81, 00, 0x41,
  00, 0x40, 00, 0x40, 0x08, 0x81, 00, 0x41, 0x08, 0x81, 00, 0x41,
  0x08, 0x81, 00, 0x41, 0x08, 0x61, 00, 0x61, 0x08, 0x61, 00, 0x41,
  0x08, 0x61, 00, 0x61, 0x08, 0x81, 00, 0x81, 0x08, 0x81, 00, 0x61,
  0x08, 0x81, 00, 0x81, 0x08, 0x81, 00, 0x61, 0x08, 0xc1, 00, 0xa1,
  0x08, 0x81, 00, 0x81, 0x08, 0xc1, 00, 0xa1, 00, 0x81, 00, 0x82,
  0x08, 0xc1, 00, 0xa1, 0x08, 0xc1, 00, 0xa1, 0x08, 0xc1, 00, 0xa1,
  0x08, 0xc1, 00, 0xa1, 0x08, 0xc2, 00, 0xa2, 0x08, 0xc2, 00, 0xa2,
  0x08, 0xc2, 00, 0xa2, 0x11, 0x03, 00, 0x82, 0x08, 0xc2, 00, 0xc2,
  0x08, 0xa2, 00, 0xa2, 0x08, 0xc2, 00, 0xc2, 0x09, 0x02, 00, 0xe2,
  0x09, 0x23, 00, 0xe2, 0x09, 0x02, 00, 0xc2, 0x09, 0x02, 00, 0xc2,
  0x09, 0x02, 00, 0xc2, 0x09, 0x43, 0x01, 0x03, 0x01, 0x02, 0x01, 0x02,
  0x09, 0x02, 00, 0xc2, 0x09, 0x02, 00, 0xc2, 0x09, 0x02, 00, 0xc2,
  0x09, 0x02, 00, 0xe2, 0x09, 0x03, 0x01, 0x03, 0x09, 0x23, 0x01, 0x23,
  0x09, 0x84, 0x01, 0x64, 0x09, 0x23, 00, 0xe2, 0x09, 0x02, 00, 0xc2,
  0x09, 0x02, 00, 0xc2, 00, 0xc2, 00, 0xc3, 0x08, 0xa2, 00, 0xa2,
  0x09, 0x02, 00, 0xc2, 0x09, 0x02, 00, 0xe2, 0x09, 0x02, 00, 0xc2,
  0x09, 0x02, 00, 0xe2, 0x08, 0xc1, 0x11, 0x64, 0x19, 0x44, 00, 0xc2,
  0x09, 0x02, 00, 0xc2, 0x08, 0xc1, 00, 0xa1, 0x08, 0xc2, 00, 0xc2,
  0x08, 0xc2, 00, 0x82, 0x08, 0xc2, 00, 0xa2, 0x08, 0xa2, 00, 0xa2,
  0x08, 0xc1, 00, 0xa1, 00, 0x81, 00, 0x82, 0x10, 0xc1, 00, 0x81,
  0x08, 0x81, 00, 0x61, 0x08, 0x61, 0x08, 0xa2, 0x08, 0x81, 00, 0x81,
  0x08, 0x81, 00, 0x41, 0x08, 0x61, 00, 0x61, 0x08, 0x81, 00, 0x41,
  00, 0x81, 00, 0x82, 0x08, 0xc1, 00, 0xa1, 0x08, 0x81, 00, 0x61,
  0x08, 0x81, 00, 0x41, 0x08, 0x61, 00, 0x61, 0x08, 0x81, 00, 0x41,
  0x08, 0x81, 00, 0x61, 0x08, 0x81, 0x08, 0x82, 0x08, 0x81, 00, 0x61,
  0x08, 0x81, 00, 0x41, 0x08, 0x61, 00, 0x61, 0x08, 0x81, 00, 0x81,
  0x08, 0x81, 00, 0x61, 0x08, 0x81, 00, 0x41, 0x08, 0x61, 00, 0x61,
  0x08, 0x81, 00, 0x41, 0x08, 0x61, 00, 0x41, 0x08, 0x81, 00, 0x41,
  00, 0x40, 00, 0x40, 0x08, 0x81, 00, 0x41, 0x08, 0x61, 00, 0x41,
  0x08, 0x80, 00, 0x40, 00, 0x40, 00, 0x41, 0x08, 0x81, 00, 0x41,
  00, 0x40, 00, 0x40, 00, 0x40, 00, 0x40, 00, 0x40, 00, 0x40,
  0x08, 0x61, 00, 0x61, 0x10, 0x81, 00, 0x20, 0x08, 0x80, 00, 0x40,
  0x08, 0x40, 00, 0x20, 0x08, 0x40, 00, 00, 0x08, 0x40, 00, 0x20,
  0x08, 0x40, 00, 0x40, 0x08, 0x20, 00, 00, 00, 0x40, 00, 0x40,
  0x08, 0x40, 00, 00, 0x08, 0x40, 00, 00, 0x08, 0x40, 00, 0x20,
  00, 0x41, 00, 0x41, 00, 0x01, 00, 0x21, 00, 0x41, 00, 0x41,
  00, 0x01, 00, 0x21, 00, 0x41, 00, 0x40, 00, 0x41, 00, 0x40,
  00, 0x41, 00, 0x41, 00, 0x41, 00, 0x40, 00, 0x41, 00, 0x41,
  00, 0x41, 00, 0x41, 00, 0x41, 00, 0x41, 00, 0x41, 00, 0x41,
  00, 0x41, 00, 0x41, 00, 0x41, 00, 0x61, 00, 0x41, 00, 0x41,
  00, 0x41, 00, 0x41, 00, 0x41, 0x08, 0x62, 00, 0x41, 0x08, 0x61,
  00, 0x41, 00, 0x61, 00, 0x41, 00, 0x41, 00, 0x41, 00, 0x61,
  00, 0x41, 00, 0x61, 00, 0x82, 00, 0x81, 00, 0x82, 00, 0x81,
  00, 0x82, 00, 0x82, 00, 0x82, 00, 0x81, 00, 0x82, 00, 0x82,
  00, 0x81, 00, 0x61, 00, 0x82, 00, 0x82, 00, 0x82, 00, 0x81,
  00, 0x81, 00, 0xa2, 00, 0x82, 00, 0x81, 00, 0xc2, 00, 0xc2,
  00, 0x82, 0x08, 0xa2, 00, 0x82, 00, 0xa2, 00, 0xc2, 00, 0xa2,
  00, 0x82, 00, 0xa2, 00, 0xc2, 00, 0xa2, 00, 0xc2, 00, 0xc2,
  00, 0xc2, 00, 0xa2, 00, 0xc3, 00, 0xe3, 0x01, 0x03, 00, 0xc2,
  00, 0xc3, 00, 0xc2, 00, 0xc3, 00, 0xe3, 0x01, 0x03, 0x01, 0x03,
  00, 0xc3, 00, 0xe3, 0x01, 0x03, 0x01, 0x03, 00, 0xc2, 00, 0xa2,
  00, 0xc2, 0x08, 0xe3, 00, 0xc3, 00, 0xe3, 0x01, 0x03, 0x01, 0x03,
  00, 0xc3, 00, 0xc2, 00, 0xc3, 00, 0xe3, 0x01, 0x04, 0x01, 0x24,
  0x01, 0x84, 0x01, 0x64, 0x01, 0x03, 0x01, 0x02, 00, 0xc3, 00, 0xe3,
  00, 0xc2, 00, 0xa2, 0x01, 0x03, 0x01, 0x03, 00, 0xc2, 00, 0xa2,
  00, 0xc2, 00, 0xa2, 00, 0xc3, 00, 0xe3, 0x01, 0x04, 0x08, 0xe3,
  00, 0xc2, 00, 0xa2, 00, 0xc3, 00, 0xe3, 0x01, 0x03, 00, 0xc2,
  00, 0xc2, 00, 0xa2, 00, 0xc2, 00, 0xa2, 00, 0xc3, 00, 0xc2,
  00, 0xc2, 00, 0xa2, 00, 0xc2, 00, 0xa2, 00, 0x82, 00, 0x82,
  00, 0x82, 00, 0x82, 00, 0x82, 00, 0x81, 00, 0x82, 00, 0x81,
  00, 0x81, 00, 0x61, 00, 0x82, 00, 0x81, 00, 0x82, 00, 0x81,
  00, 0x81, 00, 0x61, 00, 0x41, 00, 0x61, 00, 0x82, 00, 0x81,
  00, 0x82, 00, 0x81, 00, 0xc3, 00, 0x81, 00, 0x82, 00, 0x81,
  00, 0x81, 00, 0x61, 00, 0x41, 00, 0x41, 00, 0x41, 00, 0x61,
  00, 0x41, 00, 0x61, 00, 0x41, 00, 0x61, 00, 0x81, 00, 0x81,
  00, 0x41, 00, 0x61, 00, 0x41, 00, 0x61, 00, 0x81, 00, 0x61,
  00, 0x82, 00, 0x82, 00, 0x41, 00, 0x61, 00, 0x41, 00, 0x61,
  00, 0x41, 00, 0x61, 00, 0x41, 00, 0x41, 00, 0x41, 0x08, 0x61,
  00, 0x41, 00, 0x41, 00, 0x41, 00, 0x41, 00, 0x41, 00, 0x41,
  00, 0x41, 0x08, 0x82, 0x08, 0x82, 00, 0x40, 00, 0x41, 00, 0x41,
  00, 0x41, 00, 0x41, 00, 0x41, 00, 0x41, 00, 0x41, 00, 0x41,
  00, 0x41, 00, 0x41, 00, 0x41, 00, 0x41, 00, 0x41, 00, 0x41,
  00, 0x41, 00, 0x41, 00, 0x41, 00, 0x41, 00, 0x41, 00, 0x41,
  00, 0x41, 00, 0x41, 00, 0x01, 00, 0x21, 00, 0x41, 00, 0x41,
  00, 00, 0x08, 0x21, 00, 0x41, 00, 0x40, 00, 00, 00, 00,
  0x08, 0x40, 00, 0x20, 0x08, 0x40, 00, 00, 0x08, 0x40, 00, 00,
  0x08, 0x40, 00, 00, 0x08, 0x40, 0x10, 0x82, 0x08, 0x40, 00, 00,
  0x08, 0x40, 0x08, 0x82, 0x10, 0x81, 00, 0x20, 00, 0x40, 00, 0x40,
  0x08, 0x40, 00, 0x40, 0x08, 0x40, 00, 0x40, 00, 0x40, 00, 0x41,
  0x08, 0x81, 00, 0x41, 0x08, 0x61, 00, 0x41, 0x08, 0x61, 00, 0x61,
  0x08, 0x61, 00, 0x41, 0x08, 0x61, 00, 0x41, 0x08, 0x81, 00, 0x41,
  0x08, 0x61, 00, 0x61, 0x08, 0x61, 00, 0x61, 0x08, 0x61, 00, 0x41,
  0x08, 0x61, 00, 0x41, 00, 0x81, 00, 0x82, 00, 0x81, 00, 0x82,
  00, 0x81, 00, 0x82, 0x08, 0xc1, 00, 0xa1, 00, 0x81, 00, 0x82,
  0x08, 0xc1, 00, 0xa1, 0x08, 0xc1, 00, 0xa1, 0x08, 0x81, 00, 0x81,
  0x08, 0xc1, 00, 0xa1, 0x08, 0xa2, 00, 0xa2, 0x08, 0xc2, 00, 0xc2,
  0x08, 0xa2, 00, 0xa2, 0x08, 0xc1, 00, 0xc2, 0x08, 0xa2, 00, 0xa2,
  0x08, 0xa2, 00, 0xa2, 0x08, 0xc2, 00, 0xc2, 0x08, 0xc2, 00, 0xc3,
  0x09, 0x02, 00, 0xc2, 0x09, 0x02, 00, 0xe2, 0x09, 0x02, 00, 0xc2,
  00, 0xc2, 00, 0xc3, 0x09, 0x02, 00, 0xc2, 0x09, 0x02, 00, 0xc2,
  0x09, 0x03, 0x01, 0x03, 0x09, 0x02, 00, 0xc2, 0x09, 0x02, 00, 0xe2,
  0x09, 0x02, 00, 0xc2, 0x09, 0x02, 00, 0xe2, 0x09, 0x23, 00, 0xe2,
  0x09, 0x02, 00, 0xc2, 0x09, 0x02, 00, 0xe2, 0x09, 0x44, 0x01, 0x23,
  0x2a, 0x05, 0x11, 0xa4, 0x01, 0x02, 0x01, 0x03, 0x09, 0x44, 0x01, 0x23,
  0x09, 0x02, 00, 0xc2, 0x09, 0x02, 00, 0xe2, 0x09, 0x02, 00, 0xc2,
  00, 0xc2, 00, 0xc3, 0x09, 0x03, 0x01, 0x03, 0x09, 0x23, 00, 0xe2,
  00, 0xc1, 00, 0xc2, 0x09, 0x02, 00, 0xc2, 0x09, 0x02, 00, 0xc2,
  0x08, 0xc2, 00, 0xc2, 0x08, 0xe3, 00, 0xa2, 0x08, 0xc2, 00, 0xa2,
  0x08, 0xc2, 00, 0xa2, 0x08, 0xc2, 00, 0xa2, 0x08, 0xc1, 00, 0xa1,
  0x08, 0x81, 00, 0x81, 0x08, 0x81, 00, 0x81, 0x08, 0xc1, 00, 0xa1,
  0x08, 0x81, 00, 0x81, 0x08, 0xc1, 00, 0xa1, 0x08, 0x81, 00, 0x81,
  0x08, 0x81, 00, 0x61, 0x08, 0x81, 00, 0x61, 0x08, 0x81, 00, 0x81,
  0x08, 0xc1, 00, 0xa1, 0x08, 0xc1, 00, 0xa1, 0x08, 0x81, 00, 0x81,
  0x08, 0x81, 00, 0x61, 0x08, 0x61, 00, 0x41, 0x08, 0x61, 00, 0x61,
  0x08, 0x81, 00, 0x61, 0x08, 0x61, 00, 0x41, 0x08, 0x81, 00, 0x81,
  0x08, 0x61, 00, 0x61, 0x08, 0x61, 00, 0x61, 0x08, 0x81, 00, 0x41,
  0x08, 0x81, 00, 0x61, 0x08, 0x61, 00, 0x61, 0x08, 0x81, 00, 0x41,
  0x08, 0x81, 00, 0x61, 0x08, 0x61, 00, 0x41, 0x08, 0x61, 00, 0x61,
  0x08, 0x61, 00, 0x61, 0x08, 0x61, 00, 0x61, 0x08, 0x81, 00, 0x41,
  0x08, 0x80, 00, 0x60, 0x08, 0x61, 00, 0x41, 0x08, 0x80, 00, 0x60,
  0x08, 0x61, 00, 0x41, 00, 0x40, 00, 0x40, 0x08, 0x40, 00, 0x40,
  0x08, 0x80, 00, 0x40, 0x08, 0x40, 00, 0x40, 00, 0x40, 00, 0x40,
  0x08, 0x81, 00, 0x40, 00, 0x40, 00, 0x40, 0x08, 0x40, 00, 0x40,
  0x08, 0x40, 00, 0x20, 0x08, 0x40, 00, 0x20, 0x08, 0x40, 00, 00,
  0x08, 0x40, 00, 00, 0x08, 0x40, 00, 0x20, 0x08, 0x40, 00, 00,
  00, 0x41, 00, 0x41, 00, 0x41, 00, 0x40, 00, 00, 00, 0x20,
  00, 0x01, 00, 0x21, 00, 0x01, 00, 0x21, 00, 0x41, 00, 0x41,
  00, 00, 0x08, 0x21, 00, 0x41, 00, 0x21, 00, 0x41, 00, 0x41,
  00, 0x41, 00, 0x41, 00, 0x41, 00, 0x41, 00, 0x41, 00, 0x41,
  00, 0x41, 00, 0x61, 00, 0x41, 00, 0x40, 00, 0x41, 00, 0x41,
  00, 0x41, 00, 0x61, 00, 0x41, 00, 0x61, 00, 0x81, 00, 0x61,
  00, 0x41, 00, 0x41, 00, 0x41, 00, 0x41, 00, 0x41, 00, 0x61,
  00, 0x82, 00, 0x81, 00, 0x81, 00, 0x61, 00, 0x81, 00, 0x61,
  00, 0x82, 00, 0x81, 00, 0x82, 00, 0x81, 00, 0x82, 00, 0x81,
  00, 0x82, 00, 0x82, 00, 0x81, 00, 0x61, 00, 0x82, 00, 0x81,
  00, 0x81, 00, 0xa2, 00, 0xc2, 00, 0xa2, 00, 0x82, 00, 0xa2,
  00, 0xc2, 00, 0xa2, 00, 0xc2, 00, 0xa2, 00, 0xc2, 00, 0xa2,
  00, 0x82, 00, 0xa2, 00, 0xc2, 00, 0xa2, 00, 0xc2, 00, 0xa2,
  00, 0xc2, 00, 0xa2, 00, 0xc2, 00, 0xa2, 00, 0xc2, 00, 0xa2,
  00, 0xc2, 00, 0xa2, 00, 0xc2, 0x08, 0xe3, 0x01, 0x03, 0x01, 0x02,
  00, 0xc2, 0x08, 0xe3, 00, 0xc2, 0x08, 0xe2, 00, 0xc2, 00, 0xa2,
  00, 0xe2, 00, 0xe2, 00, 0xc3, 00, 0xe3, 0x01, 0x03, 00, 0xc2,
  00, 0xc3, 00, 0xc2, 00, 0xc3, 00, 0xe3, 0x01, 0x04, 0x01, 0x24,
  0x11, 0x85, 0x11, 0x44, 0x01, 0x03, 0x01, 0x03, 0x01, 0x04, 0x01, 0x24,
  00, 0xc2, 00, 0xa2, 00, 0xc3, 00, 0xe3, 0x01, 0x03, 0x01, 0x03,
  00, 0xc3, 00, 0xc3, 00, 0xc2, 0x08, 0xe3, 00, 0xc2, 00, 0xa2,
  00, 0x82, 0x08, 0xa2, 00, 0xc3, 00, 0xe3, 00, 0xc2, 00, 0xa2,
  00, 0xc2, 00, 0xa2, 00, 0xc2, 00, 0xa2, 00, 0xc2, 00, 0xa2,
  00, 0x82, 00, 0xa2, 00, 0xc2, 00, 0xc2, 00, 0x82, 00, 0xa2,
  00, 0x82, 00, 0x82, 00, 0x82, 00, 0x82, 00, 0x82, 00, 0x82,
  00, 0x82, 00, 0x81, 00, 0x82, 00, 0x81, 00, 0x82, 00, 0x81,
  00, 0x81, 00, 0x61, 00, 0x42, 00, 0x62, 00, 0x82, 00, 0x81,
  00, 0xc2, 00, 0x81, 00, 0x81, 00, 0xa2, 00, 0x82, 00, 0x81,
  00, 0x81, 00, 0x61, 00, 0x41, 00, 0x61, 00, 0x81, 00, 0x61,
  00, 0x81, 00, 0x61, 00, 0x41, 00, 0x61, 00, 0x81, 00, 0x61,
  00, 0x41, 00, 0x41, 00, 0x41, 00, 0x61, 00, 0x41, 00, 0x61,
  00, 0x82, 0x08, 0x81, 00, 0x81, 00, 0x81, 00, 0x81, 00, 0x61,
  00, 0x41, 00, 0x41, 00, 0x41, 00, 0x41, 00, 0x41, 00, 0x41,
  00, 0x41, 00, 0x41, 00, 0x41, 00, 0x41, 00, 0x41, 00, 0x41,
  00, 0x41, 00, 0x41, 00, 0x41, 00, 0x41, 00, 0x41, 00, 0x41,
  00, 0x41, 00, 0x41, 00, 0x41, 00, 0x41, 00, 0x41, 00, 0x41,
  00, 0x41, 00, 0x41, 00, 0x41, 00, 0x41, 00, 0x41, 00, 0x41,
  00, 0x41, 00, 0x40, 00, 0x41, 00, 0x41, 00, 0x41, 0x08, 0x61,
  00, 0x01, 00, 0x21, 00, 0x41, 00, 0x41, 00, 0x01, 00, 0x21,
  00, 0x41, 0x08, 0x40, 00, 0x01, 00, 00, 00, 00, 00, 00,
  0x08, 0x40, 00, 0x40, 0x08, 0x40, 00, 0x20, 00, 0x40, 00, 0x41,
  0x18, 0xc2, 00, 0x20, 0x08, 0x40, 00, 00, 0x08, 0x40, 00, 0x20,
  0x08, 0x41, 00, 0x41, 0x08, 0x40, 00, 0x20, 0x08, 0x41, 00, 0x41,
  00, 0x40, 00, 0x40, 0x08, 0x61, 00, 0x41, 00, 0x40, 00, 0x40,
  0x08, 0x80, 00, 0x40, 0x21, 0x02, 0x10, 0xc2, 00, 0x40, 00, 0x41,
  0x08, 0x61, 00, 0x41, 0x08, 0x81, 00, 0x41, 0x08, 0x81, 00, 0x41,
  0x08, 0x81, 00, 0x41, 0x08, 0x61, 00, 0x61, 0x08, 0x81, 00, 0x41,
  0x08, 0x81, 00, 0x61, 0x08, 0x81, 00, 0x81, 0x08, 0x81, 00, 0x41,
  0x08, 0x81, 00, 0x81, 0x08, 0xa1, 00, 0x61, 00, 0x81, 00, 0x82,
  0x08, 0xc1, 00, 0xa1, 0x10, 0xc1, 00, 0xa1, 0x08, 0x81, 00, 0x61,
  0x08, 0x81, 00, 0x81, 0x21, 0x44, 00, 0x81, 00, 0xc2, 00, 0xc3,
  0x09, 0x02, 00, 0xc2, 0x08, 0xc2, 00, 0xc2, 0x08, 0xa2, 00, 0xa2,
  00, 0xc1, 00, 0xc2, 0x08, 0xc1, 00, 0xa1, 0x08, 0xc2, 00, 0x82,
  00, 0xc1, 00, 0xc2, 0x08, 0xc2, 00, 0x82, 0x08, 0xa2, 00, 0xa2,
  0x09, 0x02, 00, 0xc2, 0x08, 0xe2, 00, 0xc2, 0x09, 0x02, 00, 0xe2,
  0x10, 0xe2, 00, 0xc2, 0x09, 0x02, 00, 0xc2, 0x09, 0x02, 00, 0xc2,
  0x09, 0x02, 0x01, 0x02, 0x09, 0x02, 00, 0xe2, 0x09, 0x02, 00, 0xc2,
  0x09, 0x02, 00, 0xe2, 0x09, 0x03, 0x01, 0x03, 0x09, 0x42, 0x01, 0x22,
  0x01, 0x43, 0x01, 0x44, 0x09, 0x44, 0x01, 0x23, 0x09, 0x44, 0x01, 0x64,
  0x01, 0x02, 0x01, 0x03, 0x09, 0x24, 00, 0xe3, 0x09, 0x02, 00, 0xe2,
  0x09, 0x44, 0x01, 0x23, 0x09, 0x02, 00, 0xc2, 0x09, 0x02, 00, 0xe2,
  0x08, 0xc1, 00, 0xa1, 0x09, 0x02, 00, 0xc2, 0x08, 0xc1, 00, 0xa1,
  0x08, 0xc1, 00, 0xc2, 0x08, 0xc1, 00, 0xa1, 0x08, 0xc2, 00, 0xa2,
  0x08, 0xc1, 00, 0xa1, 0x08, 0xc2, 00, 0xa2, 0x08, 0xc1, 00, 0xa1,
  0x08, 0xc2, 00, 0x82, 0x08, 0xc1, 00, 0xa1, 0x08, 0xc1, 00, 0xa1,
  00, 0x81, 00, 0x82, 0x08, 0x81, 00, 0x41, 0x08, 0x81, 00, 0x41,
  0x08, 0x81, 00, 0x81, 00, 0x81, 00, 0x82, 0x08, 0x82, 00, 0x82,
  0x08, 0x60, 0x31, 0xe6, 0x21, 0x44, 00, 0x81, 0x08, 0x81, 00, 0x81,
  0x08, 0x81, 00, 0x41, 0x08, 0x61, 00, 0x61, 0x08, 0x81, 00, 0x81,
  0x08, 0x81, 00, 0x41, 0x08, 0x81, 00, 0x41, 0x08, 0x81, 00, 0x61,
  0x08, 0x81, 00, 0x41, 0x08, 0x81, 00, 0x61, 0x08, 0x81, 00, 0x41,
  0x10, 0xc1, 00, 0x81, 0x08, 0x81, 00, 0x61, 0x08, 0x81, 00, 0x61,
  0x08, 0x61, 00, 0x61, 0x08, 0x61, 00, 0x61, 0x08, 0x81, 00, 0x41,
  0x08, 0x61, 00, 0x41, 0x08, 0x61, 00, 0x41, 00, 0x40, 00, 0x41,
  0x08, 0x81, 00, 0x41, 0x08, 0x61, 00, 0x41, 0x08, 0x61, 00, 0x41,
  0x08, 0x61, 00, 0x61, 0x08, 0x81, 00, 0x40, 0x08, 0x80, 00, 0x40,
  0x08, 0x61, 00, 0x41, 0x08, 0x40, 00, 00, 0x08, 0x40, 00, 0x40,
  0x08, 0x40, 00, 0x20, 0x08, 0x40, 00, 0x40, 0x08, 0x40, 00, 0x41,
  0x08, 0x80, 00, 0x40, 0x08, 0x40, 00, 0x20, 0x08, 0x40, 00, 00,
  0x08, 0x40, 00, 00, 0x08, 0x40, 00, 00, 0x08, 0x40, 00, 0x20,
  00, 0x41, 00, 0x41, 00, 0x41, 00, 0x41, 00, 0x41, 0x08, 0x41,
  0x08, 0xa2, 00, 0x20, 00, 0x41, 00, 0x41, 00, 0x01, 00, 0x21,
  00, 0x41, 00, 0x41, 00, 0x41, 00, 0x41, 00, 0x41, 00, 0x41,
  00, 0x41, 00, 0x41, 00, 0x41, 00, 0x41, 0x08, 0x82, 00, 0x40,
  00, 0x41, 00, 0x41, 0x18, 0xc3, 0x20, 0xe3, 00, 0x41, 0x08, 0x61,
  00, 0x41, 00, 0x41, 00, 0x41, 0x08, 0x61, 00, 0x41, 00, 0x41,
  00, 0x41, 00, 0x61, 00, 0x41, 00, 0x61, 00, 0x41, 0x08, 0x61,
  00, 0x82, 00, 0x81, 00, 0x82, 00, 0x82, 00, 0x81, 00, 0x61,
  00, 0x81, 00, 0xa2, 00, 0x82, 00, 0x61, 00, 0x82, 00, 0x81,
  00, 0x82, 00, 0x82, 00, 0x82, 00, 0x82, 00, 0x82, 00, 0x81,
  00, 0xc2, 00, 0xa2, 00, 0x82, 00, 0x81, 00, 0x82, 0x08, 0xa2,
  00, 0xc2, 00, 0xa2, 00, 0xc3, 00, 0xc2, 00, 0xc2, 00, 0xa2,
  00, 0xc2, 00, 0xa2, 00, 0xc2, 00, 0xa2, 00, 0xc2, 00, 0xa2,
  00, 0xc2, 00, 0xa2, 00, 0xc2, 00, 0xa2, 00, 0x82, 00, 0xa2,
  00, 0xc3, 00, 0xe3, 00, 0xc2, 00, 0xa2, 00, 0xc2, 0x08, 0xe3,
  0x01, 0x03, 0x01, 0x02, 0x01, 0x03, 0x01, 0x03, 0x01, 0x03, 00, 0xc2,
  0x01, 0x03, 0x01, 0x03, 0x01, 0x03, 0x01, 0x03, 0x01, 0x03, 0x01, 0x03,
  0x01, 0x03, 0x01, 0x03, 0x01, 0x03, 0x01, 0x03, 0x01, 0x03, 0x01, 0x03,
  0x01, 0x23, 0x09, 0xa5, 0x01, 0x44, 0x01, 0x24, 0x01, 0x44, 0x01, 0x64,
  0x09, 0x86, 0x09, 0x65, 0x01, 0x65, 0x01, 0x03, 0x01, 0x03, 0x01, 0x03,
  0x01, 0x85, 0x01, 0x64, 0x01, 0x03, 0x01, 0x03, 00, 0xc3, 00, 0xe3,
  00, 0xc2, 00, 0xa2, 0x01, 0x03, 0x01, 0x03, 00, 0x82, 00, 0x82,
  00, 0xc3, 00, 0xc2, 00, 0xc2, 00, 0xc2, 00, 0xc2, 00, 0xa2,
  00, 0x82, 0x08, 0xa2, 00, 0xc3, 00, 0x81, 00, 0x82, 00, 0x81,
  00, 0xc2, 00, 0xa2, 00, 0x81, 00, 0x61, 0x08, 0xc3, 0x08, 0x61,
  00, 0x81, 00, 0x61, 00, 0x82, 00, 0x81, 00, 0x81, 00, 0x61,
  00, 0x81, 00, 0x61, 00, 0x82, 00, 0x81, 00, 0x82, 0x08, 0xa2,
  0x08, 0x60, 0x52, 0xa9, 0x29, 0xa5, 0x08, 0x60, 00, 0x82, 00, 0x81,
  00, 0x82, 00, 0x82, 00, 0x41, 00, 0x61, 00, 0x82, 00, 0x81,
  00, 0x81, 00, 0x61, 00, 0x82, 00, 0x81, 00, 0x42, 00, 0x62,
  00, 0x81, 00, 0x81, 00, 0x41, 00, 0x61, 00, 0x41, 0x08, 0x61,
  00, 0x82, 00, 0x61, 00, 0x82, 0x08, 0x82, 00, 0x41, 00, 0x61,
  00, 0x41, 0x08, 0x61, 00, 0x41, 00, 0x41, 00, 0x41, 0x08, 0x61,
  00, 0x41, 00, 0x41, 00, 0x41, 00, 0x41, 00, 0x41, 00, 0x40,
  00, 0x41, 00, 0x41, 00, 0x41, 00, 0x41, 00, 0x41, 00, 0x61,
  00, 0x41, 00, 0x41, 00, 0x41, 00, 0x61, 00, 0x41, 00, 0x41,
  00, 0x41, 00, 0x41, 00, 0x41, 00, 0x40, 00, 0x41, 00, 0x41,
  00, 0x41, 00, 0x40, 00, 0x41, 00, 0x41, 00, 00, 0x08, 0x21,
  0x08, 0x82, 00, 0x40, 00, 0x01, 00, 0x21, 00, 00, 0x08, 0x21,
  00, 0x40, 00, 0x20, 00, 0x01, 00, 0x21, 00, 00, 00, 00,
  0x08, 0x40, 00, 0x20, 0x08, 0x40, 00, 00, 0x08, 0x40, 00, 00,
  00, 0x40, 00, 0x40, 0x08, 0x40, 00, 0x20, 0x08, 0x40, 00, 0x40,
  00, 0x40, 00, 0x40, 0x08, 0x40, 00, 0x40, 0x10, 0x82, 00, 0x41,
  0x08, 0x40, 00, 0x41, 0x08, 0x61, 00, 0x61, 0x08, 0x61, 00, 0x41,
  0x08, 0x61, 00, 0x61, 00, 0x40, 00, 0x40, 0x08, 0x61, 00, 0x41,
  0x08, 0x61, 00, 0x61, 0x08, 0x61, 00, 0x61, 0x08, 0x81, 00, 0x61,
  0x08, 0x61, 00, 0x61, 0x08, 0x81, 00, 0x41, 0x08, 0x61, 00, 0x61,
  0x08, 0x81, 00, 0x81, 0x08, 0x81, 00, 0x41, 0x08, 0x81, 00, 0x41,
  00, 0x81, 00, 0x82, 0x08, 0xc1, 00, 0xa1, 0x08, 0xc1, 00, 0xa1,
  0x08, 0xc2, 00, 0xa2, 0x08, 0x81, 00, 0x61, 0x08, 0x81, 00, 0x61,
  0x08, 0xc1, 00, 0xa1, 0x08, 0xc1, 00, 0xa1, 0x08, 0xc1, 00, 0xa1,
  0x08, 0xc1, 00, 0xc2, 00, 0xc2, 00, 0xc3, 0x09, 0x02, 00, 0xc2,
  00, 0xc1, 00, 0xc2, 0x09, 0x02, 00, 0xc2, 0x08, 0xe3, 00, 0xa2,
  0x08, 0xc1, 00, 0xa1, 0x08, 0xc1, 00, 0xa1, 0x08, 0xc1, 00, 0xc2,
  00, 0xc1, 00, 0xc2, 0x09, 0x02, 00, 0xc2, 00, 0xc2, 00, 0xc3,
  0x09, 0x02, 00, 0xe2, 00, 0xc1, 00, 0xc2, 0x09, 0x02, 00, 0xc2,
  0x09, 0x02, 00, 0xe2, 0x09, 0x44, 0x01, 0x23, 0x09, 0x43, 0x01, 0x44,
  0x09, 0x44, 0x01, 0x23, 0x09, 0x43, 0x01, 0x03, 0x09, 0x03, 0x01, 0x03,
  0x01, 0x43, 0x01, 0x84, 0x09, 0x63, 0x01, 0x63, 0x01, 0x84, 0x01, 0xa5,
  0x11, 0xc5, 0x01, 0xa4, 0x09, 0xa5, 0x01, 0x64, 0x01, 0x63, 0x01, 0x84,
  0x09, 0x44, 0x01, 0x23, 0x09, 0x64, 0x01, 0x23, 0x11, 0x43, 00, 0xe2,
  0x09, 0x02, 00, 0xe2, 0x08, 0xe3, 00, 0xa2, 0x08, 0xc2, 00, 0xc2,
  0x09, 0x02, 00, 0xc2, 0x08, 0xc1, 00, 0xa1, 0x08, 0xc1, 00, 0xc2,
  0x08, 0xc1, 00, 0xa1, 0x08, 0xc1, 00, 0xa1, 00, 0x81, 00, 0x82,
  0x08, 0xc1, 00, 0xa1, 0x08, 0xc1, 00, 0x81, 00, 0x81, 00, 0x82,
  0x08, 0xc1, 00, 0xa1, 00, 0x81, 00, 0x81, 00, 0x81, 00, 0x82,
  0x08, 0x81, 00, 0x41, 0x08, 0x81, 00, 0x81, 0x08, 0xc1, 00, 0xa1,
  0x08, 0xa1, 00, 0x60, 00, 0x81, 00, 0x82, 00, 0x81, 00, 0x82,
  0x08, 0x81, 00, 0x61, 00, 0x81, 00, 0x82, 00, 0x81, 00, 0x82,
  0x08, 0x81, 00, 0x41, 00, 0x81, 00, 0x82, 0x08, 0x81, 00, 0x81,
  0x08, 0x81, 00, 0x61, 0x08, 0x61, 00, 0x41, 0x08, 0x61, 00, 0x61,
  0x08, 0x81, 00, 0x41, 0x08, 0x81, 00, 0x81, 0x08, 0x81, 00, 0x61,
  0x08, 0x81, 00, 0x41, 0x08, 0x81, 00, 0x41, 0x08, 0x61, 00, 0x61,
  0x08, 0x61, 00, 0x61, 00, 0x40, 00, 0x40, 0x08, 0x61, 00, 0x41,
  00, 0x40, 00, 0x40, 0x08, 0x61, 00, 0x41, 0x08, 0x61, 00, 0x61,
  0x08, 0x81, 00, 0x40, 00, 0x40, 00, 0x41, 0x08, 0x80, 00, 0x40,
  00, 0x40, 00, 0x40, 0x08, 0x81, 00, 0x40, 0x08, 0x80, 00, 0x40,
  0x08, 0x40, 00, 0x40, 0x08, 0x80, 00, 0x40, 0x08, 0x40, 00, 0x20,
  0x08, 0x40, 00, 0x20, 0x08, 0x40, 00, 00, 0x08, 0x40, 00, 00,
  0x08, 0x40, 00, 00, 0x08, 0x40, 00, 0x20, 0x08, 0x40, 00, 0x20,
  00, 0x41, 00, 0x40, 00, 0x41, 00, 0x40, 00, 0x41, 00, 0x41,
  00, 0x41, 00, 0x41, 00, 0x41, 00, 0x41, 00, 0x41, 00, 0x41,
  00, 0x41, 00, 0x41, 00, 0x41, 00, 0x41, 00, 0x41, 00, 0x41,
  00, 0x41, 00, 0x41, 00, 0x41, 00, 0x41, 00, 0x41, 00, 0x41,
  00, 0x41, 00, 0x41, 00, 0x41, 0x08, 0x61, 00, 0x41, 00, 0x41,
  00, 0x41, 00, 0x61, 00, 0x41, 00, 0x41, 00, 0x41, 00, 0x61,
  00, 0x41, 00, 0x61, 00, 0x81, 00, 0x61, 00, 0x41, 00, 0x41,
  00, 0x81, 00, 0x61, 00, 0x41, 00, 0x61, 00, 0x82, 00, 0x81,
  00, 0x82, 00, 0x81, 00, 0x82, 00, 0xa2, 00, 0x82, 00, 0x82,
  00, 0xc2, 00, 0xa2, 00, 0x82, 00, 0x81, 00, 0x81, 00, 0x61,
  00, 0x82, 00, 0x81, 00, 0x82, 00, 0xa2, 00, 0xc2, 00, 0xa2,
  00, 0xc2, 00, 0xa2, 00, 0xc2, 00, 0xa2, 00, 0x81, 00, 0xa2,
  00, 0xc2, 00, 0xa2, 00, 0xc3, 00, 0xe3, 0x01, 0x03, 00, 0xc2,
  00, 0xc2, 00, 0xa2, 00, 0xc2, 00, 0xa2, 00, 0xc2, 00, 0xa2,
  00, 0xc2, 00, 0xa2, 00, 0xc3, 00, 0xe3, 0x01, 0x03, 0x01, 0x02,
  0x01, 0x03, 0x01, 0x03, 00, 0xc2, 0x08, 0xe3, 00, 0xc3, 00, 0xe3,
  00, 0xc3, 00, 0xc2, 0x01, 0x03, 0x01, 0x03, 0x01, 0x04, 0x01, 0x24,
  0x01, 0x03, 0x09, 0x23, 0x01, 0x03, 0x01, 0x23, 0x01, 0x04, 0x09, 0x44,
  0x01, 0x44, 0x01, 0x64, 0x01, 0x64, 0x01, 0x64, 0x01, 0x44, 0x01, 0x24,
  0x01, 0x03, 0x01, 0x03, 0x01, 0x44, 0x01, 0x44, 0x01, 0xc5, 0x01, 0x84,
  0x01, 0x03, 00, 0xc2, 0x01, 0x04, 0x01, 0x24, 0x01, 0x04, 00, 0xc3,
  0x01, 0x03, 0x01, 0x03, 00, 0xc2, 00, 0xa2, 00, 0xc3, 00, 0xe3,
  00, 0xc2, 00, 0xa2, 00, 0x82, 00, 0x82, 00, 0x82, 00, 0xa2,
  00, 0xc2, 00, 0xc2, 00, 0x81, 00, 0x61, 00, 0x81, 00, 0xa2,
  00, 0x82, 00, 0x82, 00, 0x82, 0x08, 0xa2, 00, 0x82, 00, 0x81,
  00, 0x82, 00, 0x82, 00, 0x82, 00, 0x81, 00, 0x82, 00, 0x81,
  00, 0x81, 00, 0x61, 00, 0x82, 00, 0x81, 00, 0x82, 00, 0x82,
  00, 0x81, 0x08, 0xc2, 00, 0x82, 00, 0x81, 00, 0x82, 00, 0x82,
  00, 0x81, 00, 0x61, 00, 0x82, 00, 0x81, 00, 0x82, 00, 0x82,
  00, 0x81, 00, 0x61, 00, 0x82, 00, 0x81, 00, 0x81, 00, 0x61,
  00, 0x81, 00, 0x61, 00, 0x41, 0x08, 0x61, 00, 0x41, 00, 0x41,
  00, 0x41, 00, 0x61, 00, 0x41, 00, 0x61, 00, 0x82, 0x08, 0x81,
  00, 0x41, 0x08, 0x61, 00, 0x41, 00, 0x41, 00, 0x41, 00, 0x41,
  00, 0x41, 00, 0x41, 00, 0x41, 00, 0x41, 00, 0x41, 00, 0x41,
  00, 0x41, 00, 0x41, 00, 0x41, 0x08, 0x61, 00, 0x41, 00, 0x61,
  00, 0x41, 00, 0x41, 00, 0x41, 0x08, 0x61, 00, 0x41, 00, 0x41,
  00, 0x41, 00, 0x41, 00, 0x82, 00, 0x40, 00, 0x41, 00, 0x41,
  00, 0x41, 00, 0x40, 00, 0x41, 0x08, 0x21, 00, 0x41, 00, 0x40,
  00, 0x40, 00, 0x20, 00, 0x41, 00, 0x40, 00, 0x41, 00, 0x40,
  00, 00, 00, 0x20, 00, 00, 00, 00, 00, 00, 00, 00,
  0x08, 0x40, 00, 00, 0x08, 0x40, 00, 0x20, 0x08, 0x40, 00, 0x40,
  0x08, 0x40, 00, 0x20, 0x08, 0x40, 00, 0x40, 00, 0x40, 00, 0x40,
  0x08, 0x41, 00, 0x41, 0x08, 0x40, 00, 00, 0x08, 0x61, 00, 0x41,
  00, 0x40, 00, 0x40, 0x08, 0x41, 00, 0x41, 00, 0x40, 00, 0x40,
  0x08, 0x61, 00, 0x41, 0x08, 0x61, 00, 0x41, 0x08, 0x81, 00, 0x41,
  0x08, 0x61, 00, 0x61, 0x08, 0x81, 00, 0x41, 0x08, 0x61, 00, 0x61,
  0x10, 0x81, 0x08, 0x81, 0x10, 0x82, 00, 0x41, 0x08, 0x81, 00, 0x41,
  0x08, 0x81, 00, 0x61, 0x08, 0x81, 00, 0x41, 0x08, 0x81, 00, 0x61,
  0x08, 0x81, 00, 0x81, 0x08, 0xc1, 00, 0xa1, 0x08, 0xc1, 00, 0xa1,
  0x08, 0xc1, 00, 0xc2, 00, 0x81, 00, 0x82, 0x08, 0x81, 00, 0x61,
  00, 0x81, 00, 0x82, 00, 0x81, 00, 0x82, 0x08, 0xc2, 00, 0xa2,
  0x08, 0xc1, 00, 0xa1, 0x08, 0xc1, 0x08, 0xe2, 0x31, 0xe5, 00, 0xc1,
  0x09, 0x02, 00, 0xc2, 00, 0xc2, 00, 0xc3, 0x09, 0x02, 00, 0xc2,
  00, 0xc1, 00, 0xc2, 0x08, 0xc1, 00, 0xc2, 00, 0xc1, 00, 0xc2,
  0x09, 0x02, 00, 0xc2, 00, 0xc1, 0x01, 0x02, 0x09, 0x43, 0x01, 0x23,
  0x09, 0x42, 0x01, 0x22, 0x01, 0x02, 0x01, 0x03, 00, 0xc2, 00, 0xc3,
  0x09, 0x02, 0x01, 0x02, 0x09, 0x23, 0x01, 0x23, 0x01, 0x02, 0x01, 0x03,
  0x09, 0x02, 00, 0xc2, 0x09, 0x44, 0x01, 0x23, 0x01, 0x43, 0x01, 0x63,
  0x09, 0x84, 0x01, 0x64, 0x09, 0x64, 0x01, 0x23, 0x09, 0x84, 0x01, 0x63,
  0x09, 0x02, 0x01, 0x02, 0x09, 0x43, 0x01, 0x23, 0x09, 0x64, 0x01, 0x23,
  0x09, 0x43, 0x01, 0x23, 0x09, 0x23, 00, 0xe2, 0x09, 0x02, 00, 0xc2,
  0x01, 0x43, 0x01, 0x63, 0x09, 0x02, 00, 0xc2, 0x09, 0x02, 0x01, 0x03,
  0x08, 0xa2, 00, 0xa2, 0x08, 0xa2, 00, 0xa2, 0x10, 0xe2, 00, 0xc2,
  0x08, 0xc1, 00, 0xa1, 0x08, 0xc1, 00, 0xa1, 00, 0x81, 00, 0x82,
  0x10, 0xe2, 00, 0x81, 0x08, 0xc1, 00, 0xa1, 0x08, 0xc1, 00, 0xa1,
  00, 0x81, 00, 0x82, 0x08, 0xc1, 00, 0xa1, 0x08, 0x81, 00, 0x41,
  0x08, 0x81, 00, 0x81, 00, 0x81, 00, 0x82, 0x08, 0xc1, 00, 0xa1,
  00, 0x81, 00, 0x82, 0x08, 0xc2, 00, 0xa2, 00, 0x81, 00, 0x82,
  0x08, 0xc1, 00, 0xa1, 0x08, 0x81, 00, 0x81, 0x08, 0xc1, 00, 0xa1,
  0x08, 0x81, 00, 0x61, 0x08, 0x81, 00, 0x81, 0x08, 0x81, 00, 0x41,
  0x08, 0x81, 00, 0x61, 0x08, 0x61, 00, 0x61, 0x08, 0x81, 00, 0x41,
  0x08, 0x61, 00, 0x61, 0x08, 0x81, 00, 0x41, 0x08, 0x81, 00, 0x41,
  0x08, 0x61, 00, 0x61, 0x08, 0x61, 00, 0x61, 0x08, 0x81, 00, 0x41,
  00, 0x40, 00, 0x41, 0x08, 0x61, 00, 0x41, 0x08, 0x80, 00, 0x60,
  0x08, 0x41, 00, 0x41, 0x08, 0x80, 00, 0x60, 0x08, 0x81, 00, 0x41,
  00, 0x40, 00, 0x41, 0x08, 0x81, 00, 0x41, 0x08, 0x40, 00, 0x40,
  0x08, 0x80, 00, 0x81, 0x18, 0xc1, 00, 0x40, 0x08, 0x81, 00, 0x40,
  0x08, 0x40, 00, 0x20, 0x08, 0x40, 00, 0x41, 0x08, 0x40, 00, 00,
  0x08, 0x40, 00, 00, 0x08, 0x40, 00, 0x20, 0x08, 0x40, 00, 00,
  0x08, 0x40, 00, 00, 0x08, 0x40, 00, 00, 0x08, 0x40, 00, 0x20,
  00, 0x41, 00, 0x40, 00, 0x41, 00, 0x40, 00, 0x41, 00, 0x41,
  00, 0x41, 00, 0x40, 00, 0x41, 00, 0x41, 00, 0x41, 00, 0x41,
  00, 0x41, 00, 0x41, 00, 0x41, 00, 0x40, 00, 0x41, 00, 0x41,
  00, 0x41, 00, 0x41, 00, 0x41, 00, 0x41, 00, 0x41, 00, 0x41,
  00, 0x41, 00, 0x41, 00, 0x41, 00, 0x41, 00, 0x41, 00, 0x41,
  00, 0x41, 00, 0x41, 00, 0x41, 00, 0x61, 00, 0x41, 00, 0x41,
  00, 0x41, 0x08, 0x82, 00, 0x81, 00, 0x61, 00, 0x82, 00, 0x82,
  0x08, 0xc2, 0x08, 0x61, 00, 0x82, 00, 0x81, 00, 0x81, 00, 0x61,
  00, 0x81, 0x08, 0xc2, 00, 0xc3, 00, 0x81, 00, 0x82, 00, 0x62,
  00, 0x81, 00, 0xa2, 00, 0xc3, 00, 0x81, 00, 0x82, 0x08, 0x82,
  00, 0x82, 00, 0x61, 00, 0x81, 00, 0x61, 00, 0x82, 00, 0x81,
  00, 0x81, 00, 0xa2, 00, 0xc2, 0x11, 0x03, 0x32, 0x47, 0x08, 0xa1,
  0x01, 0x03, 00, 0xc2, 00, 0xc3, 00, 0xe3, 0x01, 0x03, 00, 0xc2,
  00, 0xc2, 00, 0xa2, 00, 0xc2, 00, 0xa2, 00, 0xc2, 00, 0xa2,
  00, 0xc2, 00, 0xa2, 00, 0xc2, 00, 0xa2, 0x01, 0x03, 0x01, 0x03,
  0x01, 0x03, 0x01, 0x03, 00, 0xc3, 00, 0xe3, 00, 0xe2, 00, 0xe2,
  0x01, 0x03, 0x01, 0x23, 0x01, 0x03, 0x01, 0x03, 0x01, 0x03, 0x01, 0x23,
  0x01, 0x43, 0x01, 0x43, 0x01, 0x43, 0x01, 0x43, 0x01, 0x03, 0x01, 0x03,
  0x01, 0xc5, 0x01, 0xc5, 0x01, 0x03, 0x01, 0x03, 0x01, 0x43, 0x01, 0x43,
  0x01, 0x04, 0x01, 0x24, 0x01, 0x44, 0x01, 0x02, 0x01, 0x03, 0x01, 0x03,
  0x01, 0x03, 0x01, 0x03, 0x01, 0x03, 0x01, 0x03, 00, 0xc3, 00, 0xc2,
  0x01, 0x03, 0x01, 0x03, 00, 0xc3, 00, 0xc2, 0x09, 0x03, 00, 0xa2,
  0x11, 0x03, 0x08, 0xa2, 00, 0xc2, 00, 0xa2, 00, 0xc2, 00, 0xa2,
  00, 0xc2, 00, 0xa2, 00, 0x82, 00, 0x81, 00, 0x82, 00, 0x81,
  00, 0x82, 00, 0xa2, 00, 0xc2, 00, 0xa2, 00, 0xc2, 00, 0xa2,
  00, 0x82, 00, 0x82, 00, 0x82, 00, 0x82, 00, 0x81, 00, 0x61,
  00, 0x82, 00, 0x81, 00, 0x81, 00, 0xa2, 00, 0x82, 00, 0x81,
  00, 0x82, 00, 0x81, 00, 0x82, 00, 0x82, 00, 0x82, 00, 0x82,
  00, 0x82, 00, 0x62, 00, 0x82, 00, 0x61, 00, 0x82, 00, 0x82,
  00, 0x81, 00, 0x61, 00, 0x81, 00, 0xa2, 00, 0x81, 00, 0x61,
  00, 0x81, 00, 0x81, 00, 0x41, 00, 0x41, 00, 0x41, 00, 0x61,
  00, 0x41, 00, 0x61, 00, 0x41, 00, 0x61, 00, 0x41, 00, 0x41,
  00, 0x81, 00, 0x81, 00, 0x41, 00, 0x41, 00, 0x41, 00, 0x61,
  00, 0x41, 00, 0x20, 00, 0x41, 00, 0x61, 00, 0x41, 00, 0x41,
  00, 0x41, 00, 0x41, 00, 0x41, 00, 0x41, 00, 0x41, 00, 0x41,
  00, 0x41, 00, 0x41, 00, 0x41, 00, 0x41, 00, 0x41, 00, 0x41,
  00, 0x81, 0x10, 0xc1, 0x18, 0xc2, 0x10, 0x20, 00, 0x41, 00, 0x41,
  00, 0x41, 00, 0x40, 00, 0x41, 00, 0x41, 00, 0x41, 00, 0x40,
  00, 0x41, 00, 0x40, 00, 0x01, 00, 0x21, 00, 0x41, 00, 0x41,
  00, 00, 00, 0x20, 00, 00, 00, 0x20, 00, 00, 00, 00,
  0x08, 0x40, 00, 0x20, 0x08, 0x40, 00, 0x40, 0x08, 0x40, 00, 0x20,
  0x08, 0x40, 00, 0x20, 00, 0x40, 00, 0x40, 0x08, 0x81, 00, 0x40,
  0x08, 0x40, 00, 0x40, 00, 0x40, 00, 0x40, 0x08, 0x40, 00, 0x40,
  0x08, 0x61, 00, 0x41, 0x08, 0x61, 00, 0x41, 0x08, 0x61, 00, 0x41,
  00, 0x40, 00, 0x41, 0x08, 0x61, 00, 0x61, 0x08, 0x61, 00, 0x41,
  0x08, 0x61, 00, 0x41, 0x08, 0x61, 00, 0x41, 0x08, 0x81, 00, 0x41,
  0x08, 0x81, 00, 0x41, 00, 0x81, 00, 0x81, 0x08, 0xc1, 00, 0xa1,
  0x10, 0xa2, 00, 0x41, 0x08, 0x81, 00, 0x81, 0x08, 0x81, 00, 0x81,
  0x08, 0xa1, 0x08, 0xe2, 0x10, 0xc1, 00, 0x81, 0x08, 0xc2, 00, 0x81,
  0x08, 0xc2, 00, 0xa2, 0x08, 0xc1, 00, 0xa1, 0x08, 0xa2, 00, 0xa2,
  0x08, 0xc2, 00, 0x81, 0x08, 0x81, 00, 0x81, 0x08, 0xc1, 00, 0xa1,
  0x08, 0xc1, 00, 0xa1, 0x08, 0xc1, 00, 0xa1, 00, 0xc1, 00, 0xc2,
  0x09, 0x02, 00, 0xe2, 00, 0xc2, 00, 0xc3, 0x09, 0x02, 00, 0xc2,
  0x09, 0x02, 00, 0xc2, 0x08, 0xe2, 00, 0xe2, 0x08, 0xc2, 00, 0xa2,
  0x08, 0xc2, 00, 0xc2, 0x09, 0x02, 00, 0xc2, 0x09, 0x02, 00, 0xe2,
  0x09, 0x02, 00, 0xc2, 0x09, 0x02, 00, 0xc2, 0x09, 0x02, 00, 0xc2,
  0x09, 0x03, 0x01, 0x03, 0x09, 0x23, 0x01, 0x23, 0x09, 0x43, 0x01, 0x23,
  0x01, 0x44, 0x01, 0x44, 0x11, 0xa5, 0x01, 0x23, 0x09, 0x43, 0x01, 0x44,
  0x09, 0xe5, 0x01, 0xa4, 0x09, 0x43, 0x01, 0x23, 0x09, 0x03, 0x01, 0x03,
  0x09, 0x02, 00, 0xc2, 0x09, 0x02, 00, 0xe2, 0x09, 0x02, 00, 0xc2,
  0x09, 0x02, 00, 0xe2, 0x09, 0x43, 0x01, 0x23, 0x09, 0x02, 00, 0xc2,
  0x09, 0x23, 00, 0xe2, 0x09, 0x02, 00, 0xe2, 0x08, 0xe3, 00, 0xa2,
  0x08, 0xc1, 00, 0xc2, 0x09, 0x02, 00, 0xc2, 0x08, 0xa1, 0x08, 0xe2,
  0x08, 0xc1, 00, 0xa1, 00, 0x81, 00, 0x82, 00, 0x81, 00, 0x82,
  0x08, 0xc1, 00, 0xa1, 0x08, 0xc1, 00, 0xc2, 0x08, 0xc1, 00, 0xa1,
  0x08, 0xc1, 00, 0xa1, 0x08, 0xc1, 00, 0xa1, 0x08, 0x81, 00, 0x41,
  0x08, 0x81, 00, 0x61, 0x08, 0xc2, 00, 0x81, 0x08, 0x81, 00, 0x61,
  0x08, 0x81, 00, 0x81, 0x08, 0xa2, 00, 0xa2, 0x08, 0xc1, 00, 0xa1,
  0x08, 0xc1, 00, 0xa1, 0x08, 0xa2, 00, 0xa2, 0x08, 0xc1, 00, 0xa1,
  0x08, 0xa2, 00, 0x61, 00, 0x81, 00, 0x82, 0x08, 0xa2, 00, 0x61,
  0x08, 0x81, 00, 0x61, 0x08, 0x81, 00, 0x61, 0x08, 0x61, 00, 0x61,
  0x08, 0x81, 00, 0x81, 0x08, 0x61, 00, 0x41, 0x08, 0x61, 00, 0x61,
  0x08, 0x81, 00, 0x41, 0x08, 0x81, 00, 0x61, 0x08, 0x61, 00, 0x61,
  0x10, 0x60, 0x29, 0x64, 0x08, 0x81, 00, 0x40, 0x08, 0x61, 00, 0x41,
  00, 0x40, 00, 0x41, 0x08, 0x61, 00, 0x41, 0x08, 0x61, 00, 0x41,
  0x08, 0x61, 00, 0x41, 0x08, 0x61, 00, 0x61, 0x08, 0x80, 0x08, 0x81,
  0x18, 0x60, 0x62, 0xa9, 0xc5, 0x32, 0x31, 0x01, 0x10, 0x81, 0x08, 0x40,
  0x08, 0x40, 00, 0x40, 0x08, 0x40, 00, 00, 0x08, 0x80, 00, 0x40,
  0x08, 0x40, 00, 00, 0x08, 0x40, 00, 00, 0x08, 0x40, 00, 00,
  0x08, 0x40, 00, 00, 0x10, 0x81, 00, 00, 0x08, 0x40, 00, 0x20,
  00, 0x41, 00, 0x40, 00, 0x41, 00, 0x41, 00, 0x41, 00, 0x41,
  00, 0x41, 00, 0x40, 00, 0x41, 00, 0x41, 00, 0x41, 00, 0x41,
  00, 0x41, 00, 0x21, 00, 0x41, 00, 0x41, 00, 0x41, 00, 0x41,
  00, 0x41, 00, 0x41, 00, 0x41, 00, 0x41, 00, 0x81, 0x08, 0x61,
  00, 0x41, 00, 0x21, 00, 0x41, 00, 0x41, 00, 0x41, 00, 0x41,
  00, 0x41, 00, 0x41, 00, 0x41, 00, 0x61, 00, 0x41, 00, 0x61,
  00, 0x41, 00, 0x41, 00, 0x41, 00, 0x61, 00, 0x82, 0x08, 0xa2,
  00, 0x82, 00, 0x81, 00, 0x82, 00, 0x81, 00, 0x81, 00, 0xa2,
  0x10, 0xa0, 0x29, 0x63, 0x19, 0x03, 0x10, 0xa1, 00, 0x82, 00, 0x81,
  00, 0x82, 00, 0x82, 00, 0x82, 00, 0x82, 00, 0x82, 00, 0x81,
  00, 0x82, 00, 0xa2, 00, 0x81, 00, 0xa2, 00, 0xc3, 00, 0x81,
  00, 0xc2, 00, 0xa2, 00, 0x82, 00, 0xa2, 00, 0xc2, 00, 0xa2,
  00, 0xc3, 00, 0xc2, 00, 0xc3, 00, 0xc2, 00, 0xc2, 00, 0xa2,
  00, 0xc2, 0x08, 0xe2, 0x01, 0x03, 00, 0xc2, 00, 0xc2, 00, 0xa2,
  00, 0xc2, 00, 0xa2, 00, 0xc2, 0x08, 0xe3, 0x01, 0x03, 0x01, 0x03,
  0x01, 0x03, 0x01, 0x03, 0x01, 0x03, 0x01, 0x03, 00, 0xc3, 00, 0xe3,
  0x01, 0x03, 0x01, 0x02, 0x01, 0x64, 0x09, 0x64, 0x01, 0x04, 0x09, 0x44,
  0x01, 0x64, 0x01, 0x44, 0x01, 0x44, 0x01, 0x02, 0x01, 0x44, 0x01, 0x44,
  0x01, 0x03, 0x01, 0x03, 0x01, 0x03, 0x01, 0x03, 0x01, 0x03, 0x01, 0x03,
  0x01, 0x03, 0x01, 0x02, 0x01, 0x03, 0x01, 0x02, 0x01, 0x03, 00, 0xc2,
  0x01, 0x03, 0x01, 0x02, 00, 0xe2, 0x09, 0x23, 00, 0xc3, 00, 0xc2,
  0x01, 0x03, 00, 0xc2, 00, 0xc3, 00, 0xe3, 00, 0xc2, 00, 0xa2,
  00, 0xc2, 00, 0xa2, 00, 0xc2, 00, 0xa2, 00, 0xc2, 0x08, 0xc2,
  00, 0xc2, 00, 0xa2, 00, 0x82, 00, 0x81, 00, 0x82, 00, 0x81,
  00, 0x82, 0x08, 0xa2, 00, 0xc2, 00, 0xa2, 00, 0xc2, 00, 0xa2,
  00, 0xc2, 00, 0xa2, 00, 0x82, 00, 0x81, 00, 0x82, 00, 0x82,
  00, 0x82, 00, 0x81, 00, 0x82, 00, 0x61, 00, 0x81, 00, 0x61,
  00, 0x82, 00, 0x81, 00, 0x82, 00, 0x81, 00, 0x82, 00, 0x81,
  00, 0x82, 00, 0x81, 00, 0x82, 00, 0x82, 00, 0xc3, 0x08, 0xa2,
  00, 0x82, 00, 0x82, 00, 0x82, 00, 0x82, 00, 0x81, 00, 0x61,
  00, 0x42, 00, 0x62, 00, 0x81, 00, 0x61, 00, 0x41, 00, 0x61,
  00, 0x82, 00, 0x81, 00, 0x41, 00, 0x41, 00, 0x41, 00, 0x61,
  00, 0x41, 00, 0x61, 00, 0x41, 00, 0x61, 00, 0x41, 00, 0x61,
  00, 0x41, 0x19, 0x03, 00, 0x41, 00, 0x21, 00, 0x41, 00, 0x41,
  00, 0x41, 00, 0x41, 00, 0x41, 00, 0x41, 00, 0x41, 00, 0x41,
  00, 0x41, 00, 0x41, 00, 0x41, 00, 0x41, 00, 0x41, 0x08, 0x61,
  0x10, 0x40, 0x52, 0x07, 0x8b, 0xad, 0x30, 0xa1, 00, 0x41, 0x08, 0x21,
  00, 0x41, 00, 0x40, 00, 0x41, 00, 0x40, 00, 0x41, 00, 0x41,
  00, 0x40, 00, 0x20, 00, 00, 00, 0x20, 00, 0x41, 00, 0x40,
  00, 0x41, 00, 0x40, 00, 0x41, 00, 00, 00, 00, 00, 0x20,
  0x08, 0x40, 00, 0x40, 0x08, 0x40, 00, 0x20, 0x08, 0x40, 00, 0x40,
  0x08, 0x40, 00, 0x20, 0x08, 0x40, 0x08, 0x41, 0x08, 0x40, 00, 0x20,
  00, 0x40, 00, 0x40, 00, 0x40, 00, 0x40, 00, 0x40, 00, 0x41,
  00, 0x40, 00, 0x41, 0x08, 0x61, 00, 0x41, 00, 0x40, 00, 0x41,
  0x08, 0x81, 00, 0x40, 0x08, 0x61, 00, 0x61, 0x08, 0x61, 00, 0x41,
  0x08, 0x61, 00, 0x41, 0x08, 0x81, 00, 0x41, 0x08, 0x61, 00, 0x41,
  0x08, 0x81, 00, 0x41, 0x08, 0x61, 00, 0x61, 0x08, 0xc1, 00, 0xa1,
  0x08, 0x81, 00, 0x41, 0x08, 0x81, 00, 0x81, 0x10, 0xc1, 0x11, 0x02,
  0x41, 0x62, 0xc5, 0x92, 0x94, 0x4e, 0x21, 0x01, 0x19, 0x02, 00, 0x81,
  0x08, 0xc2, 00, 0x81, 0x08, 0xc2, 00, 0xa2, 0x08, 0xc1, 00, 0xa1,
  0x08, 0xc1, 00, 0xc2, 0x08, 0xc1, 00, 0xa1, 0x08, 0xc2, 00, 0x81,
  0x08, 0xc1, 00, 0xa1, 0x08, 0xc1, 00, 0xa1, 00, 0xc1, 00, 0xc2,
  0x09, 0x02, 00, 0xc2, 0x09, 0x02, 00, 0xc2, 0x09, 0x02, 00, 0xe2,
  0x09, 0x02, 00, 0xe2, 0x09, 0x02, 00, 0xc2, 0x08, 0xc1, 00, 0xa1,
  00, 0xc1, 00, 0xc2, 0x01, 0x02, 0x01, 0x03, 0x09, 0x42, 0x01, 0x63,
  0x09, 0x03, 0x01, 0x03, 0x01, 0x02, 0x01, 0x02, 0x01, 0x02, 0x01, 0x02,
  0x09, 0x44, 0x01, 0x23, 0x09, 0x44, 0x01, 0x23, 0x09, 0x43, 0x01, 0x23,
  0x09, 0x43, 0x01, 0x23, 0x09, 0x03, 0x01, 0x03, 0x01, 0x63, 0x01, 0x84,
  0x11, 0x64, 00, 0xe2, 0x01, 0x02, 0x01, 0x03, 0x09, 0x42, 0x01, 0x22,
  0x09, 0x02, 00, 0xe2, 0x09, 0x02, 00, 0xc2, 0x09, 0x02, 00, 0xe2,
  0x09, 0x02, 00, 0xc2, 00, 0xc1, 00, 0xc2, 0x08, 0xe2, 00, 0xc2,
  0x09, 0x02, 00, 0xc2, 00, 0xc2, 00, 0xc3, 0x08, 0xc1, 00, 0xa1,
  0x08, 0xc1, 00, 0xc2, 0x08, 0xc1, 00, 0xa1, 0x08, 0xc1, 00, 0xe2,
  0x10, 0xe3, 00, 0xa2, 0x08, 0xc1, 00, 0xa1, 0x08, 0xc1, 00, 0xa1,
  0x08, 0xc2, 00, 0xa2, 0x08, 0xc1, 00, 0xa1, 0x08, 0xc2, 00, 0xa2,
  0x08, 0xc1, 00, 0xa1, 0x08, 0xc1, 00, 0xa1, 00, 0x81, 00, 0x82,
  0x08, 0xc1, 00, 0xa1, 0x08, 0x81, 00, 0x61, 0x08, 0x81, 00, 0x61,
  0x08, 0x81, 00, 0x61, 0x08, 0x81, 00, 0x81, 00, 0x81, 00, 0x82,
  0x08, 0xc1, 00, 0xa1, 0x08, 0xc1, 00, 0xa1, 0x19, 0x03, 0x08, 0xc2,
  0x08, 0xc1, 00, 0xa1, 0x08, 0xc1, 00, 0xa1, 0x08, 0x81, 00, 0x41,
  0x08, 0x81, 00, 0x81, 0x08, 0x81, 00, 0x61, 0x08, 0x81, 00, 0x41,
  0x08, 0x81, 00, 0x61, 0x08, 0x61, 00, 0x41, 0x08, 0x81, 00, 0x61,
  0x08, 0x81, 00, 0x41, 0x08, 0x61, 00, 0x61, 0x08, 0x81, 00, 0x41,
  0x08, 0x61, 00, 0x20, 0x08, 0x61, 00, 0x61, 00, 0x40, 00, 0x40,
  0x08, 0x41, 00, 0x41, 0x08, 0x80, 00, 0x60, 0x08, 0x81, 00, 0x41,
  0x08, 0x80, 00, 0x60, 0x08, 0x80, 00, 0x60, 0x08, 0x80, 00, 0x60,
  0x10, 0x60, 00, 0x40, 0x18, 0x81, 00, 0x40, 0x08, 0x80, 00, 0x40,
  0x08, 0x40, 00, 0x20, 0x08, 0x40, 00, 00, 0x08, 0x40, 00, 0x40,
  0x08, 0x40, 00, 00, 0x08, 0x40, 00, 0x20, 0x08, 0x40, 00, 00,
  0x08, 0x40, 00, 00, 0x08, 0x40, 00, 0x20, 0x08, 0x40, 00, 0x20,
  00, 0x41, 00, 0x41, 00, 0x41, 00, 0x40, 00, 0x41, 00, 0x41,
  00, 0x41, 00, 0x40, 00, 0x41, 00, 0x41, 00, 0x41, 00, 0x40,
  00, 0x41, 00, 0x41, 00, 0x41, 00, 0x41, 00, 0x41, 00, 0x41,
  00, 0x41, 00, 0x41, 00, 0x41, 00, 0x41, 00, 0x41, 00, 0x41,
  00, 0x41, 0x08, 0x61, 00, 0x41, 00, 0x41, 00, 0x41, 00, 0x61,
  00, 0x41, 00, 0x61, 00, 0x41, 00, 0x61, 00, 0x41, 00, 0x41,
  00, 0x41, 00, 0x61, 00, 0x41, 00, 0x41, 00, 0x82, 00, 0x81,
  00, 0x81, 00, 0x61, 00, 0x82, 00, 0x81, 00, 0x81, 0x08, 0xa2,
  0x20, 0xe1, 0x83, 0xac, 0x5a, 0xc9, 0x18, 0xc1, 00, 0xc2, 0x08, 0xc2,
  00, 0x81, 00, 0x61, 00, 0x82, 00, 0xa2, 00, 0x82, 00, 0x81,
  00, 0xc2, 00, 0xa2, 00, 0x81, 00, 0x61, 00, 0xc2, 00, 0xa2,
  00, 0x81, 00, 0xa2, 00, 0xc2, 00, 0xa2, 00, 0xc2, 00, 0xa2,
  00, 0xc3, 00, 0xe3, 00, 0xc3, 00, 0xe3, 00, 0xc2, 0x11, 0x23,
  0x01, 0x03, 0x01, 0x02, 0x01, 0x03, 00, 0xc2, 00, 0xc2, 00, 0xc2,
  00, 0xc3, 00, 0xe3, 0x01, 0x03, 0x01, 0x23, 0x01, 0x85, 0x01, 0x44,
  0x01, 0x03, 0x01, 0x03, 0x01, 0x03, 0x01, 0x23, 0x01, 0x03, 0x01, 0x23,
  0x01, 0x44, 0x01, 0x24, 0x01, 0x04, 0x01, 0x24, 0x01, 0x03, 0x01, 0x03,
  0x01, 0x03, 0x01, 0x03, 0x01, 0x03, 0x01, 0x03, 0x01, 0x23, 0x09, 0x64,
  0x01, 0x03, 0x01, 0x03, 0x01, 0x03, 0x01, 0x02, 0x01, 0x03, 0x01, 0x02,
  00, 0xc2, 00, 0xa2, 00, 0xc3, 00, 0xe3, 0x01, 0x03, 0x01, 0x03,
  00, 0xc2, 00, 0xa2, 00, 0xc2, 00, 0xa2, 00, 0xe3, 0x08, 0xe3,
  0x01, 0x03, 00, 0xc2, 00, 0xc2, 00, 0xa2, 00, 0x82, 00, 0x81,
  00, 0x82, 00, 0xa2, 00, 0x82, 00, 0x82, 00, 0x82, 00, 0xa2,
  00, 0xc2, 00, 0xa2, 00, 0x82, 00, 0xa2, 00, 0x82, 00, 0x82,
  00, 0x82, 00, 0xa2, 00, 0x82, 0x08, 0xa2, 00, 0x81, 0x29, 0x84,
  0x11, 0x03, 00, 0x61, 00, 0x82, 00, 0x81, 00, 0x82, 00, 0x81,
  00, 0x82, 00, 0x82, 00, 0x81, 00, 0x61, 00, 0x41, 00, 0x61,
  00, 0x41, 0x08, 0x61, 00, 0x82, 00, 0x61, 00, 0x81, 00, 0x61,
  00, 0x82, 00, 0xa2, 00, 0x82, 00, 0xa2, 00, 0x82, 00, 0xa2,
  00, 0xc2, 00, 0xa2, 00, 0xc3, 00, 0xc2, 00, 0x82, 00, 0x61,
  00, 0x82, 00, 0x62, 00, 0x81, 00, 0x61, 00, 0x41, 00, 0x41,
  00, 0x41, 00, 0x61, 00, 0x81, 00, 0x61, 00, 0x41, 00, 0x41,
  00, 0x41, 00, 0x61, 00, 0x41, 00, 0x41, 00, 0x41, 00, 0x61,
  00, 0x41, 00, 0x61, 00, 0x41, 0x08, 0x61, 00, 0x41, 00, 0x41,
  00, 0x41, 00, 0x41, 00, 0x41, 00, 0x41, 00, 0x81, 00, 0x61,
  00, 0x41, 00, 0x41, 00, 0x41, 00, 0x41, 00, 0x41, 00, 0x41,
  00, 0x41, 0x08, 0x61, 0x08, 0x82, 0x08, 0x20, 00, 0x41, 00, 0x41,
  00, 0x41, 00, 0x40, 00, 0x41, 00, 0x41, 00, 0x41, 00, 0x40,
  00, 0x41, 00, 0x40, 00, 00, 00, 0x20, 00, 0x41, 00, 0x40,
  00, 00, 00, 00, 00, 0x41, 00, 0x41, 00, 00, 00, 00,
  0x08, 0x40, 00, 0x20, 0x08, 0x40, 00, 00, 0x08, 0x40, 00, 00,
  0x08, 0x40, 00, 00, 00, 0x40, 00, 0x40, 0x08, 0x40, 00, 0x20,
  00, 0x40, 00, 0x40, 0x08, 0x61, 00, 0x41, 0x08, 0x80, 00, 0x60,
  0x08, 0x61, 00, 0x41, 00, 0x40, 00, 0x41, 00, 0x40, 00, 0x40,
  0x08, 0x41, 00, 0x41, 00, 0x40, 00, 0x41, 00, 0x40, 00, 0x41,
  0x08, 0x81, 00, 0x41, 0x08, 0x80, 00, 0x40, 00, 0x40, 00, 0x41,
  0x08, 0x61, 00, 0x41, 0x08, 0x81, 00, 0x41, 0x08, 0x81, 00, 0x41,
  0x08, 0x81, 00, 0x41, 00, 0x81, 00, 0x82, 00, 0x81, 00, 0x82,
  0x08, 0xc1, 0x08, 0xe2, 0x10, 0xc1, 0x08, 0xc1, 0x08, 0xc1, 00, 0xa1,
  0x08, 0xc1, 00, 0xa1, 0x08, 0xc1, 00, 0xa1, 0x08, 0xc1, 00, 0xa1,
  0x08, 0xc1, 00, 0xa1, 0x08, 0xc2, 00, 0xa2, 0x08, 0xc1, 00, 0xa1,
  0x08, 0xc1, 00, 0xa1, 00, 0xc1, 00, 0xc2, 0x08, 0xc2, 00, 0xc2,
  0x09, 0x02, 00, 0xc2, 0x09, 0x02, 00, 0xe2, 0x09, 0x02, 00, 0xc2,
  0x09, 0x03, 0x01, 0x03, 0x09, 0x02, 00, 0xe2, 00, 0xc1, 00, 0xc2,
  0x09, 0x02, 00, 0xc2, 0x01, 0x02, 0x01, 0x03, 0x09, 0x64, 0x01, 0x23,
  0x09, 0x02, 0x01, 0x02, 0x09, 0x43, 0x01, 0x23, 0x09, 0x44, 0x01, 0x23,
  0x09, 0x64, 0x01, 0x64, 0x01, 0x43, 0x01, 0x84, 0x09, 0x84, 0x01, 0x64,
  0x09, 0x44, 0x01, 0x23, 0x09, 0x44, 0x01, 0x23, 0x09, 0x44, 0x01, 0x23,
  0x09, 0x02, 00, 0xe2, 0x09, 0x02, 00, 0xc2, 0x09, 0x02, 00, 0xc2,
  0x09, 0x02, 00, 0xc2, 0x09, 0x02, 00, 0xe2, 0x09, 0x23, 00, 0xe2,
  0x08, 0xe2, 00, 0x81, 0x08, 0xc1, 00, 0xc2, 0x09, 0x02, 00, 0xe2,
  0x09, 0x02, 00, 0xc2, 0x08, 0xa2, 00, 0xa2, 0x08, 0xa2, 00, 0xa2,
  0x08, 0xc1, 00, 0xa1, 0x08, 0xc1, 00, 0xa1, 0x08, 0xc2, 00, 0xa2,
  0x08, 0xe3, 00, 0xa2, 0x08, 0xc1, 00, 0xa1, 0x08, 0xc1, 00, 0xc2,
  0x08, 0xc1, 00, 0xa1, 0x08, 0xc1, 00, 0xa1, 0x08, 0xc1, 00, 0xa1,
  0x08, 0x81, 00, 0x81, 00, 0x81, 00, 0x82, 0x08, 0xc1, 00, 0xa1,
  00, 0x81, 00, 0x82, 0x08, 0xc1, 00, 0xa1, 00, 0x81, 00, 0x82,
  0x08, 0x81, 00, 0x81, 0x08, 0x81, 00, 0x41, 00, 0x81, 00, 0x82,
  00, 0x81, 00, 0x82, 0x08, 0xc1, 00, 0xa1, 0x08, 0xc2, 00, 0x82,
  0x08, 0xc1, 00, 0xa1, 0x08, 0xa2, 00, 0xa2, 0x08, 0xc2, 00, 0x82,
  0x08, 0xa1, 00, 0x61, 0x08, 0x81, 00, 0x41, 0x08, 0x61, 00, 0x61,
  0x08, 0x81, 00, 0x41, 0x08, 0x61, 00, 0x61, 0x08, 0x81, 00, 0x41,
  0x08, 0x61, 00, 0x41, 0x08, 0x61, 00, 0x61, 0x08, 0x61, 00, 0x41,
  0x08, 0x61, 00, 0x41, 0x08, 0x61, 00, 0x41, 00, 0x40, 00, 0x41,
  0x08, 0x80, 00, 0x60, 0x08, 0x61, 00, 0x41, 0x08, 0x61, 00, 0x41,
  0x08, 0x81, 00, 0x41, 0x08, 0x80, 00, 0x60, 0x08, 0x61, 00, 0x41,
  0x08, 0x80, 00, 0x60, 0x10, 0x80, 00, 0x40, 0x08, 0x40, 00, 0x40,
  0x08, 0x40, 00, 00, 0x08, 0x61, 00, 0x61, 00, 0x40, 00, 0x40,
  0x08, 0x40, 00, 00, 0x08, 0x40, 00, 00, 0x08, 0x40, 00, 00,
  0x08, 0x40, 00, 00, 0x08, 0x40, 00, 00, 0x08, 0x40, 00, 00,
  00, 0x41, 00, 0x41, 00, 0x41, 00, 0x41, 00, 0x41, 0x10, 0x61,
  00, 0x01, 00, 0x21, 00, 0x41, 00, 0x40, 00, 0x41, 00, 0x41,
  00, 0x41, 00, 0x40, 00, 0x41, 00, 0x41, 00, 0x41, 00, 0x41,
  00, 0x41, 00, 0x41, 00, 0x41, 00, 0x41, 00, 0x41, 00, 0x41,
  00, 0x41, 00, 0x41, 00, 0x41, 00, 0x41, 00, 0x41, 00, 0x41,
  00, 0x41, 00, 0x61, 00, 0x41, 00, 0x41, 00, 0x41, 00, 0x41,
  00, 0x81, 00, 0x61, 00, 0x41, 00, 0x61, 00, 0x41, 0x08, 0x62,
  00, 0x82, 00, 0x61, 00, 0x82, 00, 0x81, 00, 0x82, 00, 0x82,
  00, 0x81, 0x10, 0xe2, 00, 0xe3, 00, 0xa2, 00, 0xa2, 00, 0xa2,
  00, 0x82, 00, 0x82, 00, 0x82, 0x08, 0xa2, 00, 0x82, 00, 0xa2,
  00, 0x82, 0x08, 0xa2, 00, 0x81, 00, 0xa2, 00, 0xc2, 00, 0xa2,
  00, 0xc2, 00, 0xa2, 00, 0xc2, 00, 0xa2, 00, 0xc2, 00, 0xa2,
  00, 0xc3, 00, 0xc2, 0x01, 0x03, 0x09, 0x03, 00, 0xc3, 00, 0xe3,
  0x01, 0x03, 00, 0xc2, 0x01, 0x03, 0x09, 0x24, 00, 0xc3, 00, 0xe3,
  00, 0xc3, 00, 0xe3, 0x01, 0x03, 0x01, 0x03, 0x01, 0x04, 0x01, 0x24,
  0x01, 0x85, 0x01, 0x43, 0x01, 0x44, 0x01, 0x44, 0x01, 0x03, 0x01, 0x02,
  0x01, 0x85, 0x01, 0x44, 0x01, 0x04, 0x01, 0x24, 0x01, 0x44, 0x01, 0x44,
  0x01, 0x44, 0x01, 0x24, 0x01, 0x03, 0x01, 0x03, 0x01, 0x44, 0x01, 0x02,
  0x01, 0x03, 0x01, 0x02, 0x01, 0x04, 0x01, 0x24, 0x01, 0x03, 00, 0xc2,
  00, 0xc2, 00, 0xa2, 00, 0xc3, 00, 0xe3, 0x09, 0x03, 0x08, 0xe3,
  00, 0xc2, 00, 0xa2, 00, 0xc2, 00, 0xa2, 00, 0xc3, 00, 0xc2,
  00, 0xc2, 00, 0xa2, 00, 0xc2, 00, 0xa2, 00, 0xc2, 00, 0xa2,
  00, 0x82, 00, 0x82, 00, 0x82, 00, 0x81, 00, 0x82, 00, 0xa2,
  0x01, 0x03, 0x01, 0x03, 00, 0xc2, 00, 0xa2, 00, 0xc2, 00, 0xa2,
  00, 0x82, 00, 0x81, 00, 0xc2, 00, 0xa2, 00, 0x82, 00, 0x82,
  00, 0x82, 00, 0x81, 00, 0x82, 00, 0x81, 00, 0x82, 00, 0x82,
  00, 0x82, 00, 0x81, 00, 0x82, 00, 0xa2, 00, 0x82, 00, 0x81,
  00, 0x82, 00, 0x81, 00, 0x81, 00, 0x61, 00, 0x81, 00, 0x61,
  00, 0x42, 00, 0x62, 00, 0x82, 00, 0xa2, 00, 0xc2, 00, 0xa2,
  00, 0xc3, 00, 0x81, 00, 0x82, 00, 0x81, 00, 0xc3, 00, 0x81,
  00, 0x82, 00, 0x81, 00, 0x82, 00, 0x81, 00, 0x41, 00, 0x61,
  00, 0x82, 00, 0x81, 00, 0x41, 00, 0x61, 00, 0x82, 00, 0x61,
  00, 0x41, 00, 0x41, 00, 0x42, 00, 0x62, 00, 0x41, 00, 0x41,
  00, 0x41, 00, 0x41, 00, 0x41, 00, 0x41, 00, 0x41, 00, 0x41,
  00, 0x41, 0x08, 0x61, 00, 0x41, 0x08, 0x61, 00, 0x41, 00, 0x41,
  00, 0x82, 00, 0x81, 00, 0x41, 00, 0x41, 00, 0x41, 00, 0x40,
  00, 0x41, 00, 0x41, 00, 0x41, 00, 0x21, 00, 0x41, 00, 0x40,
  00, 0x41, 00, 0x40, 00, 0x41, 0x08, 0x61, 00, 0x41, 00, 0x41,
  00, 0x41, 00, 0x40, 00, 0x41, 00, 0x41, 00, 00, 0x08, 0x21,
  00, 0x41, 00, 0x40, 00, 0x01, 00, 0x21, 00, 0x01, 00, 0x21,
  0x08, 0x40, 00, 0x40, 0x08, 0x40, 00, 0x20, 0x08, 0x40, 00, 00,
  0x08, 0x40, 00, 0x20, 0x08, 0x40, 00, 0x40, 00, 0x40, 00, 0x40,
  0x08, 0x61, 00, 0x41, 0x08, 0x20, 0x21, 0x23, 0x18, 0xc2, 00, 0x40,
  0x08, 0x80, 00, 0x40, 0x08, 0x41, 00, 0x41, 0x08, 0x40, 00, 0x20,
  0x08, 0x41, 00, 0x41, 00, 0x40, 00, 0x40, 0x08, 0x60, 0x08, 0xa1,
  0x10, 0xc2, 00, 0x40, 0x08, 0x81, 00, 0x41, 00, 0x40, 00, 0x40,
  0x08, 0x61, 00, 0x61, 00, 0x40, 00, 0x41, 0x08, 0x81, 00, 0x81,
  0x08, 0x81, 00, 0x61, 0x08, 0x81, 00, 0x81, 0x08, 0x81, 00, 0x81,
  0x08, 0xc1, 00, 0xe2, 0x08, 0xc2, 00, 0x81, 0x08, 0x81, 00, 0x81,
  0x08, 0x81, 00, 0x61, 0x08, 0xc1, 00, 0xc2, 0x08, 0xc1, 00, 0xa1,
  0x08, 0xc2, 00, 0x82, 00, 0x81, 00, 0x82, 0x08, 0xc1, 00, 0xc2,
  0x08, 0xe2, 00, 0xc2, 0x08, 0xc1, 00, 0xc2, 0x08, 0xc1, 00, 0xa1,
  0x09, 0x03, 00, 0xe3, 0x11, 0x23, 00, 0xc2, 0x09, 0x02, 00, 0xe2,
  0x08, 0xe2, 00, 0xa1, 0x09, 0x03, 0x01, 0x03, 0x01, 0x02, 0x01, 0x03,
  0x09, 0x02, 00, 0xc2, 0x09, 0x02, 00, 0xe2, 0x01, 0x63, 0x01, 0x84,
  0x09, 0x84, 0x01, 0x64, 0x09, 0x83, 0x01, 0x63, 0x01, 0x43, 0x01, 0x84,
  0x11, 0xe6, 0x01, 0x43, 0x09, 0x02, 0x01, 0x02, 0x01, 0x02, 0x01, 0x43,
  0x09, 0x84, 0x01, 0x64, 0x09, 0x64, 0x01, 0x23, 0x09, 0x43, 0x01, 0x23,
  0x09, 0x02, 00, 0xc2, 0x01, 0x02, 0x01, 0x03, 0x09, 0x02, 00, 0xc2,
  00, 0xc1, 00, 0xc2, 0x09, 0x03, 0x01, 0x03, 0x09, 0x02, 00, 0xc2,
  0x09, 0x02, 00, 0xc2, 0x08, 0xa2, 00, 0xa2, 0x09, 0x02, 00, 0xe2,
  00, 0xc2, 00, 0xc3, 0x08, 0xc2, 00, 0x82, 0x08, 0xc1, 00, 0xa1,
  0x08, 0xc1, 00, 0xa1, 00, 0x81, 00, 0x82, 0x08, 0xc2, 00, 0xa2,
  0x08, 0xc1, 00, 0xc2, 0x08, 0xc2, 00, 0xc2, 0x09, 0x02, 00, 0xc2,
  0x08, 0xc2, 00, 0xa2, 0x08, 0xc1, 00, 0xa1, 0x08, 0xc1, 00, 0xa1,
  0x08, 0xc1, 00, 0xa1, 0x08, 0xa2, 00, 0x82, 0x08, 0xc1, 00, 0xa1,
  00, 0x81, 00, 0x82, 0x08, 0xc1, 00, 0xa1, 0x08, 0xc1, 00, 0xa1,
  0x08, 0x81, 00, 0x81, 0x08, 0xa2, 00, 0x61, 0x08, 0x81, 00, 0x61,
  0x08, 0x81, 00, 0x81, 0x08, 0xc1, 00, 0xa1, 0x08, 0xc1, 00, 0xa1,
  0x08, 0xc1, 00, 0xa1, 0x08, 0xc2, 00, 0xa2, 0x08, 0xc1, 00, 0xc2,
  0x08, 0xc1, 00, 0xa1, 0x08, 0x81, 00, 0x61, 0x08, 0x81, 00, 0x81,
  0x08, 0xa2, 00, 0x82, 0x08, 0xc1, 00, 0xa1, 0x08, 0x81, 00, 0x61,
  0x08, 0x81, 00, 0x41, 0x08, 0x61, 00, 0x61, 0x08, 0x81, 00, 0x41,
  0x08, 0x80, 00, 0x60, 0x08, 0x61, 00, 0x41, 0x08, 0x80, 00, 0x40,
  0x08, 0x61, 00, 0x41, 0x08, 0x61, 00, 0x61, 0x08, 0x61, 00, 0x61,
  0x08, 0x61, 00, 0x41, 0x08, 0x61, 00, 0x41, 00, 0x40, 00, 0x40,
  0x08, 0x61, 00, 0x41, 0x08, 0x40, 00, 00, 0x08, 0x40, 00, 0x40,
  0x08, 0x40, 00, 0x41, 0x08, 0x80, 00, 0x40, 0x08, 0x40, 00, 0x20,
  0x08, 0x40, 00, 00, 0x08, 0x40, 0x08, 0x40, 0x08, 0x40, 00, 00,
  0x08, 0x40, 00, 00, 0x08, 0x40, 00, 00, 0x08, 0x20, 00, 0x20,
  00, 0x41, 00, 0x41, 00, 0x41, 00, 0x40, 00, 0x41, 00, 0x41,
  00, 0x41, 00, 0x40, 00, 0x41, 00, 0x41, 00, 0x41, 00, 0x41,
  00, 0x41, 00, 0x41, 00, 00, 0x10, 0x61, 00, 0x41, 00, 0x21,
  00, 0x41, 00, 0x41, 00, 0x41, 00, 0x41, 00, 0x41, 0x08, 0x41,
  00, 0x41, 00, 0x41, 00, 0x41, 00, 0x41, 00, 00, 0x31, 0x85,
  0x29, 0xa5, 0x08, 0x20, 00, 0x82, 00, 0x61, 00, 0x41, 00, 0x41,
  00, 0x41, 00, 0x41, 00, 0x41, 00, 0x41, 00, 0x82, 00, 0x81,
  00, 0x81, 00, 0x61, 00, 0x82, 00, 0x81, 00, 0x81, 00, 0x61,
  00, 0x82, 0x08, 0xa2, 00, 0x82, 00, 0x62, 00, 0x82, 00, 0x81,
  00, 0x81, 00, 0x61, 00, 0x82, 00, 0xa3, 00, 0x82, 00, 0x82,
  00, 0x82, 00, 0xa2, 00, 0x82, 00, 0x81, 00, 0xc2, 00, 0xa2,
  00, 0xc2, 00, 0xa2, 00, 0xc2, 00, 0xc2, 0x09, 0x03, 00, 0xa1,
  00, 0xc2, 00, 0xa2, 00, 0xc2, 00, 0xa2, 00, 0xc2, 00, 0xa2,
  00, 0xc2, 00, 0xa2, 0x01, 0x03, 0x01, 0x02, 00, 0xc2, 0x08, 0xe3,
  0x01, 0x03, 0x01, 0x02, 00, 0xc3, 00, 0xe3, 0x01, 0x64, 0x01, 0x64,
  0x01, 0x44, 0x01, 0x24, 0x11, 0x85, 0x11, 0x64, 0x01, 0x85, 0x01, 0xa5,
  0x01, 0x65, 0x01, 0x03, 0x01, 0x03, 0x01, 0x03, 0x01, 0x04, 0x01, 0x24,
  0x01, 0x04, 0x09, 0x44, 0x01, 0x03, 0x01, 0x03, 0x01, 0x44, 0x01, 0x43,
  0x01, 0x03, 0x01, 0x03, 0x01, 0x03, 0x01, 0x23, 0x01, 0x03, 0x01, 0x03,
  00, 0xc2, 00, 0xa2, 00, 0xc3, 00, 0xe3, 00, 0xc2, 00, 0xa2,
  00, 0xc3, 00, 0xe3, 00, 0xc2, 00, 0xa2, 00, 0xc2, 00, 0xa2,
  00, 0xc2, 00, 0xa2, 00, 0xc2, 0x08, 0xc2, 00, 0x82, 00, 0x82,
  00, 0x82, 00, 0x82, 00, 0x82, 00, 0x81, 00, 0xc2, 00, 0xa2,
  00, 0xc2, 00, 0xa2, 00, 0xc2, 0x08, 0xe3, 0x01, 0x03, 00, 0xc2,
  00, 0xc2, 00, 0xa2, 0x01, 0x03, 00, 0xc1, 00, 0x82, 00, 0xa2,
  00, 0x81, 00, 0xa2, 00, 0xc3, 00, 0x81, 00, 0x82, 00, 0x61,
  00, 0x82, 00, 0xa2, 00, 0x81, 00, 0x61, 00, 0x82, 00, 0x82,
  00, 0x82, 00, 0x81, 00, 0x82, 00, 0x81, 00, 0x81, 00, 0x61,
  00, 0x82, 00, 0x81, 00, 0x82, 00, 0x81, 00, 0x82, 00, 0x82,
  00, 0x82, 00, 0x81, 00, 0x81, 0x08, 0xc2, 00, 0x82, 00, 0x81,
  00, 0x81, 00, 0x81, 00, 0x81, 00, 0x61, 00, 0x82, 00, 0xa2,
  00, 0x41, 00, 0x61, 00, 0x82, 00, 0x82, 00, 0x81, 00, 0x61,
  00, 0x82, 00, 0x81, 00, 0x41, 00, 0x61, 00, 0x82, 00, 0x40,
  00, 0x41, 00, 0x41, 00, 0x41, 00, 0x41, 00, 0x41, 00, 0x41,
  00, 0x41, 00, 0x41, 00, 0x41, 00, 0x41, 00, 0x41, 00, 0x41,
  0x08, 0x82, 00, 0x40, 00, 0x41, 00, 0x41, 00, 0x41, 00, 0x41,
  00, 0x41, 00, 0x41, 00, 0x41, 00, 0x40, 00, 0x41, 00, 0x41,
  00, 0x41, 00, 0x40, 00, 0x41, 00, 0x41, 00, 0x41, 00, 0x40,
  00, 0x41, 00, 0x40, 00, 0x41, 0x08, 0x40, 00, 0x41, 00, 0x41,
  00, 0x41, 00, 0x40, 00, 0x41, 00, 0x40, 00, 00, 00, 0x20,
  0x08, 0x40, 00, 0x20, 0x08, 0x40, 00, 00, 00, 0x40, 00, 0x40,
  0x08, 0x40, 00, 00, 0x08, 0x40, 00, 0x20, 0x08, 0x40, 00, 0x40,
  0x08, 0x40, 00, 0x40, 0x08, 0x40, 00, 0x40, 00, 0x40, 00, 0x40,
  0x08, 0x61, 00, 0x41, 00, 0x40, 00, 0x40, 0x08, 0x81, 00, 0x41,
  00, 0x40, 00, 0x40, 0x08, 0x41, 00, 0x41, 0x08, 0x80, 00, 0x40,
  0x08, 0x41, 00, 0x41, 0x08, 0x61, 00, 0x41, 0x08, 0x61, 00, 0x41,
  00, 0x40, 00, 0x41, 0x08, 0x61, 00, 0x61, 0x08, 0x81, 00, 0x61,
  0x08, 0x81, 00, 0x81, 0x08, 0x81, 00, 0x41, 00, 0x81, 00, 0x82,
  00, 0x81, 00, 0x82, 0x08, 0xc1, 00, 0xa1, 00, 0x81, 00, 0x82,
  0x08, 0x81, 00, 0x81, 0x08, 0xc1, 00, 0xa1, 0x08, 0xc1, 00, 0xa1,
  0x08, 0xc2, 00, 0xa2, 0x08, 0xc1, 00, 0xa1, 0x08, 0xc2, 00, 0xa2,
  0x08, 0xa2, 00, 0xa2, 0x08, 0xc1, 00, 0xa1, 0x19, 0x64, 00, 0xc2,
  0x09, 0x02, 00, 0xc2, 0x09, 0x02, 00, 0xc2, 00, 0xc1, 00, 0xc2,
  0x09, 0x02, 00, 0xc2, 0x09, 0x44, 0x01, 0x23, 0x09, 0x02, 00, 0xc2,
  0x09, 0x02, 00, 0xe2, 0x09, 0x43, 0x01, 0x23, 0x09, 0x84, 0x01, 0x64,
  0x09, 0x64, 0x01, 0x64, 0x11, 0x83, 0x01, 0x02, 0x01, 0x43, 0x01, 0x44,
  0x09, 0x63, 0x01, 0x22, 0x09, 0x84, 0x01, 0x23, 0x01, 0x02, 0x01, 0x03,
  0x09, 0x43, 0x01, 0x43, 0x11, 0x84, 0x01, 0x03, 0x09, 0x23, 0x09, 0x24,
  0x09, 0x43, 0x01, 0x02, 0x09, 0x02, 00, 0xc2, 0x09, 0x02, 00, 0xe2,
  0x09, 0x02, 00, 0xc2, 0x09, 0x23, 00, 0xe2, 0x08, 0xc1, 00, 0xc2,
  0x09, 0x02, 00, 0xe2, 0x08, 0xc2, 00, 0xa2, 0x08, 0xc2, 00, 0xc2,
  0x08, 0xc1, 00, 0xe2, 0x08, 0xc1, 00, 0xa1, 0x08, 0xc1, 00, 0xa1,
  0x08, 0xc1, 00, 0xa1, 00, 0x81, 00, 0x82, 0x08, 0xc1, 00, 0xa1,
  0x08, 0xc1, 00, 0xc2, 0x09, 0x02, 00, 0xe2, 0x09, 0x02, 00, 0xc2,
  0x09, 0x02, 00, 0xe2, 0x09, 0x02, 00, 0xc2, 0x08, 0xc1, 00, 0xa1,
  0x08, 0xc1, 00, 0xa1, 0x08, 0xc1, 00, 0xa1, 0x08, 0xc2, 00, 0xa2,
  00, 0xc1, 00, 0xc2, 0x08, 0xc1, 00, 0xa1, 00, 0x81, 00, 0x82,
  0x08, 0x81, 00, 0x81, 0x10, 0xa2, 00, 0x61, 00, 0x81, 00, 0x82,
  0x08, 0x81, 00, 0x81, 0x08, 0x81, 00, 0x81, 00, 0x81, 00, 0x82,
  0x08, 0xc1, 00, 0xa1, 0x08, 0xc1, 00, 0xa1, 0x08, 0xc1, 00, 0xa1,
  00, 0x81, 00, 0x82, 0x08, 0xc1, 00, 0xa1, 0x08, 0xc1, 00, 0xa1,
  0x5a, 0x47, 0x39, 0xa4, 00, 0x81, 00, 0x81, 0x08, 0x81, 00, 0x41,
  0x08, 0x81, 00, 0x81, 0x08, 0x81, 00, 0x41, 0x08, 0x81, 00, 0x41,
  0x08, 0x61, 00, 0x41, 0x08, 0x61, 00, 0x61, 0x08, 0x81, 00, 0x41,
  00, 0x40, 00, 0x40, 00, 0x40, 00, 0x40, 0x08, 0x41, 00, 0x41,
  0x08, 0x80, 00, 0x40, 0x08, 0x61, 00, 0x41, 0x08, 0x61, 00, 0x41,
  0x08, 0x80, 00, 0x40, 0x08, 0x80, 00, 0x40, 0x08, 0x40, 00, 00,
  0x08, 0x40, 00, 00, 0x08, 0x40, 00, 0x40, 0x08, 0x40, 00, 0x40,
  0x08, 0x40, 00, 0x20, 0x08, 0x40, 00, 0x20, 0x08, 0x40, 00, 0x20,
  0x08, 0x40, 00, 00, 0x08, 0x40, 00, 0x20, 0x08, 0x40, 00, 00,
  00, 0x41, 00, 0x40, 00, 0x41, 00, 0x41, 00, 0x01, 00, 0x21,
  00, 0x41, 00, 0x41, 00, 0x41, 00, 0x41, 00, 0x41, 00, 0x41,
  00, 0x41, 00, 0x40, 00, 0x41, 00, 0x41, 00, 0x41, 00, 0x41,
  00, 0x41, 00, 0x41, 00, 0x41, 00, 0x41, 00, 0x41, 00, 0x21,
  00, 0x41, 00, 0x41, 00, 0x41, 00, 0x41, 00, 0x41, 00, 0x41,
  00, 0x41, 00, 0x41, 00, 0x41, 00, 0x41, 00, 0x41, 00, 0x41,
  00, 0x41, 00, 0x41, 00, 0x41, 00, 0x61, 00, 0x41, 00, 0x61,
  00, 0x82, 00, 0x81, 00, 0x41, 00, 0x61, 00, 0x81, 00, 0x61,
  00, 0x82, 00, 0x81, 00, 0x82, 00, 0x81, 00, 0x82, 00, 0x81,
  00, 0x82, 00, 0x82, 00, 0x82, 0x08, 0xa2, 00, 0x83, 00, 0x62,
  00, 0x82, 00, 0xa2, 00, 0xc3, 00, 0x81, 00, 0x82, 00, 0x81,
  00, 0xc2, 00, 0xa2, 00, 0x82, 00, 0xa2, 00, 0xc3, 00, 0xe3,
  00, 0xc3, 00, 0xe3, 00, 0xc3, 00, 0xc3, 00, 0x82, 00, 0xa2,
  00, 0xc2, 00, 0xa2, 0x01, 0x03, 0x01, 0x23, 00, 0xc3, 00, 0xe3,
  0x01, 0x03, 0x01, 0x02, 0x01, 0x04, 0x01, 0x24, 0x01, 0x85, 0x01, 0x43,
  0x01, 0x04, 0x01, 0x24, 0x01, 0x44, 0x01, 0x02, 0x01, 0x04, 0x01, 0x24,
  0x01, 0x43, 0x01, 0x43, 0x01, 0x44, 0x01, 0x03, 0x01, 0x03, 0x01, 0x03,
  0x01, 0x04, 0x09, 0x44, 0x01, 0x44, 0x01, 0x03, 0x01, 0x03, 0x09, 0x03,
  0x01, 0x23, 0x01, 0x23, 0x01, 0x03, 0x01, 0x03, 00, 0xc2, 00, 0xa2,
  00, 0xc3, 00, 0xe3, 0x01, 0x03, 00, 0xe2, 00, 0xc2, 00, 0xa2,
  00, 0xc2, 00, 0xa2, 00, 0x82, 00, 0xa2, 00, 0xc2, 00, 0xa2,
  00, 0x82, 0x19, 0x24, 00, 0xc3, 00, 0x81, 00, 0x82, 00, 0xa2,
  00, 0x82, 00, 0x82, 00, 0x82, 00, 0x82, 00, 0x82, 00, 0xa2,
  00, 0xc2, 00, 0xc2, 00, 0xc2, 0x21, 0x85, 0x09, 0x03, 00, 0xa2,
  00, 0xc2, 00, 0xa2, 00, 0xc2, 00, 0xa2, 00, 0x82, 00, 0xa2,
  00, 0xc3, 00, 0x81, 00, 0x82, 00, 0x81, 00, 0xc2, 00, 0xa2,
  00, 0x81, 00, 0xa2, 00, 0x82, 00, 0x82, 00, 0x81, 00, 0x61,
  00, 0x82, 00, 0x82, 00, 0x82, 00, 0x62, 00, 0xc2, 00, 0xa2,
  00, 0x82, 00, 0x81, 00, 0x82, 00, 0x81, 00, 0x82, 00, 0x81,
  00, 0x82, 00, 0x61, 00, 0x82, 00, 0x81, 00, 0x82, 00, 0x82,
  00, 0x42, 00, 0x62, 00, 0x82, 00, 0x81, 00, 0xc2, 00, 0x81,
  0x39, 0xe6, 0x39, 0x64, 00, 0x82, 00, 0x81, 00, 0x82, 00, 0x82,
  00, 0x81, 00, 0x61, 00, 0x82, 0x08, 0x81, 00, 0x41, 0x08, 0x61,
  00, 0x41, 0x08, 0x61, 00, 0x41, 0x08, 0x61, 00, 0x41, 00, 0x41,
  00, 0x41, 00, 0x41, 00, 0x41, 00, 0x41, 00, 0x41, 00, 0x41,
  00, 0x41, 00, 0x41, 00, 0x41, 00, 0x41, 00, 0x41, 00, 0x41,
  00, 0x41, 00, 0x21, 00, 0x41, 00, 0x41, 00, 0x41, 00, 0x41,
  00, 0x41, 00, 0x40, 00, 0x41, 00, 0x41, 00, 0x41, 00, 0x41,
  00, 0x41, 00, 0x40, 00, 0x41, 00, 0x40, 00, 0x01, 00, 0x21,
  00, 0x41, 00, 0x40, 00, 0x41, 00, 0x21, 00, 0x01, 00, 0x21,
  0x08, 0x40, 00, 0x40, 0x08, 0x40, 00, 0x20, 0x08, 0x40, 00, 0x40,
  0x08, 0x40, 00, 0x20, 00, 0x40, 00, 0x40, 0x08, 0x40, 00, 0x20,
  0x08, 0x40, 00, 0x20, 0x08, 0x40, 00, 0x20, 0x08, 0x40, 00, 00,
  00, 0x40, 00, 0x40, 0x08, 0x41, 00, 0x41, 00, 0x40, 00, 0x40,
  0x08, 0x61, 00, 0x41, 0x08, 0x40, 00, 0x40, 00, 0x40, 00, 0x41,
  0x08, 0x61, 00, 0x41, 0x08, 0x81, 00, 0x41, 0x08, 0x61, 00, 0x61,
  0x08, 0x81, 00, 0x41, 0x08, 0x61, 00, 0x61, 0x08, 0x81, 00, 0x41,
  0x08, 0x61, 00, 0x61, 0x08, 0x81, 00, 0x81, 0x08, 0x81, 00, 0x61,
  00, 0x81, 00, 0x82, 00, 0x81, 00, 0x82, 0x08, 0xc1, 00, 0xa1,
  0x08, 0xc1, 00, 0xa1, 0x08, 0xc1, 00, 0xa1, 0x08, 0xc2, 00, 0x81,
  0x08, 0xc2, 00, 0xc2, 0x08, 0xc1, 00, 0xa1, 0x08, 0xc1, 00, 0xa1,
  0x08, 0xc1, 00, 0xa1, 0x08, 0xc2, 00, 0xa2, 0x08, 0xc2, 00, 0xa2,
  00, 0xc2, 00, 0xc3, 0x09, 0x02, 00, 0xe2, 0x08, 0xc1, 00, 0xc2,
  0x09, 0x02, 00, 0xe2, 0x01, 0x03, 0x09, 0x44, 0x09, 0x02, 00, 0xe2,
  0x09, 0x02, 0x01, 0x02, 0x01, 0x43, 0x01, 0x84, 0x11, 0x64, 00, 0xe2,
  0x09, 0x43, 0x01, 0x44, 0x09, 0x43, 0x01, 0x23, 0x01, 0x02, 0x01, 0x03,
  0x09, 0x44, 0x01, 0x23, 0x09, 0x23, 00, 0xe2, 0x09, 0x03, 0x01, 0x03,
  0x01, 0x43, 0x01, 0x44, 0x09, 0x43, 0x01, 0x23, 0x09, 0x02, 00, 0xc2,
  0x01, 0x02, 0x01, 0x03, 0x09, 0x02, 00, 0xe2, 0x09, 0x02, 00, 0xc2,
  0x08, 0xc1, 00, 0xa1, 00, 0xc2, 00, 0xc3, 0x08, 0xe3, 00, 0xa2,
  0x08, 0xc1, 00, 0xa1, 0x08, 0xa2, 00, 0xa2, 0x08, 0xc2, 00, 0xa2,
  0x08, 0xc1, 00, 0xa1, 0x08, 0xc1, 00, 0xa1, 0x08, 0xc1, 00, 0xa1,
  0x08, 0x81, 00, 0x81, 00, 0x81, 00, 0x82, 0x08, 0xc1, 00, 0xc2,
  00, 0xc1, 00, 0xc2, 0x09, 0x03, 0x01, 0x03, 0x09, 0x02, 00, 0xc2,
  0x09, 0x02, 00, 0xc2, 0x08, 0xa2, 00, 0xa2, 0x08, 0xc2, 00, 0x82,
  0x08, 0xc1, 00, 0xa1, 0x08, 0xc1, 00, 0xa1, 0x08, 0xc1, 00, 0xa1,
  0x08, 0xc2, 00, 0xa2, 0x08, 0xa1, 00, 0x61, 0x08, 0x81, 00, 0x81,
  0x08, 0x81, 00, 0x61, 0x08, 0xc1, 00, 0xa1, 0x08, 0xc1, 00, 0xa1,
  00, 0x81, 00, 0x82, 0x10, 0xc1, 00, 0x81, 0x08, 0xc1, 00, 0xa1,
  0x08, 0x81, 00, 0x41, 0x08, 0x81, 00, 0x81, 00, 0x81, 00, 0x82,
  0x08, 0x81, 00, 0x41, 0x08, 0xa1, 00, 0x61, 0x08, 0xc1, 00, 0xa1,
  00, 0x40, 00, 0x40, 0x08, 0xc1, 00, 0xa1, 00, 0x81, 00, 0x82,
  0x08, 0x81, 00, 0x41, 0x08, 0x81, 00, 0x41, 0x08, 0x81, 00, 0x41,
  0x08, 0x61, 00, 0x20, 0x08, 0x61, 00, 0x61, 0x08, 0x81, 00, 0x41,
  0x08, 0x81, 00, 0x41, 00, 0x40, 00, 0x40, 0x08, 0x61, 00, 0x41,
  00, 0x40, 00, 0x40, 0x08, 0x61, 00, 0x41, 00, 0x40, 00, 0x40,
  0x08, 0x61, 00, 0x41, 0x08, 0x80, 00, 0x40, 0x08, 0x80, 00, 0x60,
  00, 0x40, 00, 0x40, 0x08, 0x60, 00, 0x60, 0x08, 0x40, 00, 00,
  0x08, 0x40, 00, 00, 0x08, 0x40, 00, 0x20, 0x08, 0x40, 00, 00,
  0x08, 0x40, 00, 0x20, 0x10, 0x61, 00, 0x20, 0x08, 0x40, 00, 0x20,
  00, 0x41, 00, 0x41, 00, 0x41, 00, 0x41, 00, 0x41, 00, 0x41,
  00, 0x41, 00, 0x41, 00, 0x41, 00, 0x40, 00, 0x41, 00, 0x40,
  00, 0x41, 00, 0x41, 00, 0x41, 00, 0x40, 00, 0x41, 00, 0x41,
  00, 0x41, 00, 0x40, 00, 0x41, 00, 0x41, 00, 0x41, 00, 0x41,
  00, 0x41, 00, 0x41, 00, 0x41, 00, 0x41, 00, 0x41, 00, 0x41,
  00, 0x41, 00, 0x41, 00, 0x41, 00, 0x41, 00, 0x41, 00, 0x41,
  00, 0x41, 00, 0x61, 00, 0x82, 00, 0x61, 00, 0x82, 00, 0x81,
  00, 0x41, 00, 0x61, 00, 0x82, 00, 0x81, 00, 0x81, 00, 0x61,
  00, 0x82, 00, 0x81, 00, 0x82, 00, 0x81, 00, 0x82, 00, 0x62,
  00, 0x81, 00, 0xa2, 00, 0x82, 00, 0x82, 00, 0x82, 0x08, 0xa2,
  00, 0xc2, 00, 0xa2, 00, 0xc3, 00, 0x82, 00, 0x82, 00, 0x81,
  00, 0x82, 00, 0xa2, 00, 0xc2, 00, 0xa2, 00, 0xc2, 00, 0xa2,
  00, 0xc2, 00, 0xa2, 00, 0xc2, 00, 0xc2, 00, 0xc2, 00, 0xa2,
  00, 0xc3, 00, 0xe3, 0x01, 0x03, 0x09, 0x64, 0x01, 0x44, 0x01, 0x02,
  0x01, 0x03, 0x01, 0x03, 0x01, 0x64, 0x01, 0x64, 0x01, 0x44, 0x01, 0x24,
  0x01, 0x44, 0x01, 0x03, 0x01, 0x03, 0x01, 0x23, 0x01, 0x03, 0x01, 0x02,
  0x01, 0x03, 0x01, 0x02, 0x01, 0x03, 0x01, 0x03, 0x01, 0x03, 0x01, 0x23,
  0x01, 0x43, 0x01, 0x43, 0x01, 0x03, 0x01, 0x03, 00, 0xc3, 00, 0xe3,
  00, 0xc3, 00, 0xe3, 00, 0xc2, 00, 0xa2, 00, 0xc2, 00, 0xc2,
  00, 0xc2, 00, 0xa2, 00, 0xc2, 0x08, 0xe3, 00, 0xc2, 00, 0xa2,
  00, 0xc2, 00, 0xa2, 00, 0x82, 00, 0xa2, 00, 0x82, 00, 0x82,
  00, 0x82, 00, 0x81, 00, 0x82, 0x08, 0xa2, 00, 0x82, 00, 0x82,
  00, 0x82, 00, 0x82, 00, 0x81, 00, 0xa2, 00, 0xc2, 00, 0xa2,
  00, 0xc2, 00, 0xa2, 00, 0xc3, 00, 0xe3, 00, 0xc2, 00, 0xa2,
  0x01, 0x03, 00, 0xc2, 00, 0xc2, 00, 0xa2, 00, 0xc2, 00, 0xa2,
  00, 0xc3, 00, 0x81, 00, 0x82, 00, 0xa2, 00, 0xc2, 00, 0xa2,
  00, 0x82, 00, 0xa2, 00, 0x81, 00, 0x61, 00, 0x82, 00, 0x81,
  00, 0x82, 00, 0x81, 00, 0x82, 00, 0x82, 00, 0x82, 00, 0x82,
  00, 0xa2, 00, 0xa2, 00, 0xc3, 00, 0x81, 00, 0x82, 00, 0x81,
  00, 0x82, 00, 0x81, 00, 0x82, 00, 0x82, 00, 0x82, 00, 0x82,
  00, 0x82, 00, 0x82, 00, 0x82, 00, 0x82, 00, 0x82, 00, 0x82,
  00, 0x81, 00, 0x61, 00, 0x82, 00, 0x81, 00, 0x82, 00, 0x61,
  00, 0x82, 00, 0x81, 00, 0x41, 00, 0x61, 00, 0x81, 00, 0x61,
  00, 0x41, 00, 0x61, 00, 0x81, 00, 0x61, 00, 0x41, 00, 0x41,
  00, 0x41, 00, 0x41, 00, 0x41, 00, 0x41, 00, 0x41, 0x08, 0x61,
  00, 0x41, 00, 0x41, 00, 0x41, 00, 0x41, 00, 0x41, 00, 0x41,
  00, 0x41, 00, 0x41, 00, 0x41, 0x08, 0x61, 00, 0x82, 00, 0x40,
  00, 0x41, 00, 0x41, 00, 0x41, 0x10, 0xc2, 00, 0x41, 00, 0x40,
  00, 0x41, 00, 0x41, 00, 0x41, 00, 0x40, 00, 0x41, 00, 0x40,
  00, 0x40, 00, 0x20, 00, 0x41, 00, 0x40, 00, 00, 00, 0x20,
  00, 0x40, 00, 0x40, 0x08, 0x40, 00, 0x20, 00, 0x40, 00, 0x40,
  0x08, 0x40, 00, 0x40, 0x08, 0x40, 00, 0x20, 00, 0x40, 00, 0x40,
  0x08, 0x40, 00, 0x20, 0x08, 0x40, 00, 0x20, 0x08, 0x40, 00, 0x20,
  00, 0x40, 00, 0x40, 00, 0x40, 00, 0x40, 00, 0x40, 00, 0x40,
  00, 0x40, 00, 0x40, 0x08, 0x41, 00, 0x41, 00, 0x40, 00, 0x41,
  0x08, 0x41, 00, 0x41, 00, 0x40, 00, 0x41, 0x08, 0x81, 00, 0x41,
  0x08, 0x61, 00, 0x61, 0x08, 0x61, 00, 0x61, 0x08, 0x81, 00, 0x41,
  0x21, 0x03, 0x10, 0xc2, 0x08, 0x61, 00, 0x61, 0x10, 0xc1, 00, 0x81,
  0x08, 0x81, 00, 0x81, 0x08, 0x81, 00, 0x81, 00, 0x81, 00, 0x82,
  0x08, 0xc1, 00, 0xc2, 0x08, 0xc2, 00, 0xa2, 0x08, 0xc2, 00, 0xa2,
  0x08, 0xc1, 00, 0xa1, 0x08, 0xc2, 00, 0xa2, 0x08, 0xc1, 00, 0xa1,
  00, 0xc1, 00, 0xc2, 0x08, 0xa2, 00, 0xa2, 0x08, 0xa2, 00, 0xa2,
  00, 0xc1, 00, 0xc2, 0x08, 0xc2, 00, 0x82, 0x11, 0x44, 0x01, 0x03,
  0x09, 0x02, 00, 0xe2, 0x09, 0x64, 0x01, 0xa5, 0x11, 0x43, 00, 0xe2,
  0x09, 0x03, 0x01, 0x03, 0x09, 0x64, 0x01, 0x23, 0x01, 0x43, 0x01, 0x44,
  0x09, 0x23, 00, 0xe2, 0x01, 0x02, 0x01, 0x03, 0x09, 0x02, 00, 0xe2,
  0x09, 0x02, 00, 0xe2, 0x09, 0x42, 0x01, 0x02, 0x09, 0x44, 0x01, 0x23,
  0x01, 0x02, 0x01, 0x03, 0x11, 0x43, 00, 0xc2, 0x09, 0x23, 00, 0xe2,
  0x09, 0x02, 00, 0xe2, 0x08, 0xc2, 00, 0xc2, 00, 0xc1, 00, 0xc2,
  0x08, 0xc2, 00, 0xa2, 0x09, 0x02, 00, 0xc2, 0x09, 0x02, 00, 0xc2,
  0x08, 0xe3, 00, 0xa2, 0x08, 0xc1, 00, 0xa1, 00, 0x81, 00, 0x82,
  0x08, 0xc1, 00, 0xa1, 0x08, 0x81, 0x08, 0xc2, 0x08, 0xc2, 00, 0x81,
  0x08, 0xc1, 00, 0xa1, 0x08, 0xc1, 00, 0xa1, 0x08, 0xc1, 00, 0xa1,
  0x08, 0xc1, 00, 0xc2, 0x08, 0xc2, 00, 0xc2, 0x09, 0x02, 00, 0xc2,
  0x09, 0x02, 00, 0xc2, 0x08, 0xc1, 00, 0xc2, 0x09, 0x02, 00, 0xe2,
  0x08, 0xc1, 00, 0xa1, 0x08, 0xa2, 00, 0xa2, 0x08, 0xa1, 0x19, 0x64,
  0x08, 0xc2, 00, 0x81, 0x08, 0x81, 00, 0x81, 00, 0x81, 00, 0x82,
  0x08, 0xc1, 00, 0xa1, 0x08, 0x81, 00, 0x81, 0x08, 0xa2, 00, 0xa2,
  0x19, 0x03, 00, 0x81, 0x08, 0xc1, 00, 0xa1, 0x08, 0xc1, 00, 0xa1,
  0x08, 0xc1, 00, 0xa1, 0x08, 0x82, 00, 0x82, 0x08, 0xc1, 00, 0xa1,
  0x08, 0xc1, 00, 0xa1, 0x08, 0xc1, 00, 0xa1, 0x08, 0x81, 00, 0x41,
  0x08, 0x81, 00, 0x41, 0x08, 0x61, 00, 0x61, 0x08, 0xc2, 00, 0x81,
  0x08, 0x81, 00, 0x61, 0x08, 0x81, 00, 0x61, 0x08, 0x61, 00, 0x61,
  0x08, 0x81, 00, 0x41, 0x08, 0x81, 00, 0x61, 0x08, 0x61, 00, 0x61,
  0x08, 0x81, 00, 0x61, 0x08, 0x81, 00, 0x41, 00, 0x40, 00, 0x41,
  0x08, 0x61, 00, 0x41, 0x08, 0x61, 00, 0x61, 0x08, 0x61, 00, 0x41,
  0x08, 0x80, 00, 0x40, 0x08, 0x41, 00, 0x41, 0x08, 0x61, 00, 0x41,
  0x08, 0x61, 00, 0x61, 0x08, 0x40, 0x08, 0x82, 00, 0x40, 00, 0x40,
  00, 0x40, 00, 0x40, 0x08, 0x40, 00, 0x20, 00, 0x40, 00, 0x40,
  0x08, 0x40, 00, 00, 0x08, 0x40, 00, 00, 0x08, 0x40, 00, 00,
  00, 0x41, 00, 0x41, 00, 0x41, 0x08, 0x41, 00, 0x42, 00, 0x21,
  00, 0x41, 00, 0x41, 00, 0x41, 00, 0x40, 00, 0x41, 00, 0x41,
  00, 0x41, 00, 0x41, 00, 0x41, 00, 0x41, 00, 0x41, 00, 0x41,
  00, 0x41, 00, 0x41, 00, 0x41, 00, 0x41, 00, 0x41, 00, 0x41,
  00, 0x41, 00, 0x41, 00, 0x41, 00, 0x41, 00, 0x41, 00, 0x41,
  00, 0x41, 00, 0x41, 00, 0x41, 00, 0x61, 00, 0x41, 00, 0x41,
  00, 0x41, 0x08, 0x61, 00, 0x41, 00, 0x41, 00, 0x41, 00, 0x41,
  00, 0x82, 0x08, 0x81, 00, 0x41, 00, 0x61, 00, 0x82, 00, 0x81,
  00, 0x82, 00, 0x81, 00, 0x82, 00, 0x81, 00, 0x81, 00, 0x81,
  00, 0x82, 00, 0xa2, 00, 0x82, 00, 0xa2, 00, 0x82, 00, 0xa2,
  00, 0xc2, 00, 0xa2, 00, 0x82, 0x08, 0xa2, 00, 0x82, 00, 0x82,
  00, 0xc2, 0x08, 0xe2, 00, 0x82, 00, 0xa2, 00, 0xc2, 00, 0xa2,
  00, 0x82, 0x08, 0xa2, 00, 0xc2, 00, 0xa2, 0x01, 0x03, 0x09, 0x03,
  00, 0xc3, 00, 0xe3, 0x01, 0x64, 0x01, 0x64, 0x01, 0x04, 0x01, 0x24,
  0x01, 0x44, 0x01, 0x24, 0x01, 0x85, 0x01, 0x44, 0x01, 0x23, 0x09, 0x64,
  0x01, 0x44, 00, 0xc2, 0x01, 0x02, 0x01, 0x23, 0x01, 0x03, 00, 0xc2,
  00, 0xc3, 00, 0xe3, 0x01, 0x03, 0x01, 0x03, 0x01, 0x03, 0x01, 0x02,
  00, 0xc2, 0x08, 0xe3, 0x01, 0x04, 00, 0xe3, 0x01, 0x03, 0x01, 0x03,
  0x01, 0x03, 00, 0xc1, 00, 0xc2, 00, 0xc2, 00, 0xc2, 00, 0xa2,
  00, 0xc2, 00, 0xa2, 00, 0xc2, 00, 0xa2, 00, 0xc2, 00, 0xa2,
  00, 0xc2, 00, 0xa2, 00, 0xc2, 00, 0x81, 00, 0x82, 00, 0x81,
  00, 0x82, 00, 0x82, 00, 0x82, 00, 0x81, 00, 0x81, 0x08, 0xc2,
  00, 0xc2, 00, 0xa2, 00, 0x82, 00, 0xa2, 00, 0x82, 00, 0xa2,
  00, 0xc2, 00, 0xa2, 00, 0xc3, 00, 0xe3, 0x01, 0x03, 00, 0xc2,
  00, 0xc2, 00, 0xa2, 00, 0xc3, 00, 0xe3, 00, 0xc2, 00, 0xa2,
  00, 0xc2, 00, 0xa2, 00, 0xc2, 00, 0xa2, 00, 0x81, 0x3a, 0x07,
  00, 0xe3, 00, 0xa2, 00, 0x82, 00, 0x81, 00, 0x82, 00, 0x81,
  00, 0x82, 00, 0x82, 00, 0x82, 00, 0x81, 00, 0x82, 00, 0xa2,
  00, 0x81, 00, 0xa2, 00, 0xc2, 00, 0xc2, 00, 0x81, 0x08, 0xc2,
  00, 0x82, 00, 0x81, 00, 0x82, 00, 0x81, 00, 0x82, 00, 0x81,
  00, 0x82, 0x08, 0xa2, 00, 0x82, 00, 0x61, 00, 0x81, 00, 0x61,
  00, 0x81, 00, 0x61, 00, 0x82, 00, 0x81, 00, 0x81, 0x08, 0xc2,
  00, 0x82, 00, 0x62, 00, 0x81, 00, 0x81, 00, 0x41, 00, 0x41,
  00, 0x41, 00, 0x61, 00, 0x41, 00, 0x41, 00, 0x41, 00, 0x41,
  00, 0x41, 00, 0x41, 00, 0x41, 00, 0x41, 00, 0x41, 00, 0x41,
  00, 0x41, 00, 0x61, 00, 0x41, 00, 0x41, 00, 0x41, 00, 0x41,
  00, 0x41, 00, 0x41, 00, 0x41, 00, 0x61, 00, 0x41, 0x08, 0x61,
  00, 0x82, 00, 0x61, 00, 0x41, 00, 0x41, 00, 0x41, 00, 0x21,
  00, 0x41, 00, 0x41, 00, 0x41, 00, 0x41, 00, 0x41, 00, 0x40,
  00, 0x01, 00, 0x21, 00, 0x01, 00, 0x21, 00, 0x01, 00, 0x21,
  0x08, 0x40, 00, 0x40, 0x08, 0x40, 00, 0x41, 0x08, 0x81, 00, 0x40,
  0x08, 0x61, 00, 0x41, 0x08, 0x80, 00, 0x40, 0x08, 0x40, 00, 0x20,
  00, 0x40, 00, 0x40, 0x08, 0x40, 00, 0x20, 0x08, 0x61, 00, 0x41,
  0x08, 0x40, 00, 0x41, 0x08, 0x61, 00, 0x41, 00, 0x40, 00, 0x40,
  00, 0x40, 00, 0x41, 00, 0x40, 00, 0x40, 0x08, 0x41, 00, 0x41,
  0x08, 0x40, 00, 0x40, 0x08, 0x61, 00, 0x41, 0x08, 0x80, 00, 0x60,
  0x08, 0x61, 00, 0x61, 0x08, 0x80, 00, 0x60, 0x08, 0x61, 00, 0x41,
  0x08, 0x61, 00, 0x61, 0x08, 0x81, 00, 0x81, 00, 0x81, 00, 0x82,
  0x08, 0x81, 00, 0x81, 00, 0x81, 00, 0x82, 0x08, 0x81, 00, 0x81,
  0x08, 0x80, 0x08, 0xe2, 0x19, 0x44, 00, 0x81, 0x08, 0xc1, 00, 0xa1,
  0x08, 0xc1, 00, 0xa1, 0x08, 0xc1, 00, 0xc2, 0x08, 0xa2, 00, 0xa2,
  0x09, 0x02, 00, 0xc2, 0x08, 0xc1, 00, 0xa1, 0x08, 0xc1, 00, 0xa1,
  0x08, 0xc1, 00, 0xc2, 0x09, 0x02, 00, 0xe2, 0x09, 0x02, 00, 0xe2,
  0x09, 0x02, 00, 0xc2, 0x09, 0x44, 0x01, 0x64, 0x01, 0x44, 0x01, 0x85,
  0x09, 0x64, 0x01, 0x23, 0x11, 0x44, 0x01, 0x03, 0x09, 0x43, 0x01, 0x44,
  0x09, 0x23, 00, 0xe2, 0x09, 0x03, 0x01, 0x03, 0x09, 0x02, 00, 0xe2,
  0x09, 0x02, 00, 0xc2, 0x09, 0x02, 00, 0xc2, 0x09, 0x02, 00, 0xe2,
  0x09, 0x02, 00, 0xe2, 0x09, 0x23, 0x01, 0x23, 0x09, 0x02, 00, 0xc2,
  0x09, 0x02, 00, 0xc2, 0x08, 0xc1, 00, 0xa1, 0x08, 0xc2, 00, 0xa2,
  0x08, 0xc2, 00, 0xc2, 0x09, 0x02, 00, 0xc2, 0x08, 0xc1, 00, 0xa1,
  0x09, 0x02, 00, 0xc2, 0x08, 0xc1, 00, 0xa1, 0x08, 0xc1, 00, 0xa1,
  00, 0x81, 00, 0x82, 0x08, 0xc1, 00, 0xa1, 0x08, 0xc1, 00, 0xa1,
  0x08, 0xc2, 00, 0xc2, 0x08, 0xc1, 00, 0xa1, 0x08, 0xc2, 00, 0xa2,
  0x08, 0xa2, 00, 0xa2, 0x08, 0xc2, 00, 0xc2, 0x08, 0xe2, 00, 0x81,
  0x08, 0xc1, 00, 0xc2, 0x09, 0x02, 00, 0xc2, 0x09, 0x02, 00, 0xc2,
  0x09, 0x02, 00, 0xe2, 0x08, 0xe3, 00, 0xa2, 0x08, 0xe2, 00, 0x81,
  0x08, 0xa2, 00, 0xa2, 0x08, 0xc1, 00, 0xa1, 0x08, 0x81, 00, 0x81,
  0x08, 0xc1, 00, 0xa1, 0x08, 0xa2, 00, 0xa2, 0x08, 0xc1, 00, 0xa1,
  0x08, 0xc1, 00, 0xa1, 0x08, 0xc1, 00, 0xa1, 0x08, 0xc1, 00, 0xa1,
  00, 0x81, 00, 0x82, 0x08, 0xc1, 00, 0xa1, 0x08, 0x81, 0x08, 0x82,
  00, 0x81, 00, 0x82, 0x08, 0x81, 00, 0x61, 0x08, 0x81, 00, 0x41,
  0x08, 0x81, 00, 0x61, 0x08, 0x81, 00, 0x81, 0x08, 0x81, 00, 0x81,
  0x10, 0xc1, 00, 0x81, 0x08, 0x61, 00, 0x61, 0x08, 0x81, 00, 0x41,
  00, 0x40, 00, 0x40, 0x08, 0x81, 00, 0x41, 00, 0x40, 00, 0x41,
  0x08, 0x81, 00, 0x41, 00, 0x40, 00, 0x41, 0x08, 0x81, 00, 0x41,
  0x18, 0xc1, 0x18, 0xe2, 00, 0x40, 00, 0x41, 0x08, 0x61, 00, 0x61,
  0x08, 0x81, 00, 0x41, 0x08, 0x80, 00, 0x40, 0x08, 0x81, 00, 0x81,
  0x08, 0x81, 00, 0x40, 0x08, 0x61, 00, 0x41, 0x08, 0x80, 00, 0x40,
  0x08, 0x61, 00, 0x41, 0x08, 0x40, 00, 00, 0x08, 0x40, 00, 0x41,
  0x08, 0x40, 00, 0x20, 0x08, 0x40, 00, 00, 0x08, 0x40, 00, 0x20,
  00, 0x41, 00, 0x41, 00, 0x41, 00, 0x41, 00, 0x41, 00, 0x41,
  00, 0x41, 00, 0x41, 00, 0x41, 00, 0x41, 00, 0x41, 00, 0x41,
  00, 0x41, 00, 0x41, 00, 0x41, 00, 0x41, 00, 0x41, 00, 0x41,
  00, 0x41, 00, 0x41, 00, 0x41, 00, 0x41, 00, 0x41, 00, 0x41,
  00, 0x41, 00, 0x41, 00, 0x41, 00, 0x41, 00, 0x41, 00, 0x41,
  00, 0x41, 00, 0x41, 00, 0x41, 00, 0x41, 00, 0x41, 00, 0x41,
  00, 0x41, 00, 0x61, 00, 0x41, 00, 0x41, 00, 0x41, 00, 0x61,
  00, 0x41, 00, 0x61, 00, 0x82, 00, 0x81, 00, 0x41, 00, 0x61,
  00, 0x82, 00, 0x82, 00, 0x82, 00, 0x81, 00, 0x82, 00, 0x81,
  00, 0x81, 0x08, 0xc2, 0x08, 0xc3, 00, 0x61, 00, 0x82, 00, 0xa2,
  00, 0x82, 00, 0x81, 00, 0xc2, 00, 0xa2, 00, 0xc3, 00, 0xc2,
  00, 0xc2, 00, 0xc2, 00, 0xc2, 00, 0xa2, 00, 0x82, 00, 0xa2,
  00, 0xe2, 00, 0xe2, 00, 0xc2, 00, 0xa2, 00, 0xc2, 00, 0xc2,
  0x01, 0x03, 0x01, 0x02, 0x01, 0x03, 0x01, 0x03, 0x01, 0x64, 0x19, 0xe6,
  0x01, 0x03, 0x01, 0x03, 0x01, 0x04, 0x01, 0x24, 0x01, 0x44, 0x01, 0x03,
  0x01, 0x03, 0x01, 0x03, 0x01, 0x03, 0x01, 0x02, 00, 0xc3, 00, 0xe3,
  0x01, 0x03, 0x01, 0x02, 00, 0xe2, 00, 0xe2, 00, 0xc3, 00, 0xe3,
  00, 0xc3, 00, 0xe3, 0x01, 0x03, 0x01, 0x03, 0x01, 0x03, 0x01, 0x03,
  00, 0xc2, 00, 0xa2, 00, 0xc2, 00, 0xa2, 00, 0xc2, 00, 0xa2,
  00, 0xc2, 00, 0xa2, 00, 0xc2, 00, 0xa2, 0x08, 0xc2, 0x11, 0x03,
  00, 0xc2, 00, 0xc2, 00, 0x81, 00, 0xa2, 00, 0x82, 00, 0xa2,
  00, 0x82, 00, 0x81, 00, 0x82, 00, 0x82, 00, 0x82, 0x08, 0xa2,
  00, 0xc2, 00, 0xa2, 00, 0xc2, 00, 0xa2, 00, 0xc2, 00, 0xa2,
  00, 0xc2, 00, 0xa2, 00, 0xc2, 00, 0xc2, 00, 0xc2, 00, 0xa2,
  00, 0xc2, 00, 0xa2, 0x01, 0x03, 0x01, 0x03, 00, 0xc3, 00, 0xc2,
  0x01, 0x03, 00, 0xc2, 00, 0xc2, 0x08, 0xe3, 00, 0xc2, 00, 0xc2,
  00, 0xc2, 00, 0xa2, 00, 0x82, 00, 0x82, 00, 0x82, 00, 0xa2,
  00, 0xc2, 00, 0xa2, 00, 0x82, 0x08, 0xa2, 00, 0x83, 00, 0x62,
  00, 0x82, 0x08, 0xa2, 00, 0x82, 00, 0x62, 00, 0x82, 00, 0x82,
  00, 0x82, 00, 0x81, 00, 0x82, 00, 0x81, 00, 0x81, 00, 0x61,
  00, 0x82, 0x08, 0x62, 00, 0x82, 00, 0x61, 00, 0x41, 00, 0x61,
  00, 0x41, 00, 0x61, 00, 0x81, 00, 0xa2, 00, 0x82, 00, 0x61,
  00, 0x81, 00, 0x61, 00, 0x81, 00, 0x61, 00, 0x82, 00, 0x40,
  00, 0x41, 00, 0x41, 00, 0x41, 00, 0x61, 00, 0x41, 00, 0x61,
  00, 0x41, 00, 0x41, 00, 0x41, 00, 0x41, 00, 0x41, 00, 0x41,
  00, 0x41, 0x08, 0x61, 00, 0x41, 00, 0x61, 00, 0x41, 00, 0x61,
  00, 0x41, 00, 0x41, 00, 0x41, 00, 0x41, 00, 0x81, 00, 0x61,
  00, 0x41, 00, 0x41, 00, 0x41, 00, 0x61, 00, 0x41, 00, 0x41,
  00, 0x41, 00, 0x41, 00, 0x41, 00, 0x40, 00, 0x41, 00, 0x41,
  00, 00, 00, 0x20, 00, 00, 00, 0x20, 00, 00, 00, 00,
  0x08, 0x40, 00, 0x20, 0x08, 0x40, 00, 0x40, 00, 0x40, 00, 0x40,
  00, 0x40, 00, 0x40, 00, 0x40, 00, 0x40, 0x08, 0x61, 00, 0x20,
  00, 0x40, 00, 0x41, 00, 0x40, 00, 0x40, 0x08, 0x61, 00, 0x41,
  0x08, 0x80, 00, 0x40, 00, 0x40, 00, 0x40, 0x08, 0x40, 00, 0x40,
  00, 0x40, 00, 0x40, 0x08, 0x41, 00, 0x41, 00, 0x40, 00, 0x40,
  0x08, 0x61, 00, 0x41, 0x08, 0x81, 00, 0x41, 0x08, 0x61, 00, 0x61,
  00, 0x40, 00, 0x40, 0x08, 0x61, 00, 0x61, 0x08, 0x61, 00, 0x61,
  0x08, 0x81, 00, 0x41, 00, 0x81, 00, 0x82, 0x08, 0x81, 00, 0x41,
  00, 0x81, 00, 0x82, 0x08, 0xc1, 00, 0xa1, 0x08, 0x81, 00, 0x81,
  0x08, 0xc1, 00, 0xa1, 0x08, 0xc1, 00, 0xa1, 0x08, 0xc1, 00, 0xa1,
  0x08, 0xc1, 00, 0xa1, 00, 0xc1, 00, 0xc2, 0x09, 0x02, 00, 0xc2,
  0x09, 0x02, 00, 0xe2, 0x08, 0xc1, 00, 0xa1, 0x08, 0xc1, 00, 0xa1,
  00, 0xc1, 00, 0xc2, 0x09, 0x02, 00, 0xc2, 0x08, 0xc1, 00, 0xa1,
  0x01, 0x02, 0x01, 0x03, 0x01, 0x02, 0x01, 0x03, 0x09, 0x43, 0x01, 0x64,
  0x09, 0x43, 0x01, 0x02, 0x09, 0x84, 0x09, 0xa5, 0x09, 0x23, 0x01, 0x23,
  0x09, 0x44, 0x01, 0x23, 0x09, 0x02, 00, 0xe2, 0x09, 0x02, 00, 0xe2,
  0x09, 0x02, 00, 0xc2, 0x09, 0x02, 00, 0xc2, 0x09, 0x02, 00, 0xe2,
  0x09, 0x02, 00, 0xc2, 0x09, 0x03, 0x01, 0x03, 0x09, 0x02, 00, 0xe2,
  0x08, 0xa2, 00, 0xa2, 0x08, 0xc2, 00, 0xc2, 0x08, 0xc1, 00, 0xa1,
  0x08, 0xc1, 00, 0xa1, 0x08, 0xc1, 00, 0xa1, 0x18, 0xe2, 0x19, 0x23,
  00, 0x81, 00, 0x82, 0x08, 0xc1, 00, 0xc2, 0x08, 0xc1, 00, 0xa1,
  0x08, 0xc1, 00, 0xa1, 0x08, 0xc1, 00, 0xa1, 0x08, 0xc1, 00, 0xa1,
  0x08, 0xc1, 00, 0xa1, 0x08, 0xe2, 00, 0xc2, 0x08, 0xa2, 00, 0xa2,
  0x08, 0xc1, 00, 0xc2, 0x08, 0xc1, 00, 0xc2, 0x09, 0x02, 00, 0xc2,
  0x09, 0x02, 00, 0xc2, 0x09, 0x02, 00, 0xc2, 00, 0xc2, 00, 0xc3,
  0x09, 0x23, 00, 0xe2, 0x09, 0x02, 00, 0xc2, 0x09, 0x02, 00, 0xc2,
  0x08, 0xc1, 00, 0xa1, 0x10, 0xc1, 00, 0x81, 0x08, 0xc1, 00, 0xa1,
  0x08, 0xc1, 00, 0xa1, 00, 0x81, 00, 0x82, 00, 0x81, 00, 0x82,
  0x08, 0x81, 00, 0x81, 0x08, 0xc1, 00, 0xa1, 00, 0x81, 00, 0x82,
  0x08, 0x81, 00, 0x81, 0x08, 0x81, 00, 0x81, 0x08, 0xc1, 00, 0xa1,
  0x08, 0x81, 00, 0x81, 0x08, 0x81, 00, 0x41, 0x08, 0x81, 00, 0x41,
  0x08, 0x81, 00, 0x41, 00, 0x81, 00, 0x82, 0x08, 0xa2, 00, 0x61,
  0x19, 0x02, 00, 0x81, 0x08, 0x81, 00, 0x61, 0x08, 0x81, 00, 0x41,
  0x08, 0x61, 00, 0x61, 0x08, 0x81, 00, 0x41, 0x08, 0x81, 00, 0x41,
  0x08, 0x80, 00, 0x60, 0x08, 0x61, 00, 0x41, 00, 0x40, 00, 0x41,
  0x08, 0x81, 00, 0x61, 0x08, 0x81, 00, 0x41, 0x08, 0x61, 00, 0x41,
  0x08, 0x61, 00, 0x41, 0x08, 0x81, 00, 0x41, 0x08, 0x81, 00, 0x61,
  0x08, 0x80, 00, 0x40, 0x08, 0x40, 00, 0x40, 0x08, 0x80, 00, 0x40,
  0x08, 0x80, 00, 0x40, 0x10, 0x81, 00, 00, 0x08, 0x40, 00, 0x20,
  0x08, 0x40, 00, 00, 0x08, 0x40, 00, 0x20, 0x08, 0x40, 00, 00,
  00, 0x41, 00, 0x41, 00, 0x41, 00, 0x41, 00, 0x41, 00, 0x41,
  00, 0x41, 00, 0x41, 00, 0x41, 00, 0x41, 0x08, 0x40, 0x4a, 0x07,
  0x10, 0xc3, 00, 0x40, 00, 0x41, 00, 0x41, 00, 0x41, 00, 0x41,
  00, 0x41, 0x08, 0x61, 00, 0x41, 00, 0x21, 00, 0x41, 00, 0x41,
  00, 0x41, 00, 0x41, 00, 0x41, 00, 0x41, 00, 0x41, 00, 0x41,
  00, 0x41, 00, 0x41, 00, 0x41, 00, 0x41, 00, 0x41, 00, 0x41,
  00, 0x41, 00, 0x41, 00, 0x41, 00, 0x41, 00, 0x41, 00, 0x41,
  00, 0x41, 00, 0x61, 00, 0x41, 0x08, 0x61, 00, 0x81, 00, 0x61,
  00, 0x82, 00, 0x81, 00, 0x82, 00, 0x82, 00, 0x81, 0x08, 0xc2,
  00, 0x82, 00, 0x81, 00, 0x82, 00, 0xa2, 00, 0x82, 00, 0xa2,
  00, 0x82, 00, 0x82, 00, 0x81, 00, 0xa2, 00, 0xc3, 00, 0xc2,
  0x01, 0x03, 0x01, 0x03, 00, 0x82, 00, 0xa2, 00, 0xc2, 00, 0xa2,
  00, 0xc2, 00, 0xa2, 0x01, 0x03, 00, 0xc2, 00, 0xc2, 00, 0xa2,
  00, 0xc3, 00, 0xe3, 0x01, 0x03, 0x01, 0x23, 0x01, 0x03, 0x01, 0x03,
  0x01, 0x44, 0x01, 0x64, 0x01, 0x44, 0x01, 0x23, 0x01, 0x03, 0x01, 0x03,
  0x01, 0x03, 0x01, 0x02, 00, 0xc2, 00, 0xa2, 00, 0xc2, 0x08, 0xe3,
  0x01, 0x03, 00, 0xc2, 00, 0xc3, 00, 0xe3, 00, 0xc2, 00, 0xa2,
  00, 0xc3, 00, 0xe3, 0x01, 0x03, 0x01, 0x03, 00, 0xc3, 00, 0xe3,
  00, 0xc2, 00, 0xa2, 00, 0xc2, 00, 0xa2, 00, 0x82, 00, 0xa2,
  00, 0x82, 00, 0xa2, 00, 0x82, 00, 0xa2, 00, 0xc3, 00, 0x81,
  00, 0x82, 00, 0x82, 00, 0x82, 00, 0xa2, 00, 0xc2, 00, 0xa2,
  00, 0xc2, 00, 0xa2, 00, 0x82, 00, 0x82, 00, 0x82, 00, 0xa2,
  00, 0x82, 00, 0xa2, 00, 0xc2, 00, 0xc2, 00, 0xc2, 00, 0xa2,
  00, 0xc2, 00, 0xa2, 00, 0xc2, 00, 0xa2, 00, 0xc2, 00, 0xa2,
  00, 0xc2, 00, 0xa2, 00, 0xc3, 00, 0xc2, 00, 0xc2, 00, 0xa2,
  0x01, 0x02, 00, 0xc1, 00, 0xc2, 00, 0xa2, 00, 0xc2, 00, 0xa2,
  00, 0x82, 00, 0xa2, 00, 0x82, 00, 0x82, 00, 0x82, 00, 0xa2,
  00, 0x82, 00, 0x82, 00, 0x82, 00, 0x81, 00, 0x82, 00, 0x81,
  00, 0x82, 00, 0x81, 00, 0x82, 00, 0x81, 00, 0x82, 00, 0x81,
  00, 0x82, 0x08, 0xa2, 00, 0x82, 00, 0x81, 00, 0x82, 00, 0x81,
  00, 0x82, 0x08, 0x81, 00, 0x41, 00, 0x61, 00, 0x41, 00, 0x61,
  00, 0x42, 00, 0x62, 00, 0x81, 00, 0x61, 00, 0x81, 00, 0x61,
  00, 0x82, 0x08, 0x62, 00, 0x81, 00, 0x61, 00, 0x41, 00, 0x61,
  00, 0x81, 00, 0x61, 00, 0x41, 00, 0x61, 00, 0x82, 00, 0x81,
  00, 0x41, 00, 0x61, 00, 0x41, 00, 0x41, 00, 0x41, 00, 0x21,
  00, 0x41, 00, 0x61, 00, 0x41, 00, 0x41, 00, 0x41, 00, 0x41,
  00, 0x41, 00, 0x41, 00, 0x41, 00, 0x61, 00, 0x41, 00, 0x41,
  00, 0x41, 00, 0x41, 00, 0x41, 00, 0x41, 00, 0x41, 00, 0x41,
  00, 0x41, 00, 0x41, 0x08, 0x82, 0x08, 0x20, 00, 0x41, 00, 0x40,
  00, 0x41, 00, 0x40, 00, 00, 00, 00, 00, 0x01, 00, 0x21,
  0x08, 0x40, 00, 0x40, 0x08, 0x40, 00, 0x20, 0x08, 0x40, 00, 00,
  00, 0x40, 00, 0x40, 0x08, 0x41, 00, 0x41, 0x08, 0x40, 0x29, 0x64,
  0x18, 0xc1, 00, 0x40, 0x08, 0x40, 00, 0x40, 0x08, 0x61, 00, 0x41,
  00, 0x40, 00, 0x41, 0x08, 0x81, 00, 0x41, 0x08, 0x40, 00, 0x40,
  0x08, 0x80, 00, 0x60, 00, 0x40, 00, 0x41, 0x08, 0x81, 00, 0x41,
  0x08, 0x80, 00, 0x60, 0x08, 0x61, 00, 0x41, 0x08, 0x61, 00, 0x61,
  0x10, 0xc2, 00, 0x41, 0x08, 0x61, 00, 0x61, 0x08, 0x81, 00, 0x41,
  0x08, 0x61, 00, 0x61, 0x08, 0x81, 00, 0x41, 0x08, 0x81, 00, 0x81,
  00, 0x81, 00, 0x82, 00, 0x81, 00, 0x82, 0x08, 0xc1, 00, 0xa1,
  00, 0x81, 00, 0x82, 0x08, 0xc1, 00, 0xa1, 0x08, 0xc1, 00, 0xa1,
  0x08, 0xc2, 00, 0xa2, 0x08, 0xa2, 00, 0xa2, 0x08, 0xc1, 00, 0xc2,
  0x09, 0x02, 00, 0xe2, 0x08, 0xc2, 00, 0xc2, 0x09, 0x02, 00, 0xc2,
  0x09, 0x02, 00, 0xc2, 0x09, 0x02, 00, 0xe2, 0x08, 0xe3, 00, 0xa2,
  00, 0xc1, 00, 0xc2, 0x09, 0x43, 0x01, 0x23, 0x01, 0x02, 0x01, 0x02,
  0x01, 0x63, 0x09, 0xc5, 0x11, 0x64, 00, 0xe2, 0x09, 0x44, 0x01, 0x23,
  0x09, 0x23, 00, 0xe2, 0x09, 0x02, 00, 0xc2, 0x09, 0x02, 0x01, 0x03,
  0x09, 0x02, 00, 0xe2, 0x09, 0x02, 00, 0xe2, 0x09, 0x02, 00, 0xc2,
  0x09, 0x02, 00, 0xe2, 0x10, 0xe2, 00, 0xc2, 0x09, 0x02, 00, 0xc2,
  0x09, 0x02, 00, 0xc2, 0x08, 0xc1, 00, 0xa1, 0x08, 0xc2, 00, 0xa2,
  0x08, 0xc1, 00, 0xa1, 0x08, 0xc1, 00, 0xc2, 0x08, 0xc1, 00, 0xa1,
  0x08, 0xc2, 00, 0x82, 0x08, 0xc1, 00, 0xa1, 0x08, 0xc2, 00, 0xa2,
  0x08, 0xc2, 00, 0xa2, 0x08, 0xc2, 00, 0xa2, 0x08, 0xc1, 00, 0xa1,
  0x08, 0xc2, 00, 0xa2, 0x08, 0xc2, 00, 0xa2, 0x09, 0x02, 00, 0xc2,
  0x08, 0xa2, 00, 0xa2, 0x09, 0x02, 00, 0xc2, 0x08, 0xc1, 00, 0xc2,
  0x09, 0x02, 00, 0xc2, 00, 0xc1, 00, 0xc2, 0x09, 0x02, 00, 0xc2,
  0x08, 0xe2, 00, 0x81, 0x08, 0xc1, 00, 0xc2, 0x08, 0xc1, 00, 0xe2,
  0x08, 0xc1, 00, 0xa1, 0x08, 0xc1, 00, 0xa1, 0x08, 0xa2, 00, 0xa2,
  0x08, 0xc1, 00, 0xe2, 0x08, 0xc2, 00, 0x82, 0x08, 0xc1, 00, 0xa1,
  0x08, 0xc1, 00, 0xa1, 0x08, 0x81, 00, 0x61, 0x08, 0xc1, 00, 0xa1,
  0x08, 0xc1, 00, 0xa1, 0x08, 0xc1, 00, 0xa1, 0x08, 0x81, 00, 0x41,
  0x08, 0x81, 00, 0x81, 0x08, 0x81, 00, 0x41, 0x08, 0x61, 00, 0x41,
  0x08, 0x81, 00, 0x41, 0x08, 0x81, 00, 0x82, 0x08, 0x81, 00, 0x81,
  00, 0x81, 00, 0x82, 0x08, 0x81, 00, 0x81, 0x08, 0x81, 00, 0x61,
  0x08, 0x81, 00, 0x61, 00, 0x81, 00, 0x82, 0x08, 0x61, 00, 0x41,
  0x08, 0x81, 00, 0x41, 00, 0x40, 00, 0x40, 0x08, 0x81, 00, 0x41,
  00, 0x40, 00, 0x41, 0x08, 0x61, 00, 0x41, 00, 0x40, 00, 0x40,
  0x08, 0x61, 00, 0x41, 0x08, 0x80, 00, 0x60, 0x08, 0x61, 00, 0x41,
  0x08, 0x80, 00, 0x40, 0x08, 0x80, 00, 0x40, 00, 0x40, 00, 0x41,
  0x08, 0x61, 00, 0x41, 0x08, 0x40, 00, 0x40, 0x08, 0x40, 00, 00,
  0x08, 0x40, 00, 0x20, 0x08, 0x40, 00, 00, 0x08, 0x40, 00, 00,
  00, 0x41, 00, 0x41, 00, 0x41, 00, 0x41, 00, 0x41, 00, 0x41,
  00, 0x41, 00, 0x41, 00, 0x41, 00, 0x41, 00, 0x41, 00, 00,
  00, 0x41, 00, 0x41, 00, 0x41, 00, 0x41, 00, 0x41, 00, 0x41,
  00, 0x41, 00, 0x41, 00, 0x41, 00, 0x41, 00, 0x41, 00, 0x41,
  00, 0x41, 00, 0x41, 00, 0x41, 00, 0x41, 00, 0x41, 00, 0x41,
  00, 0x41, 00, 0x41, 00, 0x41, 00, 0x61, 00, 0x41, 00, 0x41,
  00, 0x82, 00, 0x61, 00, 0x41, 0x08, 0x61, 00, 0x41, 00, 0x61,
  00, 0x41, 00, 0x61, 00, 0x41, 00, 0x61, 00, 0x41, 00, 0x61,
  00, 0x81, 00, 0x61, 00, 0x82, 00, 0x81, 00, 0x82, 00, 0x82,
  00, 0x42, 00, 0x62, 00, 0x82, 00, 0x82, 00, 0x81, 00, 0xa2,
  00, 0xc2, 00, 0xc2, 00, 0xc2, 00, 0xa2, 00, 0xc3, 0x08, 0xe3,
  00, 0xc2, 00, 0xa2, 00, 0xc2, 00, 0xa2, 0x01, 0x03, 00, 0xe3,
  00, 0xc2, 00, 0xa2, 0x01, 0x02, 00, 0xe2, 00, 0xc2, 00, 0xa2,
  00, 0xc3, 00, 0xe3, 0x01, 0x03, 0x01, 0x03, 0x01, 0x03, 0x01, 0x03,
  0x01, 0x64, 0x09, 0xa5, 0x01, 0x44, 0x01, 0x02, 0x01, 0x03, 0x01, 0x23,
  0x01, 0x03, 0x01, 0x03, 00, 0xc2, 0x08, 0xe3, 00, 0xe2, 00, 0xe2,
  00, 0xc2, 00, 0xa2, 00, 0xc2, 00, 0xa2, 00, 0xc3, 00, 0xe3,
  00, 0xc3, 00, 0xe3, 0x01, 0x03, 0x09, 0x03, 00, 0xc2, 00, 0xa2,
  0x01, 0x03, 0x09, 0x02, 00, 0xc2, 00, 0xa2, 00, 0xc2, 00, 0xc2,
  00, 0x82, 00, 0x81, 00, 0xc2, 00, 0xa2, 00, 0x82, 00, 0x82,
  00, 0xc2, 00, 0xa2, 00, 0x82, 00, 0x82, 00, 0x82, 00, 0xa2,
  00, 0x82, 00, 0xa2, 00, 0xc2, 00, 0xa2, 00, 0x82, 00, 0xa2,
  00, 0x82, 0x08, 0xa2, 00, 0xc2, 00, 0xa2, 00, 0xc2, 00, 0xa2,
  00, 0xc2, 00, 0xa2, 00, 0xc2, 00, 0xa2, 00, 0xc2, 0x08, 0xe3,
  0x01, 0x03, 00, 0xe3, 00, 0xc3, 00, 0xe3, 00, 0xc3, 00, 0xe3,
  00, 0xc2, 00, 0xa2, 00, 0xc2, 00, 0xa2, 00, 0x82, 00, 0xa2,
  00, 0x82, 00, 0x82, 00, 0x81, 0x08, 0xc2, 00, 0xc2, 00, 0xc2,
  00, 0x81, 0x08, 0xc2, 00, 0xc2, 00, 0xa2, 00, 0x82, 00, 0x81,
  00, 0x82, 00, 0x81, 00, 0x82, 00, 0x82, 00, 0xc2, 00, 0xa2,
  00, 0x41, 00, 0x61, 00, 0x82, 00, 0x81, 00, 0x81, 00, 0x61,
  00, 0x82, 00, 0x81, 00, 0x82, 00, 0x40, 00, 0x41, 00, 0x41,
  00, 0x82, 00, 0x61, 00, 0x82, 00, 0x81, 00, 0x82, 00, 0x82,
  00, 0x81, 0x08, 0xc2, 00, 0x82, 00, 0x81, 00, 0x82, 00, 0x81,
  00, 0x81, 00, 0x61, 00, 0x82, 00, 0x81, 0x18, 0xc2, 0x39, 0x84,
  00, 0x41, 0x08, 0x61, 00, 0x41, 00, 0x61, 00, 0x41, 00, 0x41,
  00, 0x41, 00, 0x41, 00, 0x41, 00, 0x41, 00, 0x41, 00, 0x41,
  00, 0x41, 00, 0x61, 00, 0x41, 00, 0x41, 00, 0x41, 00, 0x41,
  00, 0x41, 00, 0x41, 00, 0x41, 00, 0x41, 00, 0x41, 00, 0x41,
  00, 0x41, 00, 0x21, 00, 0x41, 0x08, 0x21, 00, 0x41, 00, 0x41,
  00, 0x40, 00, 0x20, 00, 0x41, 00, 0x40, 00, 00, 00, 00,
  0x08, 0x40, 00, 0x20, 0x08, 0x40, 00, 0x20, 0x08, 0x40, 00, 0x20,
  0x08, 0x41, 00, 0x41, 00, 0x40, 00, 0x40, 00, 0x40, 00, 0x41,
  00, 0x40, 00, 0x41, 0x08, 0x61, 00, 0x41, 00, 0x40, 00, 0x40,
  0x08, 0x61, 00, 0x61, 00, 0x40, 00, 0x41, 00, 0x40, 00, 0x40,
  00, 0x40, 00, 0x40, 0x08, 0x40, 0x10, 0xe3, 0x08, 0x81, 00, 0x41,
  0x08, 0x61, 00, 0x41, 0x08, 0x61, 00, 0x61, 0x08, 0x61, 00, 0x61,
  0x08, 0x61, 00, 0x61, 0x08, 0x81, 00, 0x41, 0x08, 0x81, 00, 0x41,
  0x08, 0x81, 00, 0x41, 0x08, 0x81, 00, 0x61, 0x08, 0x81, 00, 0x81,
  0x08, 0x60, 0x19, 0x23, 0x18, 0xe3, 00, 0x41, 0x08, 0x81, 00, 0x41,
  0x08, 0x81, 00, 0x61, 0x08, 0xc1, 00, 0xa1, 00, 0x81, 00, 0x82,
  00, 0xc2, 00, 0xc3, 0x09, 0x02, 00, 0xc2, 00, 0xc1, 00, 0xc2,
  0x09, 0x02, 00, 0xe2, 0x09, 0x02, 00, 0xc2, 0x09, 0x02, 00, 0xc2,
  0x10, 0xe2, 0x21, 0xa5, 0x08, 0xc1, 00, 0xc2, 0x09, 0x02, 00, 0xe2,
  0x09, 0x02, 00, 0xc2, 0x09, 0x02, 0x01, 0x02, 0x09, 0x44, 0x01, 0x64,
  0x09, 0x44, 0x01, 0x23, 0x09, 0x44, 0x01, 0x23, 0x09, 0x43, 0x01, 0x03,
  0x09, 0x43, 0x01, 0x03, 0x09, 0x02, 00, 0xc2, 0x09, 0x02, 00, 0xe2,
  00, 0xc1, 00, 0xc2, 00, 0xc2, 00, 0xc3, 0x09, 0x02, 00, 0xc2,
  0x09, 0x02, 00, 0xc2, 00, 0xc2, 00, 0xc3, 0x09, 0x02, 00, 0xe2,
  0x09, 0x02, 00, 0xc2, 0x09, 0x02, 00, 0xc2, 0x08, 0xc1, 00, 0xa1,
  0x08, 0xc1, 00, 0xa1, 0x08, 0xc1, 00, 0xa1, 0x08, 0xc1, 00, 0xa1,
  0x08, 0xc2, 00, 0xa2, 0x08, 0xa1, 0x08, 0xe2, 0x11, 0x03, 00, 0xc2,
  0x08, 0xc2, 00, 0xc2, 0x08, 0xa2, 00, 0xa2, 0x08, 0xc2, 00, 0xa2,
  00, 0xc1, 00, 0xc2, 0x09, 0x02, 00, 0xc2, 0x08, 0xc1, 00, 0xc2,
  0x09, 0x02, 00, 0xc2, 0x09, 0x02, 00, 0xc2, 0x09, 0x02, 00, 0xe2,
  0x09, 0x02, 00, 0xc2, 0x09, 0x03, 0x01, 0x03, 0x09, 0x02, 00, 0xe2,
  0x08, 0xe2, 00, 0x81, 0x08, 0xc1, 00, 0xa1, 0x08, 0xc1, 00, 0xa1,
  0x08, 0xc1, 00, 0xa1, 0x08, 0xc1, 00, 0xa1, 0x08, 0xc1, 00, 0xa1,
  0x10, 0xc1, 0x08, 0xc2, 00, 0x81, 00, 0x82, 0x08, 0xc1, 00, 0xa1,
  0x08, 0x81, 00, 0x61, 00, 0x81, 00, 0x82, 0x08, 0xc1, 00, 0xa1,
  0x21, 0x44, 0x08, 0x81, 0x08, 0x81, 00, 0x61, 00, 0x81, 00, 0x82,
  0x08, 0x81, 00, 0x81, 0x08, 0x81, 00, 0x41, 0x08, 0x61, 00, 0x61,
  0x08, 0x81, 00, 0x61, 0x08, 0x81, 00, 0x61, 0x08, 0x81, 00, 0x81,
  0x08, 0xc1, 00, 0xa1, 0x08, 0x81, 00, 0x81, 0x08, 0x81, 00, 0x41,
  0x08, 0x81, 00, 0x41, 0x08, 0x61, 00, 0x61, 0x08, 0x81, 00, 0x81,
  0x08, 0x61, 00, 0x61, 0x08, 0x61, 00, 0x41, 0x08, 0x61, 00, 0x61,
  0x08, 0x61, 00, 0x61, 00, 0x40, 00, 0x41, 0x08, 0x61, 00, 0x41,
  00, 0x40, 00, 0x40, 0x08, 0x80, 00, 0x40, 00, 0x40, 00, 0x40,
  0x08, 0x61, 00, 0x41, 00, 0x40, 00, 0x40, 0x08, 0x40, 00, 00,
  00, 0x40, 00, 0x40, 0x08, 0x40, 00, 0x20, 0x08, 0x40, 00, 00,
  0x08, 0x40, 00, 00, 0x08, 0x40, 00, 00, 0x08, 0x40, 00, 0x20,
  00, 0x41, 00, 0x40, 00, 0x41, 00, 0x41, 00, 0x41, 00, 0x41,
  00, 0x41, 00, 0x41, 00, 0x41, 00, 0x41, 00, 0x41, 00, 0x41,
  00, 0x41, 00, 0x41, 00, 0x41, 00, 0x41, 00, 0x41, 00, 0x41,
  00, 0x41, 00, 0x41, 00, 0x41, 00, 0x41, 00, 0x41, 0x08, 0x61,
  00, 0x41, 00, 0x41, 00, 0x41, 00, 0x41, 00, 0x41, 00, 0x41,
  00, 0x41, 00, 0x41, 00, 0x41, 00, 0x41, 00, 0x41, 00, 0x41,
  00, 0x41, 00, 0x61, 00, 0x81, 00, 0x61, 00, 0x41, 00, 0x41,
  00, 0x81, 00, 0x61, 00, 0x41, 00, 0x61, 00, 0x82, 00, 0x81,
  00, 0x41, 0x21, 0x24, 0x08, 0xc2, 00, 0x61, 00, 0x82, 00, 0x81,
  00, 0x82, 00, 0x81, 00, 0x82, 00, 0x81, 00, 0x81, 00, 0xa2,
  00, 0x82, 0x08, 0xa2, 00, 0xc2, 00, 0xa2, 00, 0xc2, 00, 0xa2,
  0x01, 0x03, 0x01, 0x03, 00, 0xc3, 00, 0xe3, 00, 0xc2, 00, 0xa2,
  00, 0xc2, 0x08, 0xe3, 00, 0xc3, 00, 0xe3, 0x01, 0x03, 0x01, 0x03,
  00, 0xc2, 00, 0xa2, 00, 0xc3, 00, 0xe3, 0x01, 0x04, 0x09, 0x65,
  0x01, 0x03, 0x01, 0x03, 0x01, 0x04, 0x09, 0x44, 0x01, 0x44, 0x01, 0x02,
  00, 0xc3, 00, 0xe3, 0x01, 0x03, 0x01, 0x23, 00, 0xc3, 00, 0xc2,
  00, 0xc3, 00, 0xe3, 00, 0xc2, 00, 0xa2, 00, 0xc3, 00, 0xe3,
  0x01, 0x04, 0x08, 0xe3, 00, 0xc2, 00, 0xa2, 00, 0xc3, 00, 0xe3,
  00, 0xc2, 00, 0xc2, 00, 0xc2, 00, 0xa2, 00, 0x82, 00, 0xa2,
  00, 0x82, 00, 0xa2, 00, 0x82, 00, 0x82, 00, 0x82, 00, 0xa2,
  00, 0x82, 00, 0xa2, 00, 0xc2, 00, 0xc2, 00, 0xc2, 00, 0xa2,
  00, 0xc2, 00, 0xa2, 00, 0xc2, 00, 0xa2, 00, 0xc2, 00, 0xa2,
  00, 0xc2, 00, 0xa2, 00, 0xc2, 00, 0xc2, 00, 0xc2, 00, 0xc2,
  00, 0xc2, 00, 0xa2, 00, 0xc2, 0x08, 0xe3, 0x01, 0x04, 00, 0xc3,
  00, 0xc3, 00, 0xe3, 0x01, 0x03, 0x01, 0x03, 00, 0xc3, 00, 0xc2,
  00, 0xc2, 00, 0xa2, 00, 0xc3, 00, 0x81, 00, 0x82, 00, 0x82,
  00, 0x82, 00, 0xa2, 00, 0x82, 00, 0xa2, 00, 0x82, 00, 0xa2,
  00, 0xc2, 00, 0x81, 00, 0x81, 00, 0xa2, 00, 0x82, 00, 0x82,
  00, 0x42, 00, 0x62, 00, 0x82, 00, 0x81, 00, 0x82, 00, 0x81,
  0x21, 0x64, 0x08, 0x60, 00, 0x82, 00, 0x81, 00, 0x82, 00, 0x81,
  00, 0x82, 00, 0x81, 00, 0x81, 00, 0x61, 00, 0x41, 00, 0x61,
  00, 0x81, 00, 0x61, 00, 0x82, 00, 0x81, 00, 0x82, 00, 0x82,
  00, 0x82, 00, 0x82, 00, 0x82, 00, 0x81, 00, 0x82, 00, 0x81,
  00, 0x82, 00, 0x81, 00, 0x82, 00, 0x81, 00, 0x81, 00, 0x61,
  00, 0x41, 00, 0x61, 00, 0x41, 00, 0x41, 00, 0x41, 00, 0x61,
  00, 0x41, 00, 0x41, 00, 0x41, 00, 0x41, 00, 0x41, 00, 0x41,
  00, 0x41, 00, 0x41, 00, 0x41, 00, 0x41, 00, 0x41, 00, 0x40,
  00, 0x41, 00, 0x41, 00, 0x41, 00, 0x40, 00, 0x41, 00, 0x40,
  00, 0x41, 00, 0x40, 00, 0x41, 00, 0x40, 00, 00, 0x08, 0x21,
  00, 0x41, 00, 0x40, 00, 0x01, 00, 0x21, 00, 00, 00, 0x20,
  0x08, 0x40, 00, 00, 0x08, 0x40, 00, 0x20, 0x08, 0x61, 00, 0x41,
  0x08, 0x40, 00, 0x40, 0x08, 0x40, 00, 0x40, 0x08, 0x40, 00, 0x20,
  00, 0x40, 00, 0x41, 00, 0x40, 00, 0x41, 0x08, 0x61, 00, 0x41,
  0x08, 0x61, 00, 0x61, 0x08, 0x80, 00, 0x40, 00, 0x40, 00, 0x40,
  0x08, 0x61, 00, 0x41, 00, 0x40, 00, 0x41, 0x08, 0x81, 00, 0x41,
  0x08, 0x80, 00, 0x60, 0x08, 0x61, 00, 0x41, 0x08, 0x61, 00, 0x41,
  0x08, 0x61, 00, 0x41, 0x08, 0x61, 00, 0x61, 0x08, 0x81, 00, 0x41,
  0x08, 0x81, 00, 0x61, 0x08, 0x81, 00, 0x41, 00, 0x81, 00, 0x82,
  0x08, 0xa2, 00, 0x61, 00, 0x81, 00, 0x82, 0x08, 0xc1, 00, 0xa1,
  00, 0x81, 00, 0x82, 0x08, 0xc1, 00, 0xa1, 00, 0x81, 00, 0x82,
  0x08, 0xc2, 00, 0xa2, 0x08, 0xc2, 00, 0xa2, 0x08, 0xc1, 00, 0xc2,
  0x01, 0x02, 0x01, 0x03, 0x09, 0x23, 00, 0xe2, 0x09, 0x02, 00, 0xc2,
  0x09, 0x43, 0x01, 0x23, 0x09, 0x02, 00, 0xe2, 0x09, 0x03, 0x01, 0x03,
  00, 0xc1, 00, 0xc2, 0x09, 0x02, 00, 0xc2, 0x01, 0x63, 0x09, 0xc5,
  0x09, 0x24, 00, 0xe3, 0x09, 0x02, 00, 0xe2, 0x09, 0x23, 00, 0xe2,
  0x09, 0x02, 00, 0xe2, 0x11, 0x44, 0x01, 0x03, 0x09, 0x02, 00, 0xc2,
  0x09, 0x02, 00, 0xc2, 0x09, 0x02, 00, 0xc2, 0x09, 0x02, 00, 0xe2,
  0x09, 0x02, 00, 0xc2, 0x09, 0x02, 00, 0xc2, 00, 0xc2, 00, 0xc3,
  0x09, 0x02, 00, 0xc2, 0x08, 0xc1, 00, 0xc2, 0x09, 0x02, 00, 0xc2,
  0x08, 0xc2, 00, 0xa2, 0x08, 0xc1, 00, 0xa1, 0x08, 0xc1, 00, 0xa1,
  0x08, 0xc2, 00, 0xa2, 0x08, 0xa2, 00, 0xa2, 00, 0xc1, 00, 0xc2,
  0x08, 0xc1, 00, 0xa1, 0x08, 0xc1, 00, 0xc2, 00, 0xc1, 00, 0xc2,
  0x09, 0x02, 00, 0xc2, 0x08, 0xa2, 00, 0xa2, 0x09, 0x02, 00, 0xc2,
  0x08, 0xc1, 00, 0xc2, 0x09, 0x02, 0x01, 0x02, 0x09, 0x02, 00, 0xc2,
  0x09, 0x43, 0x01, 0x43, 0x09, 0x02, 00, 0xc2, 0x09, 0x02, 00, 0xc2,
  0x08, 0xc2, 00, 0x82, 0x08, 0xc1, 00, 0xa1, 0x08, 0xc1, 00, 0xa1,
  0x08, 0xc1, 00, 0xa1, 0x08, 0xc1, 00, 0xa1, 0x08, 0xc1, 00, 0xa1,
  0x08, 0xc1, 00, 0xa1, 0x08, 0xc1, 00, 0xa1, 0x08, 0xc1, 00, 0xa1,
  00, 0x81, 00, 0x82, 0x08, 0xc1, 00, 0xa1, 0x08, 0xc1, 00, 0xa1,
  00, 0x81, 00, 0x81, 0x08, 0xc1, 00, 0xa1, 0x08, 0xc1, 00, 0xa1,
  0x08, 0xc1, 00, 0xa1, 0x08, 0x81, 00, 0x41, 0x08, 0x81, 00, 0x41,
  0x08, 0x81, 00, 0x41, 00, 0x81, 00, 0x82, 00, 0x81, 00, 0x82,
  0x08, 0xc1, 00, 0xa1, 00, 0x81, 00, 0x82, 0x08, 0xc1, 00, 0xa1,
  0x08, 0x81, 00, 0x61, 0x08, 0x81, 00, 0x41, 0x08, 0x61, 00, 0x41,
  0x08, 0x61, 00, 0x61, 0x08, 0x61, 00, 0x61, 0x08, 0x81, 00, 0x61,
  0x08, 0x61, 00, 0x61, 0x08, 0x81, 00, 0x41, 0x08, 0x61, 00, 0x61,
  0x08, 0x61, 00, 0x41, 0x08, 0x80, 00, 0x40, 00, 0x40, 00, 0x41,
  0x10, 0x81, 0x08, 0x41, 00, 0x40, 00, 0x40, 0x08, 0x40, 00, 00,
  0x08, 0x40, 00, 0x20, 0x08, 0x40, 00, 0x20, 0x08, 0x40, 00, 0x20,
  0x08, 0x40, 00, 00, 0x08, 0x40, 00, 0x20, 0x08, 0x40, 00, 0x20,
  00, 0x41, 00, 0x41, 00, 0x41, 00, 0x41, 00, 0x41, 00, 0x41,
  00, 0x41, 00, 0x41, 00, 0x41, 00, 0x41, 00, 0x41, 00, 0x41,
  00, 0x41, 00, 0x41, 00, 0x41, 00, 0x41, 00, 0x41, 0x08, 0x61,
  00, 0x41, 00, 0x41, 00, 0x41, 00, 0x41, 00, 0x41, 00, 0x41,
  00, 0x41, 00, 0x41, 00, 0x41, 0x08, 0x61, 00, 0x82, 00, 0x40,
  00, 0x41, 00, 0x41, 00, 0x41, 0x08, 0x61, 00, 0x41, 00, 0x41,
  00, 0x41, 00, 0x61, 00, 0x41, 00, 0x61, 00, 0x82, 00, 0x81,
  00, 0x81, 00, 0x61, 00, 0x82, 00, 0x61, 00, 0x41, 00, 0x61,
  00, 0x82, 00, 0x82, 00, 0x81, 00, 0x61, 00, 0x82, 00, 0xa2,
  00, 0x81, 00, 0xa2, 00, 0x82, 00, 0x82, 00, 0x81, 0x08, 0xc2,
  00, 0xc2, 00, 0xa2, 00, 0xc2, 00, 0xa2, 00, 0xc2, 00, 0xa2,
  00, 0xc3, 00, 0xe3, 0x01, 0x03, 0x01, 0x03, 0x01, 0x03, 0x01, 0x03,
  00, 0xc3, 00, 0xe3, 00, 0xe2, 00, 0xe2, 00, 0xc2, 00, 0xa2,
  00, 0xa2, 0x08, 0xe3, 0x01, 0x03, 00, 0xc2, 0x01, 0x84, 0x01, 0x64,
  0x01, 0x44, 0x01, 0x03, 0x01, 0x03, 0x01, 0x02, 00, 0xc3, 00, 0xe3,
  00, 0xc3, 00, 0xe3, 0x01, 0x03, 0x01, 0x02, 0x01, 0x03, 0x01, 0x03,
  0x01, 0x03, 0x01, 0x03, 00, 0xc3, 00, 0xe3, 0x01, 0x03, 0x01, 0x03,
  00, 0xc2, 00, 0xa2, 00, 0xc2, 0x08, 0xe3, 00, 0xc2, 00, 0xa2,
  00, 0xc2, 00, 0xa2, 00, 0x82, 0x08, 0xa2, 00, 0xc2, 00, 0xa2,
  00, 0x82, 00, 0xa2, 00, 0xc2, 00, 0xa2, 00, 0xc2, 00, 0xa2,
  00, 0x82, 00, 0xa2, 00, 0x82, 00, 0xa2, 00, 0xc2, 00, 0xa2,
  00, 0xc2, 00, 0xc2, 00, 0xc2, 00, 0xa2, 00, 0xc2, 00, 0xa2,
  00, 0xc2, 00, 0xa2, 00, 0xc2, 00, 0xa2, 00, 0xc2, 0x08, 0xe3,
  00, 0xc2, 00, 0xa2, 0x01, 0x03, 0x01, 0x02, 00, 0xc2, 00, 0xa2,
  0x01, 0x03, 0x01, 0x03, 0x01, 0x03, 0x01, 0x03, 00, 0xc3, 00, 0xe3,
  00, 0xc2, 00, 0xa2, 00, 0xc2, 00, 0xa2, 00, 0xc2, 00, 0xa2,
  00, 0x82, 00, 0x82, 00, 0x82, 00, 0x82, 00, 0x82, 00, 0xa2,
  00, 0xc2, 00, 0xa2, 00, 0xc2, 00, 0xa2, 00, 0x82, 00, 0x82,
  00, 0x82, 0x08, 0xa2, 00, 0x82, 00, 0x81, 00, 0x82, 00, 0x82,
  00, 0x81, 00, 0x61, 00, 0x82, 00, 0x81, 00, 0x82, 00, 0x81,
  00, 0x82, 00, 0x81, 00, 0x81, 00, 0x81, 00, 0x81, 00, 0x61,
  00, 0x42, 00, 0x62, 00, 0x82, 00, 0x81, 00, 0x82, 00, 0x81,
  00, 0x82, 00, 0x82, 00, 0x81, 00, 0x61, 00, 0x82, 00, 0x81,
  00, 0x81, 00, 0x61, 00, 0x81, 00, 0x61, 00, 0x41, 00, 0x41,
  00, 0x41, 0x08, 0x61, 00, 0x41, 00, 0x21, 00, 0x82, 0x08, 0x81,
  00, 0x41, 00, 0x61, 00, 0x81, 00, 0x61, 00, 0x41, 00, 0x41,
  00, 0x41, 00, 0x41, 00, 0x41, 00, 0x41, 00, 0x41, 00, 0x41,
  00, 0x41, 0x08, 0x21, 00, 0x41, 00, 0x40, 00, 0x41, 00, 0x40,
  00, 0x01, 00, 0x21, 00, 00, 00, 0x20, 00, 0x41, 00, 0x40,
  00, 00, 00, 0x20, 00, 0x01, 00, 0x21, 00, 00, 00, 00,
  00, 0x40, 00, 0x40, 0x08, 0x40, 00, 0x40, 00, 0x40, 00, 0x40,
  00, 0x40, 00, 0x40, 00, 0x40, 00, 0x40, 0x08, 0x40, 00, 0x40,
  00, 0x40, 00, 0x40, 0x08, 0x61, 00, 0x61, 0x08, 0x61, 00, 0x61,
  0x08, 0x61, 00, 0x41, 0x08, 0x81, 00, 0x41, 0x08, 0x61, 00, 0x61,
  0x08, 0x61, 00, 0x61, 0x08, 0x61, 00, 0x41, 0x08, 0x61, 00, 0x61,
  0x08, 0x61, 00, 0x41, 0x08, 0x61, 00, 0x41, 0x08, 0x81, 00, 0x41,
  0x08, 0x61, 00, 0x61, 0x08, 0x81, 00, 0x61, 0x08, 0x81, 00, 0x41,
  0x08, 0x81, 00, 0x41, 0x08, 0x81, 00, 0x81, 0x08, 0x61, 00, 0x61,
  0x08, 0x81, 00, 0x81, 0x08, 0xc1, 00, 0xa1, 0x08, 0x81, 00, 0x81,
  0x08, 0xc1, 00, 0xa1, 0x08, 0xc1, 00, 0xa1, 0x08, 0xa2, 00, 0xa2,
  0x08, 0xc1, 00, 0xc2, 0x09, 0x02, 00, 0xc2, 0x09, 0x02, 00, 0xc2,
  0x09, 0x03, 0x01, 0x03, 0x01, 0x02, 0x01, 0x02, 0x09, 0x02, 00, 0xc2,
  0x01, 0x02, 0x01, 0x03, 0x09, 0x02, 00, 0xc2, 0x08, 0xc1, 00, 0xa1,
  00, 0xc1, 00, 0xc2, 0x09, 0x02, 00, 0xe2, 0x09, 0x64, 0x01, 0x23,
  0x09, 0x43, 0x01, 0x23, 0x09, 0x43, 0x01, 0x03, 0x09, 0x02, 00, 0xe2,
  0x09, 0x02, 00, 0xc2, 0x09, 0x02, 00, 0xc2, 0x09, 0x02, 0x09, 0x64,
  0x09, 0x02, 00, 0xe2, 0x09, 0x02, 0x01, 0x02, 0x01, 0x02, 0x01, 0x02,
  0x09, 0x02, 00, 0xe2, 0x09, 0x02, 00, 0xc2, 0x09, 0x02, 00, 0xe2,
  0x09, 0x02, 00, 0xe2, 00, 0xc2, 00, 0xc3, 0x08, 0xa2, 00, 0x82,
  0x08, 0xc2, 00, 0x82, 0x08, 0xa2, 00, 0xa2, 0x08, 0xc2, 00, 0x82,
  0x08, 0xa2, 00, 0xa2, 0x08, 0xc2, 00, 0xa2, 0x08, 0xc1, 00, 0xa1,
  0x08, 0xc1, 00, 0xc2, 0x08, 0xc2, 00, 0x81, 0x09, 0x02, 00, 0xc2,
  0x09, 0x02, 00, 0xe2, 0x09, 0x02, 00, 0xc2, 0x08, 0xc1, 00, 0xc2,
  0x09, 0x02, 00, 0xc2, 0x09, 0x02, 00, 0xe2, 0x08, 0xc1, 00, 0xc2,
  0x09, 0x02, 00, 0xe2, 0x09, 0x44, 0x01, 0x23, 0x08, 0xe2, 00, 0xe2,
  0x10, 0xe3, 00, 0xa2, 0x08, 0xc1, 00, 0xc2, 0x08, 0xc2, 00, 0xc2,
  0x08, 0xc1, 00, 0xa1, 0x08, 0xc1, 00, 0xa1, 0x08, 0xa2, 00, 0xa2,
  0x08, 0xc2, 00, 0xa2, 0x09, 0x02, 00, 0xc2, 0x08, 0xc1, 00, 0xa1,
  0x08, 0x81, 00, 0x81, 0x08, 0xc1, 00, 0xa1, 00, 0x81, 00, 0x82,
  0x08, 0xa2, 00, 0x61, 0x08, 0x81, 00, 0x61, 0x08, 0x81, 00, 0x81,
  0x08, 0x81, 00, 0x61, 0x08, 0x81, 00, 0x81, 0x08, 0x81, 00, 0x61,
  0x08, 0x81, 00, 0x81, 0x08, 0xa2, 00, 0x61, 0x08, 0xc1, 00, 0xa1,
  0x08, 0x81, 00, 0x61, 0x08, 0x81, 0x08, 0xa2, 00, 0x81, 00, 0x82,
  0x08, 0x81, 00, 0x41, 0x08, 0x61, 00, 0x61, 0x08, 0x81, 00, 0x41,
  0x08, 0x61, 00, 0x61, 0x08, 0x61, 00, 0x41, 0x08, 0x81, 00, 0x41,
  0x08, 0x81, 00, 0x61, 0x08, 0x61, 00, 0x61, 0x08, 0x81, 00, 0x41,
  0x08, 0x81, 00, 0x41, 0x08, 0x61, 00, 0x61, 0x08, 0x80, 00, 0x40,
  0x08, 0x40, 00, 0x20, 0x08, 0x40, 00, 00, 0x08, 0x40, 00, 00,
  0x08, 0x40, 00, 00, 0x08, 0x40, 00, 00, 0x08, 0x40, 00, 0x20,
  0x08, 0x40, 00, 00, 0x08, 0x40, 00, 0x20, 0x08, 0x40, 00, 00,
  00, 0x41, 00, 0x41, 00, 0x41, 00, 0x41, 00, 0x41, 00, 0x21,
  00, 0x41, 00, 0x41, 00, 0x41, 00, 0x41, 00, 0x41, 00, 0x41,
  00, 0x41, 00, 0x41, 00, 0x41, 00, 0x41, 00, 0x41, 00, 0x41,
  00, 0x41, 0x08, 0x62, 00, 0x41, 00, 0x41, 00, 0x41, 00, 0x41,
  00, 0x41, 00, 0x41, 00, 0x41, 00, 0x41, 00, 0x41, 00, 0x41,
  00, 0x41, 00, 0x61, 00, 0x41, 00, 0x41, 00, 0x41, 00, 0x61,
  00, 0x41, 00, 0x61, 00, 0x82, 00, 0x81, 00, 0x81, 00, 0x61,
  00, 0x82, 00, 0x81, 00, 0x81, 00, 0x61, 00, 0x82, 00, 0x81,
  00, 0x82, 00, 0x81, 00, 0xc2, 00, 0xa2, 00, 0x82, 00, 0x81,
  00, 0x82, 00, 0x82, 00, 0x83, 00, 0x62, 00, 0x82, 00, 0xa2,
  00, 0xc2, 00, 0xa2, 00, 0xc3, 00, 0xe3, 0x01, 0x03, 0x01, 0x03,
  0x01, 0x04, 0x09, 0x44, 0x01, 0x04, 0x01, 0x24, 0x01, 0x03, 00, 0xc2,
  00, 0xc3, 00, 0xe3, 00, 0xc2, 00, 0xa2, 00, 0xc3, 00, 0x81,
  00, 0xc2, 00, 0xa2, 00, 0xe2, 00, 0xe2, 0x01, 0x04, 0x01, 0x24,
  0x01, 0x03, 0x01, 0x03, 0x01, 0x03, 0x01, 0x23, 00, 0xc3, 00, 0xe3,
  0x01, 0x03, 0x01, 0x23, 0x01, 0x03, 0x01, 0x03, 0x01, 0x03, 0x11, 0x44,
  00, 0xe2, 00, 0xe2, 0x01, 0x03, 0x01, 0x02, 0x01, 0x03, 00, 0xe3,
  0x01, 0x03, 0x01, 0x03, 0x01, 0x03, 0x01, 0x03, 0x01, 0x03, 0x01, 0x02,
  0x01, 0x03, 00, 0xc2, 00, 0xc2, 00, 0xa2, 00, 0xc2, 00, 0xa2,
  00, 0xc2, 0x08, 0xe3, 00, 0xc2, 00, 0xa2, 00, 0xc2, 00, 0xa2,
  00, 0xc2, 00, 0xa2, 00, 0xc2, 00, 0xa2, 00, 0xc2, 00, 0xa2,
  00, 0xc2, 00, 0xa2, 00, 0xc3, 00, 0xe3, 00, 0xc2, 0x08, 0xe3,
  00, 0xc2, 00, 0xa2, 00, 0xc2, 00, 0xa2, 00, 0xc2, 00, 0xa2,
  00, 0xc2, 00, 0xa2, 00, 0xc2, 00, 0xa2, 00, 0xc3, 00, 0xe3,
  0x01, 0x03, 0x09, 0x23, 0x01, 0x03, 0x01, 0x03, 00, 0xc2, 00, 0xc2,
  0x01, 0x03, 00, 0xa2, 00, 0xc2, 00, 0xa2, 00, 0xc2, 00, 0xa2,
  00, 0xc2, 00, 0xa2, 00, 0xc2, 0x08, 0xc2, 00, 0xc3, 00, 0x81,
  00, 0x82, 00, 0xa2, 00, 0xc3, 00, 0x81, 00, 0x81, 00, 0xa2,
  00, 0x82, 00, 0x81, 00, 0x82, 00, 0x81, 00, 0x81, 00, 0x61,
  00, 0x82, 00, 0x81, 00, 0x81, 00, 0x61, 00, 0x82, 00, 0x81,
  00, 0x81, 00, 0x61, 00, 0x82, 00, 0x81, 00, 0x81, 00, 0x81,
  00, 0x82, 00, 0x81, 00, 0x82, 00, 0x81, 00, 0x82, 00, 0x61,
  00, 0x42, 00, 0x62, 00, 0x82, 0x08, 0xa2, 00, 0x82, 00, 0x81,
  00, 0x81, 00, 0x61, 00, 0x42, 00, 0x62, 00, 0x82, 00, 0x82,
  00, 0x41, 00, 0x41, 00, 0x41, 00, 0x61, 00, 0x82, 0x08, 0x81,
  00, 0x41, 0x08, 0x61, 00, 0x82, 00, 0x40, 00, 0x41, 0x08, 0x62,
  00, 0x82, 00, 0x40, 00, 0x41, 00, 0x41, 00, 0x41, 00, 0x40,
  00, 0x41, 00, 0x41, 00, 0x01, 00, 0x21, 00, 0x41, 00, 0x40,
  00, 0x40, 00, 0x20, 00, 0x01, 00, 0x21, 00, 0x41, 00, 0x40,
  00, 00, 0x10, 0x61, 0x08, 0x41, 00, 00, 00, 00, 00, 00,
  0x08, 0x41, 00, 0x41, 00, 0x40, 00, 0x40, 0x08, 0x80, 00, 0x40,
  00, 0x40, 00, 0x40, 0x08, 0x61, 00, 0x41, 00, 0x40, 00, 0x40,
  0x08, 0x61, 00, 0x61, 0x08, 0x40, 00, 0x40, 0x08, 0x61, 00, 0x41,
  0x08, 0x61, 00, 0x41, 0x08, 0x81, 00, 0x61, 0x08, 0x61, 00, 0x61,
  0x08, 0x61, 00, 0x41, 0x08, 0x61, 00, 0x61, 0x08, 0x61, 00, 0x41,
  0x08, 0x61, 00, 0x61, 0x08, 0x61, 00, 0x41, 0x08, 0x61, 00, 0x61,
  0x08, 0x81, 00, 0x41, 0x08, 0x80, 00, 0x60, 0x08, 0x81, 00, 0x41,
  0x08, 0x61, 00, 0x61, 0x08, 0x81, 00, 0x41, 00, 0x81, 00, 0x82,
  0x08, 0xc1, 00, 0xa1, 0x08, 0x81, 00, 0x81, 0x08, 0xc1, 00, 0xa1,
  0x08, 0xc1, 00, 0xa1, 0x08, 0xc2, 00, 0x81, 0x08, 0xc1, 00, 0xa1,
  0x08, 0xc1, 00, 0xc2, 0x11, 0x03, 00, 0xc2, 0x09, 0x03, 0x01, 0x03,
  0x11, 0x84, 0x09, 0x84, 0x09, 0x43, 0x01, 0x03, 0x09, 0x02, 00, 0xc2,
  0x09, 0x02, 00, 0xc2, 0x08, 0xe3, 00, 0xa2, 0x08, 0xc1, 00, 0xa1,
  0x08, 0xc1, 00, 0xa1, 0x09, 0x02, 00, 0xe2, 0x01, 0x02, 0x01, 0x43,
  0x09, 0x43, 0x01, 0x23, 0x09, 0x23, 0x01, 0x23, 0x09, 0x43, 0x01, 0x23,
  0x09, 0x02, 00, 0xe2, 0x09, 0x02, 00, 0xc2, 0x09, 0x02, 00, 0xe2,
  0x09, 0x02, 0x01, 0x02, 0x09, 0x02, 0x01, 0x23, 0x19, 0x43, 00, 0xc2,
  0x01, 0x02, 0x01, 0x02, 0x09, 0x02, 00, 0xe2, 0x09, 0x02, 00, 0xc2,
  0x09, 0x02, 00, 0xc2, 0x08, 0xe3, 00, 0xa2, 0x08, 0xc2, 00, 0xc2,
  0x08, 0xc1, 0x08, 0xe2, 0x08, 0xc2, 00, 0xa2, 00, 0xc1, 00, 0xc2,
  0x08, 0xc2, 00, 0x82, 0x08, 0xa2, 00, 0xa2, 0x08, 0xc2, 00, 0xc2,
  00, 0xc1, 00, 0xc2, 0x09, 0x02, 00, 0xc2, 0x09, 0x02, 00, 0xc2,
  0x09, 0x02, 00, 0xc2, 0x09, 0x02, 00, 0xc2, 0x09, 0x02, 00, 0xc2,
  00, 0xc1, 00, 0xc2, 0x09, 0x02, 00, 0xc2, 0x09, 0x02, 00, 0xe2,
  0x09, 0x43, 0x01, 0x03, 0x09, 0x03, 00, 0xe3, 0x09, 0x43, 0x01, 0x44,
  0x09, 0x23, 00, 0xe2, 0x09, 0x02, 0x01, 0x02, 0x01, 0x02, 0x01, 0x03,
  0x11, 0x43, 00, 0xe2, 0x08, 0xc1, 00, 0xa1, 0x08, 0xc1, 00, 0xa1,
  0x08, 0xc1, 00, 0xa1, 0x08, 0xc1, 00, 0xa1, 0x08, 0xc1, 00, 0xa1,
  0x08, 0xc1, 00, 0xa1, 0x08, 0x81, 00, 0x81, 0x08, 0xc1, 00, 0xa1,
  0x08, 0xa1, 00, 0x61, 0x08, 0x81, 00, 0x41, 00, 0x81, 00, 0x81,
  0x08, 0xc1, 00, 0xa1, 0x08, 0x81, 00, 0x41, 0x08, 0xc1, 00, 0xa1,
  0x08, 0x81, 00, 0x61, 0x08, 0x81, 00, 0x41, 0x08, 0x81, 00, 0x61,
  0x08, 0x80, 00, 0xa1, 0x08, 0xc2, 00, 0x81, 0x08, 0x81, 00, 0x61,
  0x08, 0x81, 00, 0x61, 00, 0x81, 00, 0x82, 0x08, 0x81, 00, 0x61,
  0x08, 0x61, 00, 0x61, 0x08, 0x81, 00, 0x61, 0x08, 0x81, 00, 0x41,
  0x08, 0x81, 00, 0x81, 0x10, 0xc2, 00, 0x40, 00, 0x40, 00, 0x41,
  0x08, 0x61, 00, 0x41, 0x08, 0x40, 00, 0x20, 0x08, 0x40, 00, 00,
  0x08, 0x40, 00, 0x20, 0x08, 0x40, 00, 00, 0x08, 0x40, 00, 00,
  0x08, 0x40, 00, 0x20, 0x08, 0x40, 00, 0x20, 0x08, 0x40, 00, 00,
  0x08, 0x20, 00, 0x20, 0x10, 0x81, 00, 0x20, 0x08, 0x40, 00, 0x20,
  00, 0x41, 00, 0x41, 00, 0x41, 00, 0x41, 00, 0x41, 00, 0x41,
  00, 0x41, 00, 0x41, 00, 0x41, 00, 0x41, 00, 0x41, 00, 0x41,
  00, 0x41, 00, 0x41, 00, 0x41, 00, 0x41, 00, 0x41, 0x08, 0x81,
  00, 0x81, 0x08, 0x61, 00, 0x41, 00, 0x61, 00, 0x41, 00, 0x41,
  00, 0x41, 00, 0x41, 00, 0x41, 00, 0x41, 00, 0x41, 00, 0x61,
  00, 0x41, 00, 0x61, 00, 0x41, 00, 0x61, 00, 0x41, 00, 0x41,
  00, 0x81, 00, 0x61, 00, 0x41, 0x19, 0x03, 00, 0x81, 00, 0x61,
  00, 0x41, 0x08, 0x61, 00, 0x82, 00, 0x61, 00, 0x81, 00, 0x61,
  00, 0x82, 00, 0x82, 00, 0x81, 00, 0xa2, 00, 0x81, 00, 0xa2,
  00, 0x82, 00, 0xa2, 00, 0xc3, 0x08, 0xa2, 00, 0x82, 00, 0x82,
  00, 0xc2, 00, 0xa2, 00, 0xc3, 0x08, 0xe2, 0x01, 0x03, 0x01, 0x03,
  0x01, 0x03, 00, 0xe3, 0x01, 0x03, 0x01, 0x23, 0x01, 0x03, 0x01, 0x03,
  0x01, 0x03, 0x09, 0x03, 0x01, 0x03, 00, 0xa2, 00, 0xc2, 00, 0xa2,
  00, 0x82, 00, 0xa2, 00, 0xc3, 00, 0xe3, 00, 0xa2, 0x08, 0xe3,
  0x01, 0x44, 0x01, 0x03, 0x01, 0x03, 0x01, 0x23, 0x01, 0x44, 0x01, 0x02,
  0x01, 0x03, 0x01, 0x03, 00, 0xc2, 0x08, 0xe3, 00, 0xc3, 00, 0xe3,
  0x01, 0x03, 0x01, 0x02, 00, 0xc3, 00, 0xe3, 0x01, 0x03, 0x01, 0x02,
  0x01, 0x04, 00, 0xe3, 00, 0xc2, 00, 0xa2, 00, 0xc2, 00, 0xa2,
  00, 0xc3, 00, 0xe3, 00, 0xc2, 00, 0xa2, 00, 0xc2, 00, 0xa2,
  00, 0xc2, 00, 0xa2, 00, 0xc2, 00, 0xa2, 00, 0x82, 00, 0xa2,
  00, 0xc2, 00, 0xa2, 00, 0x82, 00, 0xa2, 00, 0xc2, 00, 0xa2,
  00, 0xc2, 00, 0xa2, 00, 0xc2, 00, 0xa2, 00, 0xc3, 00, 0xc2,
  00, 0xe3, 0x09, 0x03, 00, 0xc3, 00, 0xe3, 00, 0xc2, 00, 0xa2,
  00, 0xc2, 00, 0xa2, 0x01, 0x03, 0x01, 0x03, 00, 0xc3, 00, 0xe3,
  0x01, 0x03, 0x09, 0x03, 00, 0xe3, 0x08, 0xe3, 0x01, 0x44, 0x01, 0x43,
  0x01, 0x03, 0x01, 0x03, 0x01, 0x03, 0x01, 0x03, 0x01, 0x03, 0x01, 0x03,
  0x09, 0x44, 00, 0xc2, 00, 0x82, 00, 0x82, 00, 0x82, 00, 0xa2,
  00, 0x82, 00, 0xa2, 00, 0x82, 00, 0x81, 00, 0x81, 0x08, 0xc2,
  00, 0x82, 00, 0x81, 00, 0x82, 00, 0x81, 00, 0x82, 00, 0x82,
  00, 0x82, 00, 0xa2, 00, 0x81, 00, 0x61, 00, 0x41, 00, 0x61,
  00, 0xc2, 00, 0xa2, 00, 0x81, 00, 0x61, 00, 0x82, 00, 0x81,
  00, 0x82, 00, 0x81, 00, 0x81, 00, 0xa2, 00, 0x82, 00, 0x82,
  00, 0x81, 0x10, 0xc2, 00, 0x82, 00, 0x61, 00, 0x82, 00, 0x62,
  00, 0x41, 0x08, 0x61, 00, 0x81, 00, 0x61, 00, 0x41, 00, 0x61,
  00, 0x81, 00, 0x81, 00, 0x41, 00, 0x61, 00, 0x81, 00, 0x61,
  00, 0x41, 00, 0x41, 00, 0x41, 00, 0x41, 00, 0x41, 0x08, 0x61,
  00, 0x41, 00, 0x41, 00, 0x41, 00, 0x41, 00, 0x41, 00, 0x41,
  00, 0x01, 00, 0x21, 00, 0x41, 00, 0x41, 00, 00, 00, 0x20,
  00, 0x41, 0x08, 0x40, 00, 00, 00, 0x20, 00, 0x01, 00, 0x21,
  00, 00, 00, 0x20, 00, 0x01, 00, 0x21, 00, 00, 00, 00,
  00, 0x40, 00, 0x40, 00, 0x40, 00, 0x40, 0x08, 0x40, 00, 0x40,
  0x08, 0x41, 00, 0x41, 0x08, 0x80, 00, 0x40, 0x08, 0x80, 00, 0x40,
  00, 0x40, 00, 0x41, 0x08, 0x61, 00, 0x61, 0x08, 0x61, 00, 0x61,
  0x08, 0x81, 00, 0x41, 0x08, 0x61, 00, 0x61, 0x08, 0x61, 00, 0x61,
  0x08, 0x61, 00, 0x61, 0x08, 0x61, 00, 0x61, 0x08, 0x61, 00, 0x61,
  0x08, 0x61, 00, 0x61, 0x08, 0x81, 00, 0x61, 0x08, 0x61, 00, 0x61,
  0x08, 0x61, 00, 0x41, 0x08, 0x81, 00, 0x82, 0x08, 0x81, 00, 0x61,
  0x08, 0x81, 00, 0x61, 0x08, 0x81, 00, 0x61, 00, 0x81, 00, 0x82,
  00, 0x81, 00, 0x82, 0x08, 0xc1, 00, 0xa1, 0x08, 0xc1, 00, 0xa1,
  0x08, 0xc1, 00, 0xa1, 0x08, 0xc1, 00, 0xa1, 0x08, 0xc2, 00, 0xa2,
  0x08, 0xc1, 00, 0xa1, 00, 0xc2, 00, 0xc3, 0x09, 0x02, 00, 0xe2,
  0x09, 0x02, 00, 0xc2, 0x09, 0x03, 0x01, 0x03, 0x09, 0x03, 0x01, 0x03,
  0x09, 0x02, 0x01, 0x02, 0x09, 0x23, 00, 0xe2, 00, 0xc1, 00, 0xc2,
  00, 0xc1, 00, 0xc2, 0x09, 0x02, 00, 0xe2, 00, 0xc2, 0x01, 0x03,
  0x09, 0x23, 00, 0xe2, 0x09, 0x03, 0x01, 0x03, 0x09, 0x23, 0x01, 0x23,
  0x09, 0x02, 0x01, 0x03, 0x09, 0x02, 00, 0xc2, 0x09, 0x02, 00, 0xc2,
  0x09, 0x02, 00, 0xc2, 0x09, 0x02, 00, 0xe2, 0x09, 0x02, 00, 0xc2,
  0x09, 0x02, 00, 0xc2, 0x08, 0xe3, 00, 0xa2, 0x09, 0x02, 00, 0xe2,
  0x09, 0x02, 00, 0xc2, 0x09, 0x02, 00, 0xc2, 00, 0xc2, 00, 0xc3,
  0x08, 0xc2, 00, 0xc2, 0x08, 0xc1, 00, 0xc2, 0x08, 0xc2, 00, 0xc2,
  0x08, 0xc2, 00, 0x82, 00, 0xc1, 00, 0xc2, 0x08, 0xe3, 00, 0xa2,
  00, 0xc2, 00, 0xc3, 0x09, 0x02, 00, 0xc2, 0x09, 0x02, 00, 0xe2,
  0x08, 0xe2, 00, 0xc2, 0x09, 0x02, 00, 0xc2, 0x09, 0x02, 00, 0xe2,
  0x09, 0x02, 00, 0xe2, 0x09, 0x02, 00, 0xe2, 0x09, 0x02, 00, 0xe2,
  0x09, 0x44, 0x01, 0x23, 0x01, 0x02, 0x01, 0x03, 0x09, 0x03, 0x01, 0x03,
  0x09, 0x03, 00, 0xe3, 0x09, 0x02, 00, 0xc2, 0x08, 0xc2, 00, 0xc2,
  0x09, 0x02, 00, 0xc2, 0x08, 0xc1, 00, 0xa1, 0x08, 0xc1, 00, 0xa1,
  0x08, 0xc2, 00, 0x82, 00, 0x81, 00, 0x82, 0x08, 0xc1, 00, 0xa1,
  0x08, 0xc1, 00, 0xa1, 00, 0x81, 00, 0x82, 0x08, 0xc1, 00, 0xa1,
  0x08, 0xc1, 00, 0xa1, 0x08, 0xc1, 00, 0xa1, 0x08, 0x81, 00, 0x41,
  0x08, 0xc1, 00, 0xa1, 0x08, 0xc1, 00, 0xa1, 00, 0x81, 00, 0x82,
  0x08, 0x81, 00, 0x81, 0x08, 0xc1, 00, 0xa1, 0x08, 0xa1, 00, 0x61,
  0x08, 0x81, 00, 0x81, 0x08, 0x81, 00, 0x61, 0x18, 0xc2, 00, 0x61,
  00, 0x81, 00, 0x82, 0x08, 0x81, 00, 0x82, 0x08, 0x81, 00, 0x41,
  0x08, 0x81, 00, 0x41, 0x08, 0x61, 00, 0x41, 0x08, 0x61, 00, 0x61,
  0x08, 0x61, 00, 0x41, 0x08, 0x61, 00, 0x41, 0x08, 0x61, 00, 0x61,
  00, 0x40, 00, 0x41, 0x08, 0x41, 00, 0x41, 00, 0x40, 00, 0x40,
  0x08, 0x40, 00, 0x40, 0x08, 0x40, 00, 00, 0x08, 0x40, 00, 0x20,
  0x08, 0x40, 00, 00, 0x08, 0x40, 00, 00, 0x08, 0x40, 00, 0x20,
  0x08, 0x40, 00, 00, 0x08, 0x40, 00, 00, 0x08, 0x40, 00, 00,
  00, 0x41, 00, 0x41, 00, 0x41, 00, 0x41, 00, 0x41, 00, 0x40,
  00, 0x41, 00, 0x41, 00, 0x41, 00, 0x41, 00, 0x41, 00, 0x41,
  00, 0x41, 00, 0x41, 00, 0x41, 0x08, 0x61, 00, 0x41, 00, 0x41,
  00, 0x41, 00, 0x61, 00, 0x42, 00, 0x62, 00, 0x41, 00, 0x61,
  00, 0x41, 00, 0x41, 00, 0x41, 00, 0x61, 00, 0x82, 00, 0x81,
  00, 0x41, 00, 0x41, 00, 0x42, 00, 0x62, 00, 0x81, 00, 0x61,
  00, 0x41, 00, 0x61, 00, 0x81, 00, 0x61, 00, 0x82, 00, 0x82,
  00, 0x82, 00, 0x81, 00, 0x81, 00, 0x61, 00, 0x81, 00, 0x61,
  00, 0x82, 00, 0x81, 00, 0x81, 00, 0xa2, 00, 0x82, 00, 0x82,
  00, 0x81, 00, 0xa2, 00, 0x82, 00, 0x82, 00, 0x82, 0x08, 0xa2,
  00, 0x82, 00, 0xa2, 00, 0xc2, 00, 0xa2, 00, 0xc2, 00, 0xa2,
  0x01, 0x03, 0x01, 0x03, 00, 0xe3, 0x09, 0x23, 0x01, 0x03, 0x01, 0x23,
  0x01, 0x44, 0x01, 0x24, 0x01, 0x44, 0x01, 0x02, 00, 0xe2, 00, 0xe2,
  00, 0xc2, 00, 0xa2, 00, 0xc2, 00, 0xc2, 00, 0xc2, 0x08, 0xe3,
  0x09, 0x85, 0x01, 0x23, 0x01, 0x03, 0x01, 0x03, 0x01, 0x44, 0x01, 0x02,
  0x11, 0x22, 0x52, 0xe9, 00, 0xc2, 0x08, 0xe2, 0x01, 0x03, 0x01, 0x03,
  00, 0xc2, 00, 0xa2, 0x01, 0x03, 00, 0xc2, 00, 0xc2, 00, 0xa2,
  00, 0xc3, 00, 0xe3, 0x01, 0x03, 00, 0xc2, 00, 0xc3, 00, 0xc2,
  0x01, 0x03, 0x01, 0x03, 00, 0xc3, 00, 0xc3, 00, 0xc2, 0x08, 0xe2,
  00, 0xc3, 00, 0xc2, 00, 0xc2, 00, 0xa2, 00, 0xc2, 00, 0xa2,
  00, 0xc2, 00, 0xa2, 00, 0xc2, 00, 0xa2, 00, 0xc2, 00, 0xa2,
  00, 0xc2, 00, 0xa2, 00, 0xc3, 00, 0xe3, 0x01, 0x03, 0x01, 0x03,
  0x08, 0xa1, 0x5a, 0xe9, 0x3a, 0x87, 0x08, 0xc1, 0x01, 0x03, 00, 0xc2,
  00, 0xc3, 00, 0xe3, 00, 0xc2, 00, 0xa2, 0x01, 0x03, 0x01, 0x03,
  0x01, 0x44, 0x01, 0x03, 0x01, 0x03, 0x01, 0x03, 0x01, 0x03, 0x01, 0x03,
  0x01, 0x03, 0x01, 0x03, 00, 0xc2, 00, 0xa2, 00, 0xc2, 00, 0xa2,
  00, 0xc2, 00, 0xa2, 00, 0xc2, 00, 0xa2, 00, 0x81, 00, 0xa2,
  00, 0xc2, 00, 0xa2, 00, 0xc2, 00, 0xc2, 0x08, 0xa1, 0x39, 0xe5,
  0x08, 0xc3, 0x08, 0x61, 00, 0x82, 00, 0x81, 00, 0x82, 00, 0x81,
  00, 0x82, 00, 0x81, 00, 0x82, 00, 0x82, 00, 0x82, 00, 0x81,
  00, 0x82, 00, 0xa2, 00, 0x82, 00, 0x82, 00, 0x82, 00, 0x81,
  00, 0x82, 0x08, 0x81, 00, 0x82, 0x08, 0x82, 00, 0x82, 00, 0x81,
  00, 0x82, 00, 0x81, 00, 0x41, 00, 0x61, 00, 0x41, 00, 0x61,
  00, 0x82, 00, 0x81, 00, 0x82, 00, 0x81, 00, 0x81, 00, 0x61,
  00, 0x41, 00, 0x61, 00, 0x41, 00, 0x61, 00, 0x41, 00, 0x41,
  00, 0x41, 0x08, 0x61, 00, 0x41, 00, 0x41, 00, 0x41, 00, 0x40,
  00, 0x41, 00, 0x41, 00, 0x41, 00, 0x41, 00, 0x41, 00, 0x41,
  00, 0x41, 00, 0x41, 00, 0x41, 00, 0x40, 00, 0x41, 00, 0x21,
  00, 0x01, 00, 0x21, 00, 0x41, 00, 0x41, 00, 0x01, 00, 0x21,
  00, 0x01, 00, 0x21, 00, 00, 00, 00, 00, 00, 00, 00,
  0x08, 0x40, 00, 0x40, 0x08, 0x40, 00, 0x20, 0x08, 0x40, 00, 0x40,
  00, 0x40, 00, 0x40, 0x08, 0x61, 00, 0x41, 00, 0x40, 00, 0x41,
  0x08, 0x61, 00, 0x41, 0x08, 0x80, 00, 0x60, 0x08, 0x81, 00, 0x41,
  0x08, 0x61, 00, 0x61, 0x08, 0x81, 00, 0x41, 0x08, 0x61, 00, 0x61,
  0x08, 0x81, 00, 0x41, 0x08, 0x61, 00, 0x61, 0x08, 0x81, 00, 0x81,
  0x08, 0x81, 00, 0x61, 0x08, 0x81, 00, 0x41, 0x08, 0x81, 00, 0x81,
  0x08, 0x81, 00, 0x81, 0x08, 0x81, 00, 0x61, 0x08, 0x81, 00, 0x81,
  0x08, 0x81, 00, 0x41, 0x08, 0x81, 00, 0x41, 0x08, 0x81, 00, 0x61,
  0x08, 0x81, 00, 0x81, 0x08, 0x81, 00, 0x81, 0x10, 0xe3, 00, 0xa2,
  0x10, 0xc2, 00, 0x81, 0x08, 0xc1, 00, 0xa1, 00, 0x81, 00, 0x82,
  0x08, 0xc1, 00, 0xa1, 0x08, 0xc1, 00, 0xc2, 0x09, 0x02, 00, 0xc2,
  0x09, 0x02, 00, 0xc2, 0x09, 0x43, 0x01, 0x44, 0x09, 0x44, 0x01, 0x23,
  0x09, 0x44, 0x01, 0x23, 0x09, 0x23, 0x01, 0x23, 0x09, 0x02, 00, 0xc2,
  0x08, 0xc2, 00, 0x82, 0x08, 0xc1, 00, 0xc2, 0x09, 0x02, 00, 0xe2,
  0x09, 0x03, 0x01, 0x03, 0x01, 0x02, 0x01, 0x02, 0x09, 0x43, 0x01, 0x03,
  0x09, 0x23, 0x01, 0x23, 0x09, 0x02, 00, 0xc2, 0x09, 0x02, 00, 0xe2,
  0x09, 0x02, 00, 0xc2, 0x09, 0x02, 00, 0xc2, 0x09, 0x02, 00, 0xc2,
  00, 0xc1, 00, 0xc2, 0x09, 0x02, 00, 0xc2, 0x09, 0x02, 00, 0xc2,
  0x09, 0x02, 00, 0xc2, 0x09, 0x02, 00, 0xe2, 0x09, 0x02, 00, 0xc2,
  00, 0xc2, 00, 0xc3, 0x09, 0x02, 00, 0xc2, 00, 0xc1, 00, 0xc2,
  0x09, 0x02, 00, 0xc2, 00, 0xc2, 00, 0xc3, 0x09, 0x02, 00, 0xc2,
  0x08, 0xa2, 00, 0xa2, 0x09, 0x02, 00, 0xe2, 0x09, 0x02, 00, 0xe2,
  0x08, 0xe2, 0x11, 0x64, 0x19, 0x43, 00, 0xc2, 0x09, 0x02, 00, 0xc2,
  0x09, 0x02, 00, 0xe2, 0x09, 0x02, 00, 0xc2, 0x01, 0x02, 0x01, 0x03,
  0x09, 0x63, 0x01, 0x22, 0x09, 0x02, 00, 0xe2, 0x09, 0x02, 00, 0xc2,
  0x09, 0x02, 00, 0xc2, 0x09, 0x02, 00, 0xc2, 00, 0xc1, 00, 0xc2,
  0x08, 0xe2, 00, 0x81, 0x08, 0xa2, 00, 0x82, 0x08, 0xc1, 00, 0xc2,
  0x08, 0xa2, 00, 0xa2, 0x09, 0x02, 00, 0xc2, 0x28, 0xe0, 0x7b, 0x8b,
  0x29, 0x63, 0x08, 0x80, 0x08, 0xc1, 00, 0xa1, 0x08, 0xc1, 00, 0xa1,
  0x08, 0x81, 00, 0x81, 0x08, 0xc2, 00, 0xa2, 0x08, 0xc1, 00, 0xa1,
  0x08, 0xc1, 00, 0xc2, 0x08, 0xc1, 00, 0xa1, 0x08, 0xc1, 00, 0xa1,
  0x08, 0xc2, 00, 0x81, 0x08, 0xc1, 00, 0xa1, 0x08, 0x81, 00, 0x61,
  0x08, 0x81, 00, 0x41, 0x08, 0x61, 00, 0x61, 0x08, 0x81, 00, 0x41,
  0x08, 0x61, 00, 0x41, 0x08, 0xc1, 00, 0xa1, 0x08, 0x81, 00, 0x61,
  0x08, 0x81, 00, 0x41, 0x08, 0x61, 00, 0x61, 0x08, 0x81, 00, 0x41,
  0x08, 0x61, 00, 0x41, 0x08, 0x80, 00, 0x40, 0x08, 0x40, 00, 0x20,
  0x08, 0x40, 00, 0x40, 00, 0x40, 00, 0x40, 0x10, 0x61, 00, 0x20,
  0x08, 0x40, 00, 0x20, 0x08, 0x40, 00, 00, 0x08, 0x40, 00, 0x20,
  0x08, 0x40, 00, 00, 0x08, 0x40, 00, 00, 0x08, 0x40, 00, 00,
  0x08, 0x40, 00, 0x20, 0x08, 0x40, 00, 00, 0x08, 0x40, 00, 0x20,
  00, 0x41, 00, 0x41, 00, 0x41, 00, 0x40, 00, 0x41, 00, 0x41,
  00, 0x41, 00, 0x41, 00, 0x41, 00, 0x41, 00, 0x41, 00, 0x41,
  00, 0x41, 00, 0x61, 00, 0x41, 00, 0x41, 00, 0x41, 00, 0x41,
  00, 0x41, 00, 0x41, 00, 0x41, 00, 0x61, 00, 0x41, 0x08, 0x61,
  00, 0x82, 00, 0x81, 00, 0x41, 00, 0x61, 00, 0x82, 00, 0x81,
  00, 0x81, 00, 0x61, 00, 0x82, 00, 0x82, 00, 0x41, 0x08, 0xa2,
  00, 0x82, 00, 0x61, 00, 0x41, 00, 0x61, 00, 0x82, 00, 0x81,
  00, 0x42, 00, 0x62, 00, 0x82, 00, 0x81, 00, 0x81, 00, 0x61,
  00, 0x82, 00, 0x81, 00, 0x81, 00, 0x61, 00, 0x82, 00, 0x81,
  00, 0x82, 00, 0x81, 00, 0x82, 00, 0x82, 00, 0x82, 00, 0x81,
  00, 0x82, 00, 0x82, 00, 0xc2, 00, 0xc2, 00, 0xc2, 0x08, 0xe2,
  00, 0xc3, 00, 0xc2, 0x01, 0x23, 0x01, 0x23, 0x01, 0x04, 0x09, 0x44,
  0x09, 0x64, 0x09, 0x64, 0x01, 0x03, 0x01, 0x03, 0x01, 0x03, 0x01, 0x03,
  00, 0xc2, 0x11, 0x03, 00, 0xc2, 00, 0xa2, 00, 0xc3, 00, 0xe3,
  00, 0xc3, 00, 0xe3, 0x01, 0x03, 00, 0xc2, 0x01, 0x04, 0x09, 0x44,
  0x01, 0x03, 0x01, 0x03, 0x01, 0x03, 0x01, 0x03, 00, 0xc3, 00, 0xc2,
  00, 0xc3, 00, 0xe3, 00, 0xc2, 00, 0xa2, 00, 0xc3, 00, 0xe3,
  00, 0xc2, 00, 0xa2, 00, 0xc2, 00, 0xa2, 00, 0xc3, 00, 0xe3,
  00, 0xc3, 00, 0xe3, 00, 0xc2, 00, 0xa2, 00, 0xc3, 00, 0xc2,
  00, 0xc2, 00, 0xa2, 00, 0xc2, 00, 0xa2, 00, 0xc2, 00, 0xa2,
  00, 0xc2, 00, 0xa2, 00, 0xc2, 00, 0xa2, 00, 0xc2, 00, 0xa2,
  00, 0xc2, 00, 0xa2, 00, 0xe3, 00, 0xe3, 00, 0xc3, 00, 0xe3,
  0x01, 0x03, 0x01, 0x02, 0x01, 0x03, 0x01, 0x02, 0x01, 0x03, 0x01, 0x03,
  00, 0xc2, 0x08, 0xe3, 0x01, 0x03, 00, 0xe3, 0x01, 0x03, 0x01, 0x03,
  0x01, 0x03, 0x01, 0x03, 00, 0xc3, 00, 0xe3, 00, 0xc3, 00, 0xe3,
  00, 0xc2, 00, 0xa2, 00, 0xc2, 00, 0xa2, 00, 0xc2, 00, 0xa2,
  00, 0xc2, 00, 0xa2, 00, 0xc3, 00, 0x81, 00, 0xc2, 00, 0xa2,
  00, 0xc2, 00, 0xa2, 00, 0xc2, 00, 0xa2, 00, 0x81, 0x08, 0x81,
  00, 0xa2, 00, 0xa2, 00, 0x82, 00, 0x81, 00, 0x82, 00, 0xa2,
  00, 0x81, 00, 0x61, 00, 0x81, 00, 0xa2, 00, 0xc2, 00, 0xa2,
  00, 0xc2, 00, 0xa2, 00, 0xc3, 00, 0x81, 00, 0x82, 00, 0x82,
  00, 0x82, 00, 0x81, 00, 0x82, 00, 0x82, 00, 0x81, 00, 0x61,
  00, 0x82, 00, 0x81, 00, 0x41, 00, 0x61, 00, 0x82, 00, 0x81,
  00, 0x41, 0x08, 0x61, 00, 0x81, 00, 0x61, 00, 0x81, 00, 0x61,
  00, 0x81, 00, 0x61, 00, 0x41, 00, 0x61, 00, 0x41, 00, 0x61,
  00, 0x41, 00, 0x41, 00, 0x41, 00, 0x41, 00, 0x41, 00, 0x41,
  00, 0x41, 00, 0x41, 00, 0x41, 00, 0x41, 00, 0x41, 00, 0x41,
  00, 0x01, 00, 0x21, 00, 0x41, 00, 0x40, 00, 0x41, 00, 0x40,
  00, 0x40, 00, 0x20, 00, 0x41, 00, 0x40, 00, 0x41, 00, 0x41,
  00, 00, 00, 00, 00, 0x01, 00, 0x21, 00, 00, 00, 00,
  0x08, 0x40, 00, 0x20, 0x08, 0x40, 00, 00, 0x08, 0x40, 00, 0x20,
  00, 0x40, 00, 0x41, 0x08, 0x41, 00, 0x41, 00, 0x40, 00, 0x41,
  0x08, 0x80, 00, 0x60, 00, 0x40, 00, 0x41, 00, 0x40, 00, 0x40,
  0x08, 0x61, 00, 0x41, 0x08, 0x61, 00, 0x61, 00, 0x81, 00, 0x82,
  0x08, 0x81, 00, 0x41, 0x08, 0x81, 00, 0x81, 0x08, 0x81, 00, 0x81,
  0x08, 0x81, 00, 0x61, 0x08, 0x81, 00, 0x81, 0x08, 0x81, 00, 0x81,
  0x08, 0x81, 00, 0x81, 0x08, 0x81, 00, 0x41, 0x08, 0x81, 00, 0x61,
  00, 0x81, 00, 0x82, 0x08, 0x81, 00, 0x81, 0x08, 0xa2, 00, 0xa2,
  0x08, 0xc1, 00, 0xa1, 0x08, 0x81, 00, 0x81, 00, 0x81, 00, 0x82,
  0x08, 0xc1, 00, 0xa1, 0x08, 0xc1, 00, 0xa1, 0x08, 0xc1, 00, 0xa1,
  0x08, 0xc1, 00, 0xa1, 0x08, 0xa2, 00, 0xa2, 00, 0xc1, 0x01, 0x02,
  0x09, 0x02, 00, 0xc2, 0x09, 0x03, 0x01, 0x03, 0x09, 0x44, 0x01, 0x23,
  0x09, 0x84, 0x01, 0x84, 0x09, 0x43, 0x01, 0x23, 0x09, 0x43, 0x01, 0x23,
  0x09, 0x23, 00, 0xe2, 0x08, 0xc2, 00, 0xc2, 0x09, 0x02, 00, 0xc2,
  0x09, 0x02, 00, 0xe2, 0x01, 0x02, 0x01, 0x02, 0x09, 0x03, 0x01, 0x03,
  0x01, 0x02, 0x01, 0x03, 0x09, 0x02, 00, 0xe2, 0x01, 0x02, 0x01, 0x03,
  0x09, 0x02, 0x01, 0x02, 0x09, 0x02, 00, 0xc2, 0x09, 0x02, 00, 0xc2,
  0x09, 0x02, 00, 0xe2, 0x09, 0x02, 00, 0xc2, 0x09, 0x02, 00, 0xe2,
  0x08, 0xc2, 00, 0xc2, 0x09, 0x03, 00, 0xe3, 0x09, 0x02, 00, 0xc2,
  0x09, 0x02, 00, 0xe2, 00, 0xc2, 00, 0xc3, 0x08, 0xc2, 00, 0xc2,
  00, 0xc2, 00, 0xc3, 0x08, 0xc2, 00, 0xc2, 0x09, 0x02, 00, 0xe2,
  0x09, 0x02, 00, 0xe2, 0x09, 0x02, 00, 0xc2, 0x09, 0x42, 0x01, 0x02,
  0x01, 0x02, 0x01, 0x02, 0x09, 0x02, 00, 0xc2, 0x09, 0x23, 00, 0xe2,
  0x01, 0x02, 0x01, 0x02, 0x09, 0x02, 00, 0xc2, 0x09, 0x02, 00, 0xe2,
  0x09, 0x02, 00, 0xc2, 0x09, 0x02, 00, 0xc2, 0x09, 0x02, 00, 0xe2,
  0x09, 0x02, 00, 0xc2, 0x09, 0x02, 00, 0xc2, 0x09, 0x02, 00, 0xc2,
  0x08, 0xc2, 00, 0x82, 00, 0xc1, 00, 0xc2, 0x08, 0xa2, 00, 0xa2,
  0x08, 0xc2, 00, 0xa2, 0x08, 0xc1, 00, 0xa1, 0x08, 0xc1, 00, 0xc2,
  0x08, 0xc1, 00, 0xa1, 0x08, 0xc1, 00, 0xa1, 0x08, 0xc1, 00, 0xa1,
  0x08, 0xc2, 00, 0xa2, 0x08, 0xc1, 00, 0xa1, 0x08, 0xe2, 00, 0x81,
  0x19, 0x02, 0x08, 0xc2, 00, 0xc1, 00, 0xc2, 0x08, 0xc1, 00, 0xa1,
  0x08, 0xc1, 00, 0xa1, 00, 0x81, 00, 0x82, 0x08, 0x81, 00, 0x61,
  0x08, 0x81, 00, 0x61, 0x08, 0x81, 00, 0x41, 0x08, 0x81, 00, 0x61,
  0x08, 0x81, 00, 0x61, 0x08, 0x81, 00, 0x61, 0x08, 0x81, 00, 0x41,
  0x08, 0x61, 00, 0x41, 0x08, 0x80, 00, 0x60, 0x08, 0x61, 00, 0x41,
  0x08, 0x81, 00, 0x41, 00, 0x40, 00, 0x40, 0x08, 0x40, 00, 0x40,
  0x08, 0x40, 00, 0x20, 00, 0x40, 00, 0x40, 0x08, 0x40, 00, 0x20,
  0x08, 0x40, 00, 00, 0x08, 0x40, 00, 00, 0x08, 0x40, 00, 00,
  0x08, 0x40, 00, 0x20, 0x08, 0x40, 00, 00, 0x08, 0x40, 00, 0x20,
  0x08, 0x40, 00, 00, 0x08, 0x40, 00, 0x20, 0x08, 0x40, 00, 00,
  00, 0x41, 00, 0x40, 00, 0x41, 00, 0x41, 00, 0x41, 00, 0x40,
  00, 0x41, 00, 0x40, 00, 0x41, 00, 0x41, 00, 0x41, 00, 0x40,
  00, 0x41, 00, 0x41, 00, 0x41, 00, 0x41, 00, 0x41, 00, 0x41,
  00, 0x41, 0x08, 0x61, 00, 0x41, 00, 0x41, 00, 0x81, 00, 0x61,
  00, 0x81, 00, 0x61, 00, 0x82, 00, 0x81, 00, 0x41, 00, 0x61,
  00, 0x82, 00, 0x82, 00, 0x82, 00, 0x81, 00, 0x81, 00, 0x61,
  00, 0x82, 00, 0x81, 00, 0x81, 00, 0x61, 00, 0x81, 00, 0x61,
  00, 0x82, 0x08, 0x81, 00, 0x82, 00, 0x81, 00, 0x81, 0x08, 0xc2,
  00, 0x82, 00, 0x62, 00, 0x82, 00, 0x81, 00, 0x41, 00, 0x61,
  00, 0x82, 00, 0x82, 00, 0x82, 00, 0x82, 00, 0x82, 00, 0xa2,
  00, 0xc2, 00, 0xa2, 00, 0xc2, 00, 0xa2, 00, 0xc2, 00, 0xa2,
  00, 0xc3, 00, 0xc2, 00, 0xc2, 0x08, 0xe3, 0x01, 0x03, 0x01, 0x03,
  0x01, 0x44, 0x01, 0x03, 00, 0xc3, 00, 0xe3, 0x01, 0x03, 0x01, 0x03,
  0x01, 0x04, 0x08, 0xe3, 00, 0xc2, 0x08, 0xe3, 0x01, 0x03, 0x01, 0x03,
  0x01, 0x03, 0x01, 0x02, 0x01, 0x43, 0x01, 0x43, 0x01, 0x03, 0x01, 0x03,
  0x01, 0x03, 0x01, 0x02, 00, 0xc3, 00, 0xe3, 00, 0xc2, 00, 0xc2,
  00, 0xc2, 0x08, 0xe2, 00, 0xc2, 00, 0xa2, 00, 0xc2, 00, 0xa2,
  00, 0xc3, 00, 0xe3, 00, 0xc2, 0x08, 0xe3, 00, 0xc2, 0x08, 0xe3,
  0x08, 0xc3, 0x08, 0xa2, 00, 0xc3, 00, 0xa2, 00, 0xc2, 00, 0xa2,
  00, 0xc2, 00, 0xa2, 00, 0xc2, 00, 0xa2, 00, 0xc2, 00, 0xa2,
  00, 0xc3, 00, 0xc2, 00, 0xc3, 00, 0xe3, 00, 0xc2, 00, 0xa2,
  0x01, 0x03, 00, 0xe3, 0x01, 0x03, 0x01, 0x02, 0x01, 0x03, 0x01, 0x03,
  0x01, 0x03, 0x01, 0x02, 0x01, 0x03, 0x01, 0x03, 0x01, 0x03, 0x01, 0x03,
  0x01, 0x03, 0x01, 0x03, 00, 0xc2, 00, 0xa2, 0x01, 0x03, 0x01, 0x03,
  0x01, 0x44, 0x01, 0x03, 0x01, 0x03, 0x01, 0x02, 00, 0xc2, 00, 0xa2,
  00, 0xc2, 00, 0xa2, 0x01, 0x03, 0x09, 0x23, 0x01, 0x03, 0x01, 0x03,
  0x01, 0x03, 00, 0xc2, 00, 0xc3, 00, 0xe3, 00, 0xc2, 00, 0xa2,
  00, 0xc2, 00, 0xa2, 00, 0xc2, 00, 0xa2, 00, 0x82, 0x08, 0xa2,
  00, 0x82, 00, 0x82, 00, 0x82, 00, 0xa2, 00, 0x82, 00, 0x82,
  00, 0xc2, 00, 0xc2, 00, 0x82, 00, 0xa2, 00, 0xc2, 00, 0xa2,
  00, 0xc2, 00, 0xc2, 00, 0xc2, 00, 0xa2, 00, 0x82, 00, 0xa2,
  00, 0x82, 0x08, 0xa2, 00, 0x82, 00, 0x81, 00, 0x81, 00, 0x61,
  00, 0x41, 00, 0x61, 00, 0x82, 00, 0x82, 00, 0x82, 00, 0x61,
  00, 0x81, 00, 0x61, 00, 0x81, 00, 0x61, 00, 0x41, 00, 0x61,
  00, 0x81, 00, 0x81, 00, 0x41, 00, 0x41, 00, 0x41, 00, 0x41,
  00, 0x41, 00, 0x61, 00, 0x41, 00, 0x41, 00, 0x41, 00, 0x41,
  00, 0x41, 00, 0x41, 00, 0x41, 00, 0x40, 00, 0x01, 00, 0x21,
  00, 0x01, 00, 0x21, 00, 0x01, 00, 0x21, 00, 0x01, 00, 0x21,
  00, 0x40, 00, 0x20, 00, 0x01, 00, 0x21, 00, 00, 00, 0x20,
  00, 00, 0x08, 0x21, 00, 00, 00, 00, 00, 00, 00, 00,
  0x08, 0x40, 00, 00, 0x08, 0x40, 00, 0x20, 0x08, 0x40, 00, 0x40,
  00, 0x40, 00, 0x40, 0x08, 0x80, 00, 0x40, 0x10, 0x81, 00, 0x40,
  00, 0x40, 00, 0x41, 0x08, 0x40, 00, 0x20, 0x08, 0x81, 00, 0x41,
  0x08, 0x41, 00, 0x41, 0x08, 0x81, 00, 0x81, 0x08, 0x81, 00, 0x81,
  0x08, 0x81, 00, 0x81, 0x08, 0x81, 00, 0x41, 0x31, 0x22, 0x52, 0x67,
  0x08, 0xa1, 00, 0x81, 0x08, 0x81, 00, 0x81, 0x08, 0x81, 00, 0x61,
  0x08, 0x81, 00, 0x82, 0x08, 0x81, 00, 0x41, 0x08, 0x81, 00, 0x81,
  0x08, 0xc2, 00, 0x81, 0x08, 0xc1, 00, 0xa1, 0x08, 0xc1, 00, 0xa1,
  0x08, 0xc1, 00, 0xa1, 0x08, 0x81, 00, 0x41, 0x08, 0x81, 00, 0x81,
  00, 0x81, 00, 0x82, 0x08, 0xa2, 00, 0xa2, 0x08, 0xa2, 00, 0xa2,
  0x08, 0xc1, 00, 0xc2, 00, 0xc1, 00, 0xc2, 00, 0xc2, 00, 0xc3,
  0x09, 0x02, 00, 0xe2, 0x09, 0x02, 00, 0xc2, 0x09, 0x02, 00, 0xe2,
  0x09, 0x02, 00, 0xc2, 0x09, 0x02, 00, 0xe2, 0x09, 0x03, 0x01, 0x03,
  0x09, 0x02, 00, 0xe2, 0x09, 0x03, 0x01, 0x03, 0x09, 0x03, 0x01, 0x03,
  0x09, 0x42, 0x01, 0x02, 0x09, 0x43, 0x01, 0x23, 0x09, 0x02, 00, 0xc2,
  0x09, 0x02, 00, 0xe2, 0x09, 0x02, 00, 0xc2, 0x09, 0x02, 00, 0xe2,
  0x09, 0x02, 00, 0xe2, 00, 0xc2, 00, 0xc3, 0x09, 0x02, 00, 0xe2,
  00, 0xc2, 00, 0xc3, 0x09, 0x02, 00, 0xe2, 0x09, 0x02, 00, 0xc2,
  0x09, 0x02, 00, 0xc2, 0x09, 0x02, 00, 0xe2, 0x09, 0x02, 00, 0xc2,
  0x09, 0x02, 00, 0xe2, 0x09, 0x02, 00, 0xc2, 00, 0xc2, 00, 0xc3,
  0x09, 0x02, 00, 0xc2, 0x09, 0x02, 00, 0xc2, 0x09, 0x02, 00, 0xe2,
  0x09, 0x02, 00, 0xc2, 0x09, 0x02, 0x01, 0x02, 0x01, 0x02, 0x01, 0x02,
  0x09, 0x44, 0x01, 0x23, 0x09, 0x44, 0x01, 0x23, 0x09, 0x02, 00, 0xe2,
  0x09, 0x02, 00, 0xc2, 0x09, 0x02, 00, 0xc2, 0x09, 0x23, 0x01, 0x23,
  0x09, 0x02, 00, 0xe2, 0x09, 0x02, 00, 0xc2, 0x08, 0xc2, 00, 0xc2,
  0x09, 0x02, 00, 0xc2, 0x01, 0x02, 0x01, 0x03, 0x08, 0xc2, 00, 0xc2,
  0x09, 0x02, 00, 0xe2, 00, 0xc1, 00, 0xc2, 0x09, 0x02, 00, 0xc2,
  0x08, 0xc2, 00, 0xc2, 0x09, 0x02, 00, 0xc2, 0x08, 0xc1, 00, 0xa1,
  0x08, 0xc2, 00, 0xa2, 0x08, 0xa2, 00, 0xa2, 0x08, 0xa2, 00, 0xa2,
  0x08, 0xc1, 00, 0xa1, 0x08, 0xc2, 00, 0xa2, 0x08, 0xa2, 00, 0xa2,
  0x08, 0xe2, 00, 0xa1, 00, 0x81, 00, 0x82, 0x08, 0xc1, 00, 0xa1,
  0x08, 0x82, 00, 0x82, 0x08, 0xc1, 00, 0xa1, 0x08, 0x81, 00, 0x61,
  0x08, 0x81, 00, 0x81, 0x08, 0x81, 00, 0x41, 0x08, 0xc1, 00, 0xa1,
  0x08, 0x61, 00, 0x61, 0x08, 0x81, 00, 0x41, 0x08, 0x61, 00, 0x61,
  0x08, 0x81, 00, 0x41, 0x08, 0x61, 00, 0x41, 0x08, 0x61, 00, 0x41,
  0x08, 0x61, 00, 0x61, 0x08, 0x61, 00, 0x41, 0x08, 0x40, 00, 0x20,
  0x08, 0x41, 00, 0x41, 0x08, 0x40, 00, 00, 0x10, 0x61, 00, 0x20,
  0x08, 0x40, 00, 0x20, 0x08, 0x40, 00, 0x20, 0x08, 0x40, 00, 0x20,
  0x08, 0x20, 00, 0x20, 0x08, 0x40, 00, 00, 0x08, 0x40, 00, 00,
  0x08, 0x40, 00, 0x20, 0x08, 0x40, 00, 00, 0x08, 0x40, 00, 0x20,
  00, 0x41, 00, 0x41, 00, 00, 00, 0x20, 00, 0x41, 00, 0x41,
  00, 0x41, 00, 0x40, 00, 0x41, 00, 0x41, 0x10, 0x82, 0x08, 0x21,
  00, 0x41, 00, 0x41, 00, 0x41, 00, 0x41, 00, 0x41, 00, 0x21,
  00, 0x41, 00, 0x41, 00, 0x82, 00, 0x81, 00, 0x41, 00, 0x61,
  00, 0x82, 00, 0x81, 00, 0x81, 00, 0x81, 0x39, 0x83, 0x83, 0x8b,
  00, 0x82, 0x08, 0xa2, 00, 0x82, 00, 0x62, 00, 0x81, 00, 0x61,
  00, 0x81, 0x08, 0xc2, 00, 0x82, 00, 0x81, 00, 0x82, 00, 0x82,
  00, 0xc2, 00, 0xa2, 00, 0x82, 00, 0x82, 00, 0x82, 00, 0xa2,
  00, 0x82, 00, 0x82, 00, 0xc3, 00, 0x81, 00, 0x82, 00, 0x81,
  00, 0x81, 0x08, 0xa2, 00, 0xc2, 00, 0xa2, 00, 0x82, 00, 0xa2,
  00, 0xc2, 0x08, 0xe3, 00, 0xc3, 00, 0xe3, 0x01, 0x03, 00, 0xe3,
  0x01, 0x03, 00, 0xc2, 00, 0xc2, 0x08, 0xe3, 0x01, 0x03, 00, 0xc2,
  0x01, 0x03, 0x01, 0x03, 00, 0xc3, 00, 0xe3, 0x01, 0x03, 0x01, 0x03,
  00, 0xc2, 0x08, 0xe3, 0x09, 0x44, 0x01, 0x02, 0x01, 0x03, 0x01, 0x03,
  0x01, 0x03, 0x01, 0x02, 0x01, 0x44, 0x01, 0x43, 00, 0xe2, 00, 0xe2,
  00, 0xc2, 00, 0xa2, 00, 0xc3, 00, 0xe3, 00, 0xc3, 00, 0xe3,
  0x01, 0x03, 0x09, 0x03, 00, 0xc2, 0x08, 0xe3, 0x01, 0x03, 0x09, 0x03,
  00, 0xc3, 00, 0xe3, 00, 0xc3, 00, 0xe3, 00, 0xc3, 00, 0xe3,
  00, 0xc2, 0x11, 0x23, 0x01, 0x03, 00, 0xa2, 00, 0xe3, 0x08, 0xe3,
  00, 0xc3, 00, 0xe3, 00, 0xc3, 00, 0xe3, 00, 0xc2, 00, 0xa2,
  0x01, 0x03, 00, 0xe3, 00, 0xc3, 00, 0xc2, 00, 0xc3, 00, 0xe3,
  00, 0xc3, 00, 0xe3, 0x01, 0x03, 0x01, 0x03, 0x01, 0x03, 0x01, 0x03,
  00, 0xe2, 0x09, 0x23, 0x01, 0x44, 0x01, 0x03, 0x01, 0x04, 0x09, 0x44,
  0x01, 0x03, 00, 0xe3, 00, 0xc3, 00, 0xe3, 0x01, 0x03, 0x01, 0x03,
  0x01, 0x04, 00, 0xc2, 00, 0xc2, 00, 0xa2, 00, 0xc3, 00, 0xe3,
  00, 0xc2, 00, 0xa2, 00, 0xc2, 0x08, 0xe3, 00, 0xc2, 00, 0xa2,
  00, 0xc3, 00, 0xe3, 00, 0xc2, 00, 0xa2, 00, 0xc3, 00, 0xe3,
  00, 0xc2, 00, 0xa2, 00, 0xc2, 00, 0xa2, 00, 0xc2, 00, 0xa2,
  00, 0xc2, 00, 0xa2, 00, 0x82, 0x08, 0xa2, 00, 0xc2, 00, 0xa2,
  00, 0x82, 00, 0xa2, 00, 0xe3, 00, 0xa2, 00, 0x82, 00, 0xa2,
  00, 0xc2, 00, 0xc2, 00, 0x82, 00, 0x81, 00, 0xc3, 00, 0x81,
  00, 0x82, 00, 0x81, 00, 0x82, 00, 0x82, 00, 0x41, 00, 0x61,
  00, 0x82, 00, 0x81, 00, 0x81, 0x10, 0xc2, 0x08, 0xc2, 00, 0x61,
  00, 0x41, 00, 0x61, 00, 0x82, 00, 0x61, 00, 0x41, 0x08, 0x61,
  0x31, 0x65, 0x20, 0xa2, 00, 0x41, 00, 0x61, 00, 0x41, 00, 0x41,
  00, 0x41, 00, 0x41, 00, 0x41, 00, 0x41, 00, 0x41, 00, 0x41,
  00, 0x41, 00, 0x41, 00, 0x41, 00, 0x40, 00, 0x41, 00, 0x21,
  00, 0x41, 0x08, 0x40, 00, 0x01, 00, 0x21, 00, 0x01, 00, 0x21,
  00, 00, 0x20, 0xe3, 0x18, 0xc3, 00, 00, 00, 0x01, 00, 0x21,
  00, 00, 0x08, 0x20, 00, 0x01, 00, 0x21, 00, 00, 00, 00,
  0x08, 0x40, 00, 0x20, 0x08, 0x40, 00, 0x20, 0x08, 0x40, 00, 00,
  0x08, 0x40, 00, 0x20, 0x08, 0x40, 00, 00, 00, 0x40, 00, 0x40,
  0x08, 0x40, 00, 00, 00, 0x40, 00, 0x41, 00, 0x40, 00, 0x40,
  0x08, 0x41, 00, 0x41, 0x08, 0x81, 00, 0x41, 0x08, 0x81, 00, 0x41,
  0x08, 0x61, 00, 0x61, 00, 0x81, 00, 0x82, 0x08, 0x60, 00, 0x60,
  0x08, 0xc1, 00, 0xa1, 0x08, 0x81, 00, 0x81, 0x08, 0x81, 00, 0x41,
  00, 0x81, 00, 0x82, 00, 0x81, 00, 0x82, 0x08, 0x81, 00, 0x81,
  0x08, 0xa2, 00, 0xa2, 0x08, 0x81, 00, 0x61, 0x08, 0xc1, 00, 0xa1,
  0x08, 0xc1, 00, 0xa1, 0x08, 0xc1, 00, 0xa1, 0x08, 0x81, 00, 0x81,
  0x08, 0xc1, 00, 0xa1, 0x08, 0xc2, 00, 0x81, 0x09, 0x02, 00, 0xc2,
  00, 0xc1, 00, 0xc2, 0x09, 0x23, 00, 0xe2, 00, 0xc1, 00, 0xc2,
  0x09, 0x02, 00, 0xc2, 0x09, 0x02, 00, 0xc2, 0x09, 0x02, 00, 0xe2,
  0x09, 0x02, 00, 0xc2, 0x09, 0x02, 00, 0xe2, 0x08, 0xe2, 00, 0xa1,
  00, 0xc1, 00, 0xc2, 0x09, 0x02, 00, 0xc2, 0x09, 0x02, 00, 0xc2,
  0x09, 0x02, 0x01, 0x23, 0x11, 0x84, 0x01, 0x43, 0x09, 0x02, 00, 0xe2,
  0x09, 0x02, 00, 0xc2, 0x09, 0x02, 00, 0xe2, 0x09, 0x02, 00, 0xe2,
  0x11, 0x42, 0x01, 0x22, 0x09, 0x02, 0x01, 0x02, 0x08, 0xe2, 00, 0xc2,
  0x09, 0x02, 00, 0xc2, 0x09, 0x02, 00, 0xc2, 0x01, 0x02, 0x01, 0x02,
  0x01, 0x02, 0x01, 0x03, 0x09, 0x02, 00, 0xc2, 00, 0xc2, 00, 0xc3,
  0x09, 0x02, 00, 0xe2, 0x09, 0x02, 00, 0xc2, 0x09, 0x02, 00, 0xc2,
  0x09, 0x02, 00, 0xc2, 0x09, 0x02, 00, 0xc2, 0x09, 0x02, 00, 0xe2,
  0x09, 0x03, 0x01, 0x03, 0x09, 0x44, 0x01, 0x23, 0x09, 0x42, 0x01, 0x02,
  0x09, 0x43, 0x01, 0x43, 0x09, 0x64, 0x01, 0x23, 0x09, 0x43, 0x01, 0x23,
  0x09, 0x02, 00, 0xe2, 0x09, 0x02, 00, 0xc2, 0x09, 0x44, 0x01, 0x23,
  0x09, 0x23, 00, 0xe2, 0x09, 0x02, 00, 0xc2, 0x09, 0x02, 00, 0xc2,
  00, 0xc1, 00, 0xc2, 0x09, 0x02, 00, 0xc2, 0x09, 0x02, 00, 0xc2,
  0x09, 0x02, 00, 0xe2, 0x09, 0x02, 00, 0xc2, 0x09, 0x23, 00, 0xe2,
  0x08, 0xc1, 00, 0xa1, 0x08, 0xa2, 00, 0xa2, 0x08, 0xc1, 00, 0xa1,
  0x08, 0xc1, 00, 0xc2, 0x08, 0xc2, 00, 0x82, 0x08, 0xc1, 00, 0xa1,
  0x08, 0xa2, 00, 0xa2, 0x08, 0xc1, 00, 0xa1, 0x08, 0xc1, 00, 0xa1,
  0x08, 0xc2, 00, 0x82, 0x08, 0xc1, 00, 0xa1, 0x08, 0xc1, 00, 0xa1,
  0x08, 0xc1, 00, 0xa1, 0x08, 0xa1, 00, 0x61, 0x08, 0x81, 00, 0x41,
  0x08, 0x81, 00, 0x61, 0x08, 0x81, 00, 0x82, 0x10, 0xa2, 00, 0x61,
  0x08, 0x81, 00, 0x81, 0x08, 0x81, 00, 0x41, 0x10, 0x81, 0x08, 0x61,
  0x8b, 0x8b, 0x49, 0x84, 0x08, 0x41, 00, 0x41, 0x08, 0x80, 00, 0x40,
  00, 0x40, 00, 0x40, 0x08, 0x40, 00, 0x20, 0x08, 0x80, 00, 0x40,
  0x08, 0x40, 00, 0x40, 0x08, 0x40, 00, 00, 0x08, 0x40, 00, 0x20,
  0x08, 0x40, 00, 00, 0x08, 0x40, 00, 0x20, 0x08, 0x40, 00, 0x20,
  0x08, 0x40, 00, 00, 0x08, 0x40, 00, 00, 0x08, 0x40, 00, 0x20,
  0x08, 0x40, 00, 00, 0x08, 0x40, 00, 0x20, 0x08, 0x40, 00, 00,
  00, 0x41, 00, 0x41, 00, 0x41, 00, 0x40, 00, 0x41, 00, 0x41,
  00, 0x41, 00, 0x41, 00, 0x41, 00, 0x21, 00, 0x41, 00, 0x21,
  00, 0x41, 00, 0x41, 00, 0x41, 00, 0x41, 00, 0x41, 00, 0x41,
  00, 0x41, 00, 0x41, 00, 0x41, 00, 0x61, 00, 0x81, 00, 0x61,
  00, 0x41, 00, 0x41, 00, 0x82, 00, 0x81, 00, 0x81, 0x08, 0xc2,
  00, 0x82, 00, 0x81, 00, 0x82, 00, 0x61, 00, 0x82, 00, 0x81,
  00, 0x81, 00, 0xa2, 00, 0x82, 0x08, 0x82, 00, 0x82, 00, 0x61,
  00, 0x82, 00, 0x81, 00, 0x81, 00, 0x61, 00, 0x82, 00, 0x81,
  00, 0x81, 00, 0xa2, 00, 0x82, 00, 0x82, 00, 0x82, 00, 0x81,
  00, 0x82, 00, 0x82, 00, 0x81, 00, 0xa2, 00, 0xc2, 00, 0xc2,
  00, 0xc3, 00, 0xc2, 00, 0xc2, 00, 0xa2, 00, 0xc2, 00, 0xa2,
  00, 0xc2, 00, 0xa2, 00, 0xc2, 00, 0xa2, 0x01, 0x03, 0x01, 0x03,
  00, 0xc2, 00, 0xa2, 00, 0xc2, 00, 0xa2, 00, 0xc2, 00, 0xa2,
  00, 0xc2, 00, 0xa2, 0x01, 0x03, 0x08, 0xe2, 0x01, 0x03, 00, 0xc2,
  0x01, 0x03, 0x09, 0x64, 0x09, 0x85, 0x01, 0x02, 00, 0xc3, 00, 0xe3,
  0x01, 0x03, 00, 0xc2, 00, 0xc3, 00, 0xe3, 00, 0xc2, 0x08, 0xe2,
  00, 0xc3, 00, 0xe3, 0x01, 0x03, 0x09, 0x03, 0x01, 0x03, 00, 0xc2,
  00, 0xc3, 00, 0xe3, 00, 0xc2, 00, 0xa2, 00, 0xc3, 00, 0xe3,
  0x01, 0x03, 0x01, 0x03, 0x01, 0x03, 0x01, 0x03, 00, 0xc2, 00, 0xa2,
  0x09, 0x03, 0x21, 0x64, 00, 0xc3, 00, 0xe3, 00, 0xc2, 00, 0xa2,
  00, 0xc2, 0x08, 0xe3, 0x01, 0x03, 00, 0xe3, 0x01, 0x03, 0x01, 0x23,
  0x01, 0x43, 0x01, 0x43, 0x01, 0x44, 0x01, 0x02, 0x01, 0x03, 0x01, 0x02,
  0x01, 0x44, 0x01, 0x43, 0x01, 0x44, 0x01, 0x03, 0x01, 0x03, 0x01, 0x03,
  0x01, 0x03, 0x01, 0x03, 0x01, 0x03, 0x09, 0x03, 0x01, 0x03, 0x01, 0x03,
  0x01, 0x03, 0x01, 0x02, 00, 0xc2, 0x08, 0xe2, 00, 0xc2, 00, 0xa2,
  00, 0xc2, 00, 0xa2, 00, 0xc2, 00, 0xa2, 00, 0xc3, 00, 0xe3,
  00, 0xc2, 0x08, 0xe3, 0x01, 0x03, 0x01, 0x03, 0x01, 0x04, 00, 0xc3,
  00, 0xc2, 00, 0xa2, 00, 0x82, 00, 0xa2, 00, 0xc2, 00, 0xa2,
  00, 0xc2, 00, 0xa2, 00, 0xc2, 00, 0xa2, 00, 0xc2, 00, 0xa2,
  00, 0xc2, 00, 0xa2, 00, 0xc2, 00, 0xa2, 00, 0x82, 00, 0xa2,
  00, 0x82, 00, 0xa2, 00, 0x82, 00, 0x82, 00, 0x82, 00, 0x81,
  00, 0x82, 0x08, 0xa2, 00, 0x82, 00, 0x81, 00, 0x82, 00, 0x61,
  00, 0x41, 00, 0x61, 00, 0x81, 00, 0x61, 00, 0x41, 00, 0x61,
  00, 0x41, 00, 0x61, 00, 0x41, 00, 0x61, 00, 0x41, 0x08, 0x61,
  0x08, 0x81, 0x08, 0x61, 00, 0x41, 00, 0x41, 00, 0x41, 00, 0x41,
  00, 0x41, 00, 0x41, 00, 0x41, 00, 0x41, 00, 0x41, 00, 0x41,
  00, 0x41, 00, 0x41, 00, 0x41, 00, 0x40, 00, 0x41, 00, 0x41,
  00, 0x41, 00, 0x41, 00, 00, 00, 0x20, 00, 0x01, 00, 0x21,
  00, 0x01, 00, 0x21, 00, 00, 00, 0x20, 00, 00, 00, 0x20,
  00, 0x01, 00, 0x21, 00, 00, 00, 0x20, 00, 00, 00, 00,
  0x08, 0x40, 00, 00, 0x08, 0x40, 00, 0x20, 0x08, 0x40, 00, 00,
  0x08, 0x40, 00, 00, 0x08, 0x41, 00, 0x41, 0x08, 0x40, 00, 00,
  0x08, 0x61, 00, 0x41, 00, 0x40, 00, 0x40, 0x08, 0x61, 00, 0x41,
  00, 0x40, 00, 0x41, 0x08, 0x81, 00, 0x41, 0x08, 0x81, 00, 0x61,
  0x08, 0x81, 00, 0x41, 0x08, 0x61, 00, 0x61, 0x08, 0x81, 00, 0x81,
  00, 0x81, 00, 0x82, 0x08, 0xa2, 00, 0x61, 00, 0x81, 00, 0x82,
  0x08, 0xc1, 00, 0xa1, 0x08, 0xa2, 00, 0x61, 0x08, 0xc1, 00, 0xa1,
  0x08, 0x81, 00, 0x61, 0x08, 0x81, 00, 0x81, 0x08, 0x81, 00, 0x61,
  0x08, 0xc2, 00, 0xa2, 0x08, 0xc1, 00, 0xa1, 0x08, 0x81, 00, 0x81,
  00, 0x81, 00, 0x82, 0x08, 0xc2, 00, 0xa2, 0x08, 0xc1, 0x08, 0xc2,
  00, 0xc2, 00, 0xc3, 0x08, 0xc1, 00, 0xa1, 0x08, 0xc1, 00, 0xc2,
  0x08, 0xc2, 00, 0xc2, 0x09, 0x02, 00, 0xc2, 0x09, 0x02, 00, 0xc2,
  0x09, 0x02, 00, 0xc2, 0x09, 0x02, 00, 0xc2, 0x08, 0xc1, 00, 0xa1,
  00, 0xc1, 00, 0xc2, 0x09, 0x03, 0x01, 0x03, 0x09, 0x02, 00, 0xe2,
  0x09, 0x43, 0x01, 0x44, 0x09, 0x64, 0x01, 0x23, 0x09, 0x02, 00, 0xc2,
  0x09, 0x02, 00, 0xc2, 0x09, 0x02, 00, 0xc2, 0x09, 0x02, 00, 0xc2,
  0x09, 0x02, 00, 0xc2, 0x09, 0x02, 0x01, 0x02, 0x09, 0x02, 00, 0xc2,
  0x09, 0x02, 00, 0xe2, 0x09, 0x02, 00, 0xc2, 0x09, 0x02, 0x01, 0x02,
  0x01, 0x02, 0x01, 0x02, 0x09, 0x02, 00, 0xc2, 0x09, 0x02, 00, 0xc2,
  0x11, 0x02, 0x11, 0x44, 0x01, 0x02, 0x01, 0x03, 0x09, 0x02, 00, 0xe2,
  0x09, 0x02, 0x01, 0x02, 0x09, 0x43, 0x01, 0x23, 0x09, 0x43, 0x01, 0x43,
  0x11, 0x64, 0x01, 0x23, 0x09, 0x44, 0x01, 0x23, 0x09, 0x44, 0x01, 0x64,
  0x09, 0x64, 0x01, 0x64, 0x11, 0x64, 0x01, 0x23, 0x09, 0x42, 0x01, 0x02,
  0x09, 0x02, 00, 0xc2, 0x01, 0x02, 0x01, 0x02, 0x09, 0x02, 0x01, 0x02,
  0x09, 0x23, 00, 0xe2, 0x09, 0x02, 00, 0xe2, 0x09, 0x02, 00, 0xe2,
  00, 0xc1, 00, 0xc2, 0x09, 0x02, 00, 0xc2, 00, 0xc1, 00, 0xc2,
  0x09, 0x02, 00, 0xc2, 0x01, 0x02, 0x01, 0x03, 0x09, 0x02, 00, 0xc2,
  0x08, 0xc1, 00, 0xa1, 0x09, 0x02, 00, 0xc2, 0x08, 0xc1, 00, 0xa1,
  0x08, 0xc2, 00, 0xa2, 00, 0xc2, 00, 0xc3, 0x11, 0x03, 00, 0xc2,
  0x08, 0xc1, 00, 0xa1, 0x08, 0xc2, 00, 0x82, 0x08, 0xa2, 00, 0xa2,
  0x08, 0xc1, 00, 0xa1, 0x08, 0x81, 00, 0x61, 0x08, 0xa1, 00, 0xa1,
  0x08, 0x81, 00, 0x61, 0x08, 0x81, 00, 0x81, 0x08, 0x81, 00, 0x61,
  0x08, 0x81, 00, 0x41, 0x08, 0x81, 00, 0x61, 0x08, 0x81, 00, 0x41,
  0x08, 0x81, 00, 0x61, 0x08, 0x81, 00, 0x41, 0x08, 0x81, 00, 0x41,
  0x08, 0x81, 00, 0x40, 0x08, 0x80, 00, 0x60, 0x08, 0x61, 00, 0x41,
  00, 0x40, 00, 0x40, 0x08, 0x40, 00, 0x40, 0x08, 0x20, 00, 00,
  0x08, 0x40, 00, 0x40, 0x08, 0x40, 00, 0x20, 0x08, 0x40, 00, 00,
  0x08, 0x40, 00, 0x20, 0x08, 0x40, 00, 00, 0x08, 0x40, 00, 00,
  0x08, 0x40, 00, 00, 0x08, 0x40, 00, 0x20, 0x08, 0x40, 00, 00,
  0x08, 0x40, 00, 00, 0x08, 0x40, 00, 00, 0x08, 0x40, 00, 0x20,
  00, 0x41, 00, 0x40, 00, 0x01, 00, 0x21, 00, 0x41, 00, 0x41,
  00, 0x01, 00, 0x21, 00, 0x41, 00, 0x41, 00, 0x41, 00, 0x41,
  00, 0x41, 00, 0x41, 00, 0x41, 00, 0x41, 00, 0x41, 00, 0x41,
  00, 0x41, 00, 0x41, 00, 0x41, 00, 0x61, 00, 0x81, 00, 0x61,
  00, 0x81, 00, 0x61, 00, 0x41, 00, 0x41, 00, 0x82, 00, 0x81,
  00, 0x81, 00, 0x61, 00, 0x82, 00, 0x81, 00, 0x81, 00, 0x61,
  00, 0x82, 00, 0x81, 00, 0x81, 00, 0x61, 00, 0x81, 00, 0x81,
  00, 0x82, 00, 0x81, 00, 0x82, 00, 0x82, 00, 0x81, 00, 0x61,
  00, 0x82, 00, 0x81, 00, 0x82, 00, 0x82, 00, 0x82, 00, 0x82,
  00, 0x81, 00, 0x61, 00, 0x82, 00, 0xa2, 00, 0x82, 00, 0x81,
  00, 0xc2, 00, 0xc2, 00, 0x82, 00, 0x81, 00, 0xc2, 00, 0xa2,
  00, 0xc2, 00, 0xa2, 00, 0xc2, 0x08, 0xe3, 00, 0xc2, 0x08, 0xe2,
  00, 0xc2, 0x08, 0xe3, 0x01, 0x03, 0x01, 0x03, 00, 0xc2, 00, 0xa2,
  00, 0xc2, 00, 0xa2, 00, 0xe2, 00, 0xe2, 00, 0xc3, 00, 0xe3,
  0x01, 0x44, 0x01, 0x02, 0x01, 0x65, 0x09, 0x65, 0x01, 0x03, 00, 0xc2,
  00, 0xc2, 00, 0xa2, 00, 0xc2, 0x11, 0x23, 00, 0xc2, 00, 0xa2,
  0x01, 0x04, 00, 0xe3, 00, 0xc3, 00, 0xe3, 0x01, 0x03, 0x01, 0x03,
  00, 0xc3, 00, 0xe3, 0x01, 0x03, 0x01, 0x02, 00, 0xc3, 00, 0xe3,
  0x01, 0x03, 0x01, 0x02, 00, 0xc2, 00, 0xa2, 00, 0xc2, 0x08, 0xe3,
  00, 0xe2, 00, 0xe2, 0x01, 0x03, 0x01, 0x03, 00, 0xc2, 0x08, 0xe3,
  0x01, 0x03, 00, 0xe3, 0x01, 0x03, 0x01, 0x02, 0x09, 0x44, 0x09, 0x02,
  0x01, 0x44, 0x01, 0x23, 0x01, 0x64, 0x09, 0x64, 0x01, 0x64, 0x09, 0x64,
  0x01, 0x84, 0x09, 0x84, 0x01, 0x64, 0x01, 0x23, 0x01, 0x03, 0x01, 0x23,
  0x01, 0x03, 0x01, 0x03, 00, 0xc3, 00, 0xe3, 00, 0xc3, 00, 0xe3,
  0x01, 0x03, 0x01, 0x03, 00, 0xc3, 00, 0xe3, 00, 0xc2, 0x08, 0xe3,
  00, 0xe2, 00, 0xe2, 00, 0xc2, 00, 0xa2, 00, 0xc3, 00, 0xe3,
  0x01, 0x03, 0x01, 0x03, 0x01, 0x03, 0x01, 0x03, 00, 0xc2, 00, 0xa2,
  00, 0xc2, 00, 0xa2, 00, 0xc2, 00, 0xa2, 00, 0x82, 00, 0xa2,
  00, 0xc2, 00, 0xc2, 00, 0xc2, 00, 0xa2, 00, 0xc2, 00, 0xc2,
  00, 0x81, 00, 0xa2, 00, 0xc3, 00, 0xc2, 00, 0xc2, 00, 0xa2,
  00, 0x82, 00, 0x81, 00, 0x82, 00, 0x81, 00, 0x82, 00, 0x81,
  00, 0x41, 00, 0x61, 00, 0x81, 00, 0x61, 00, 0x41, 00, 0x61,
  00, 0x42, 00, 0x62, 00, 0x41, 00, 0x61, 00, 0x81, 00, 0x81,
  00, 0x81, 00, 0x61, 00, 0x41, 00, 0x61, 00, 0x41, 00, 0x41,
  00, 0x41, 00, 0x41, 00, 0x41, 00, 0x41, 00, 0x41, 00, 0x41,
  00, 0x41, 00, 0x40, 00, 0x41, 00, 0x41, 00, 0x40, 00, 0x20,
  00, 0x41, 00, 0x41, 00, 0x41, 00, 0x41, 00, 0x40, 0x08, 0x81,
  0x08, 0x41, 00, 00, 00, 0x41, 00, 0x41, 00, 00, 00, 0x20,
  00, 0x01, 00, 0x21, 00, 00, 00, 0x20, 00, 0x01, 00, 0x21,
  00, 00, 00, 00, 00, 0x01, 00, 0x21, 00, 00, 00, 00,
  0x08, 0x40, 00, 0x20, 0x08, 0x40, 00, 0x40, 0x08, 0x40, 00, 00,
  0x08, 0x40, 00, 0x20, 0x08, 0x40, 00, 0x20, 0x08, 0x40, 00, 0x40,
  00, 0x40, 00, 0x40, 0x08, 0x80, 00, 0x40, 0x08, 0x61, 00, 0x41,
  0x08, 0x61, 00, 0x41, 0x08, 0x61, 00, 0x61, 0x08, 0x81, 00, 0x41,
  0x08, 0x81, 00, 0x61, 0x08, 0x81, 00, 0x41, 0x08, 0x81, 00, 0x61,
  0x08, 0x81, 00, 0x41, 0x08, 0x61, 00, 0x61, 0x08, 0x61, 00, 0x61,
  0x08, 0x81, 00, 0x81, 0x08, 0xc1, 00, 0xa1, 0x08, 0x81, 00, 0x61,
  0x08, 0x81, 00, 0x81, 0x08, 0x81, 00, 0x81, 0x08, 0xc1, 00, 0xa1,
  0x08, 0x81, 00, 0x41, 0x08, 0xc1, 00, 0xa1, 0x08, 0x82, 00, 0x82,
  0x08, 0xc1, 00, 0xa1, 0x08, 0xc1, 00, 0xa1, 0x08, 0xc1, 00, 0xa1,
  0x08, 0xa2, 00, 0xa2, 0x08, 0xc1, 00, 0xa1, 00, 0xc1, 00, 0xc2,
  0x09, 0x02, 00, 0xc2, 0x08, 0xc1, 00, 0xc2, 0x09, 0x02, 00, 0xe2,
  0x09, 0x02, 00, 0xe2, 0x09, 0x02, 00, 0xc2, 00, 0xc1, 00, 0xc2,
  0x09, 0x02, 00, 0xc2, 00, 0xc1, 00, 0xc2, 0x09, 0x02, 00, 0xc2,
  0x09, 0x02, 00, 0xe2, 0x01, 0x02, 0x01, 0x43, 0x11, 0x64, 00, 0xe2,
  0x09, 0x02, 00, 0xc2, 0x09, 0x02, 00, 0xe2, 00, 0xc2, 00, 0xc3,
  0x01, 0x02, 0x01, 0x03, 0x01, 0x02, 0x01, 0x03, 0x09, 0x02, 00, 0xc2,
  0x01, 0x02, 0x01, 0x02, 0x09, 0x02, 00, 0xc2, 0x09, 0x02, 0x01, 0x02,
  0x09, 0x02, 00, 0xe2, 0x11, 0x43, 00, 0xe2, 0x09, 0x02, 00, 0xe2,
  0x09, 0x44, 0x01, 0x64, 0x08, 0xe2, 00, 0xa1, 00, 0xc1, 00, 0xc2,
  0x09, 0x02, 00, 0xc2, 0x01, 0x02, 0x01, 0x02, 0x01, 0x02, 0x01, 0x03,
  0x09, 0x42, 0x01, 0x22, 0x09, 0x03, 0x01, 0x03, 0x09, 0x23, 0x01, 0x23,
  0x09, 0x43, 0x01, 0x23, 0x01, 0x02, 0x01, 0x02, 0x09, 0x44, 0x01, 0x23,
  0x09, 0x43, 0x01, 0x03, 0x09, 0x02, 00, 0xe2, 0x09, 0x02, 00, 0xc2,
  0x09, 0x02, 00, 0xc2, 0x09, 0x02, 00, 0xc2, 0x11, 0x02, 00, 0xe2,
  0x09, 0x02, 00, 0xe2, 0x09, 0x02, 00, 0xc2, 0x09, 0x02, 00, 0xc2,
  0x01, 0x02, 0x01, 0x03, 0x09, 0x23, 00, 0xe2, 0x08, 0xe3, 00, 0xa2,
  0x08, 0xc1, 00, 0xc2, 0x08, 0xa2, 00, 0xa2, 0x08, 0xc1, 00, 0xc2,
  0x08, 0xc1, 00, 0xa1, 0x08, 0xc2, 00, 0xc2, 0x08, 0xc2, 0x08, 0xc3,
  00, 0xc1, 00, 0xc2, 0x08, 0xa2, 00, 0x82, 0x08, 0xc1, 00, 0xa1,
  0x08, 0x81, 00, 0x61, 00, 0x81, 00, 0x82, 0x08, 0x81, 00, 0x61,
  0x08, 0x81, 00, 0x41, 0x08, 0x81, 00, 0x61, 0x08, 0x81, 00, 0x41,
  0x08, 0x81, 00, 0x61, 0x08, 0x81, 00, 0x81, 0x08, 0x81, 00, 0x41,
  0x08, 0x81, 00, 0x41, 0x08, 0x81, 00, 0x61, 0x08, 0x61, 00, 0x41,
  0x08, 0x80, 00, 0x40, 00, 0x40, 00, 0x41, 0x08, 0x40, 00, 0x40,
  0x08, 0x40, 00, 0x40, 0x08, 0x40, 00, 0x40, 0x08, 0x40, 00, 0x20,
  0x08, 0x40, 00, 00, 0x08, 0x40, 00, 0x40, 0x08, 0x40, 0x08, 0x82,
  0x18, 0xc2, 00, 00, 0x08, 0x40, 00, 00, 0x08, 0x40, 00, 00,
  0x08, 0x40, 00, 0x20, 0x08, 0x40, 00, 0x20, 0x08, 0x40, 00, 00,
  0x08, 0x40, 00, 0x20, 0x08, 0x40, 00, 00, 0x08, 0x40, 00, 00,
  00, 0x01, 00, 0x21, 00, 0x41, 00, 0x20, 00, 0x01, 00, 0x21,
  00, 0x01, 00, 0x21, 00, 0x41, 00, 0x40, 00, 0x41, 00, 0x41,
  00, 0x41, 00, 0x41, 00, 0x41, 0x08, 0x61, 00, 0x81, 00, 0x61,
  00, 0x41, 00, 0x61, 00, 0x41, 00, 0x61, 00, 0x81, 00, 0x61,
  00, 0x41, 00, 0x41, 00, 0x42, 00, 0x62, 00, 0x41, 00, 0x61,
  00, 0x41, 00, 0x61, 00, 0x41, 00, 0x61, 00, 0x82, 00, 0x81,
  00, 0x81, 00, 0x61, 00, 0x82, 00, 0x82, 00, 0x81, 00, 0x61,
  00, 0x82, 00, 0x82, 00, 0x81, 0x08, 0x81, 00, 0xa2, 00, 0xa2,
  00, 0x82, 00, 0x82, 00, 0x82, 00, 0x82, 00, 0x81, 00, 0xa2,
  00, 0x82, 00, 0x82, 00, 0x82, 00, 0x82, 00, 0x82, 00, 0x82,
  00, 0x82, 00, 0x82, 00, 0x82, 00, 0x82, 00, 0x82, 0x08, 0xa2,
  00, 0xc2, 00, 0xa2, 00, 0xc2, 00, 0xc2, 00, 0xc2, 00, 0xa2,
  0x01, 0x03, 0x01, 0x03, 0x09, 0x24, 00, 0xa2, 00, 0xc2, 00, 0xc2,
  00, 0xc3, 00, 0xe3, 00, 0xc2, 00, 0xa2, 00, 0xc3, 00, 0xe3,
  00, 0xc3, 00, 0xe3, 0x01, 0x03, 0x01, 0x03, 0x01, 0x03, 0x01, 0x02,
  0x01, 0x03, 0x01, 0x02, 0x01, 0x03, 00, 0xc2, 00, 0xc2, 00, 0xa2,
  0x01, 0x02, 0x09, 0x23, 0x01, 0x03, 0x01, 0x03, 0x01, 0x03, 0x01, 0x03,
  00, 0xe2, 0x09, 0x23, 0x01, 0x03, 0x01, 0x03, 0x01, 0x03, 0x01, 0x03,
  0x01, 0x03, 0x01, 0x03, 0x01, 0x03, 0x01, 0x02, 0x01, 0x03, 0x01, 0x03,
  0x01, 0x03, 0x01, 0x23, 0x01, 0x02, 00, 0xc1, 00, 0xc3, 00, 0xe3,
  00, 0xc3, 00, 0xe3, 0x01, 0x03, 0x01, 0x03, 0x01, 0x03, 0x01, 0x23,
  0x01, 0x03, 0x01, 0x03, 0x01, 0x03, 0x01, 0x03, 0x01, 0x04, 0x09, 0x44,
  0x01, 0x03, 0x01, 0x03, 0x01, 0x03, 0x01, 0x03, 00, 0xe2, 0x09, 0x23,
  0x01, 0x03, 0x01, 0x03, 0x01, 0x03, 0x01, 0x02, 0x01, 0x03, 0x01, 0x03,
  0x01, 0x03, 0x01, 0x02, 00, 0xc3, 00, 0xe3, 00, 0xc2, 00, 0xa2,
  00, 0xc3, 00, 0xc2, 00, 0xc3, 00, 0xe3, 0x01, 0x03, 0x01, 0x03,
  0x01, 0x03, 0x01, 0x03, 0x01, 0x03, 0x01, 0x03, 00, 0xc2, 00, 0xa2,
  00, 0xc2, 00, 0xa2, 00, 0xc2, 00, 0xa2, 00, 0xc2, 00, 0xc2,
  00, 0xc2, 00, 0xa2, 00, 0xc2, 00, 0xa2, 00, 0xc2, 00, 0xc2,
  00, 0x82, 00, 0xa2, 00, 0xc2, 00, 0xa2, 00, 0x82, 00, 0x82,
  00, 0x82, 00, 0x61, 00, 0x82, 00, 0x81, 00, 0x81, 00, 0x61,
  00, 0x82, 0x08, 0x81, 00, 0x81, 00, 0x61, 00, 0x41, 00, 0x61,
  00, 0x41, 00, 0x61, 00, 0x82, 00, 0x61, 00, 0x41, 00, 0x61,
  00, 0x81, 0x08, 0x81, 00, 0x41, 00, 0x61, 00, 0x41, 00, 0x41,
  00, 0x41, 00, 0x41, 00, 0x41, 00, 0x41, 00, 0x41, 00, 0x41,
  00, 0x41, 0x08, 0x81, 00, 0x41, 00, 0x41, 00, 0x41, 00, 0x41,
  00, 0x41, 00, 0x40, 00, 0x41, 00, 0x41, 00, 0x41, 00, 00,
  00, 0x01, 00, 0x21, 00, 0x01, 00, 0x21, 00, 0x41, 00, 0x40,
  00, 0x40, 00, 0x20, 00, 00, 00, 0x20, 00, 00, 0x08, 0x21,
  00, 0x41, 00, 0x40, 00, 00, 00, 0x20, 00, 00, 00, 00,
  0x08, 0x40, 00, 00, 0x08, 0x20, 0x08, 0x61, 0x20, 0xc3, 00, 00,
  0x08, 0x40, 00, 00, 0x08, 0x40, 00, 00, 0x08, 0x40, 00, 0x20,
  0x08, 0x41, 00, 0x41, 00, 0x40, 00, 0x40, 0x08, 0x61, 00, 0x41,
  0x08, 0x80, 00, 0x60, 0x08, 0x81, 00, 0x61, 0x08, 0x81, 00, 0x41,
  0x08, 0x81, 00, 0x41, 0x08, 0x61, 00, 0x41, 0x08, 0x81, 00, 0x41,
  0x08, 0x81, 00, 0x41, 0x08, 0x81, 00, 0x41, 0x08, 0x81, 00, 0x61,
  0x08, 0x81, 00, 0x41, 0x08, 0x81, 00, 0x61, 0x08, 0x81, 00, 0x81,
  0x08, 0xc1, 00, 0xa1, 0x18, 0xa0, 0x52, 0x88, 0x41, 0xe6, 0x08, 0x60,
  0x08, 0xc1, 00, 0xa1, 0x08, 0xc1, 00, 0xa1, 0x08, 0x81, 00, 0x81,
  0x08, 0xc1, 00, 0xa1, 0x08, 0xc1, 00, 0xa1, 00, 0x81, 00, 0x82,
  0x08, 0xc1, 00, 0xa1, 00, 0x81, 00, 0x82, 0x08, 0xc1, 00, 0xa1,
  0x08, 0xc1, 00, 0xe2, 0x08, 0xc1, 00, 0xc2, 00, 0xc1, 00, 0xc2,
  0x09, 0x02, 00, 0xc2, 0x09, 0x02, 00, 0xe2, 0x09, 0x03, 0x09, 0x03,
  0x09, 0x03, 0x01, 0x03, 0x09, 0x02, 00, 0xc2, 0x09, 0x02, 00, 0xe2,
  0x09, 0x03, 0x01, 0x03, 0x09, 0x43, 0x01, 0x03, 0x09, 0x44, 0x01, 0x23,
  0x09, 0x02, 00, 0xe2, 0x09, 0x02, 00, 0xc2, 0x09, 0x02, 00, 0xe2,
  0x09, 0x02, 00, 0xc2, 0x01, 0x02, 0x01, 0x03, 0x09, 0x43, 0x01, 0x23,
  0x09, 0x42, 0x01, 0x22, 0x09, 0x03, 0x01, 0x03, 0x09, 0x44, 0x01, 0x23,
  0x09, 0x03, 0x01, 0x03, 0x01, 0x02, 0x01, 0x03, 0x09, 0x02, 0x01, 0x02,
  0x01, 0x02, 0x01, 0x02, 0x08, 0xe2, 00, 0xc2, 00, 0xc1, 00, 0xc2,
  0x09, 0x02, 00, 0xc2, 0x09, 0x02, 00, 0xc2, 0x09, 0x02, 0x01, 0x03,
  0x01, 0x02, 0x01, 0x02, 0x09, 0x42, 0x01, 0x02, 0x09, 0x02, 00, 0xe2,
  0x09, 0x03, 0x01, 0x03, 0x09, 0x02, 00, 0xc2, 0x09, 0x43, 0x01, 0x23,
  0x09, 0x23, 00, 0xe2, 0x09, 0x02, 00, 0xc2, 0x01, 0x02, 0x01, 0x02,
  0x09, 0x02, 00, 0xc2, 0x09, 0x02, 00, 0xe2, 0x09, 0x02, 00, 0xc2,
  0x09, 0x02, 00, 0xe2, 0x01, 0x02, 0x01, 0x03, 0x01, 0x02, 0x01, 0x02,
  0x09, 0x03, 0x01, 0x03, 0x09, 0x02, 00, 0xc2, 0x09, 0x02, 00, 0xc2,
  00, 0xc1, 00, 0xc2, 0x09, 0x02, 00, 0xc2, 00, 0xc1, 00, 0xc2,
  0x08, 0xc1, 00, 0xa1, 0x08, 0xa2, 00, 0xa2, 0x08, 0xc2, 00, 0xc2,
  0x08, 0xc1, 00, 0xc2, 0x10, 0xe2, 00, 0x81, 0x08, 0xc1, 00, 0xa1,
  0x08, 0xc1, 00, 0xa1, 0x08, 0x81, 00, 0x61, 0x08, 0x81, 00, 0x41,
  0x08, 0x81, 00, 0x41, 00, 0x81, 00, 0x82, 0x08, 0x81, 00, 0x41,
  0x08, 0x81, 00, 0x41, 0x08, 0x61, 00, 0x41, 0x08, 0x61, 00, 0x61,
  0x08, 0x61, 00, 0x41, 0x08, 0x81, 00, 0x41, 0x08, 0x80, 00, 0x60,
  0x08, 0x61, 00, 0x41, 00, 0x40, 00, 0x41, 0x08, 0x61, 00, 0x41,
  0x08, 0x40, 00, 0x20, 0x08, 0x40, 00, 0x40, 0x08, 0x40, 00, 0x20,
  0x08, 0x40, 00, 00, 0x08, 0x40, 00, 0x20, 0x08, 0x40, 00, 00,
  0x08, 0x40, 00, 00, 0x08, 0x40, 00, 00, 0x08, 0x40, 00, 0x20,
  0x08, 0x40, 00, 00, 0x08, 0x40, 00, 0x20, 0x08, 0x40, 00, 0x20,
  0x08, 0x40, 00, 0x20, 0x08, 0x40, 00, 00, 0x08, 0x40, 00, 0x20,
  00, 0x01, 00, 0x21, 00, 00, 0x10, 0x61, 0x10, 0xc3, 00, 00,
  00, 0x41, 00, 0x41, 00, 0x41, 00, 0x41, 00, 0x01, 00, 0x21,
  00, 0x41, 00, 0x41, 00, 0x41, 00, 0x41, 0x08, 0x82, 0x10, 0x62,
  00, 0x41, 00, 0x41, 00, 0x41, 0x08, 0x61, 00, 0x82, 00, 0x61,
  00, 0x81, 00, 0x61, 00, 0x81, 00, 0x61, 00, 0x41, 00, 0x61,
  00, 0x41, 0x08, 0x62, 00, 0x82, 00, 0x62, 00, 0x41, 00, 0x61,
  00, 0x41, 00, 0x61, 00, 0x81, 00, 0x61, 00, 0x82, 00, 0x81,
  00, 0x81, 0x08, 0xc2, 0x18, 0x60, 0x9c, 0x4f, 0x63, 0x2b, 0x10, 0x60,
  00, 0x82, 0x08, 0xa2, 00, 0x81, 00, 0x61, 00, 0x82, 00, 0x81,
  00, 0x82, 00, 0x82, 00, 0x82, 00, 0x82, 00, 0x81, 00, 0x61,
  00, 0x82, 00, 0x81, 00, 0x81, 0x08, 0xc2, 00, 0xa2, 00, 0xa2,
  00, 0x82, 0x08, 0xa2, 00, 0x82, 0x08, 0xa2, 00, 0xc2, 00, 0xa2,
  00, 0xc2, 00, 0xa2, 00, 0xc2, 00, 0xa2, 0x01, 0x03, 0x01, 0x03,
  00, 0xc3, 00, 0xe3, 0x01, 0x03, 0x01, 0x23, 0x01, 0x03, 00, 0xc2,
  00, 0xc3, 00, 0xe3, 0x01, 0x04, 0x01, 0x24, 0x01, 0x84, 0x01, 0x64,
  0x01, 0x44, 00, 0xe2, 0x01, 0x03, 0x01, 0x03, 00, 0xc3, 0x09, 0x24,
  0x01, 0x03, 0x01, 0x03, 00, 0xc2, 0x08, 0xe3, 0x01, 0x03, 00, 0xe3,
  0x01, 0x03, 0x01, 0x02, 0x01, 0x03, 0x09, 0x03, 0x01, 0x03, 0x01, 0x23,
  0x01, 0x03, 0x01, 0x03, 0x01, 0x03, 00, 0xe3, 0x01, 0x03, 0x01, 0x03,
  0x01, 0x03, 0x01, 0x03, 0x01, 0x03, 0x01, 0x03, 00, 0xc3, 0x08, 0xe2,
  0x01, 0x03, 0x01, 0x03, 0x01, 0x03, 0x01, 0x02, 0x01, 0x03, 0x09, 0x03,
  0x01, 0x03, 0x01, 0x02, 0x01, 0x43, 0x01, 0x43, 0x01, 0x03, 00, 0xc2,
  00, 0xc3, 00, 0xe3, 0x01, 0x03, 0x01, 0x23, 0x01, 0x03, 0x01, 0x23,
  0x01, 0x03, 0x01, 0x03, 00, 0xc3, 00, 0xe3, 0x01, 0x03, 0x01, 0x02,
  0x01, 0x03, 0x01, 0x02, 00, 0xe2, 00, 0xe2, 00, 0xc2, 00, 0xa2,
  00, 0xc2, 00, 0xa2, 00, 0xc2, 0x08, 0xe3, 00, 0xc2, 0x11, 0x23,
  0x11, 0xa5, 0x08, 0xe2, 00, 0xc2, 00, 0xa2, 0x01, 0x04, 0x08, 0xe3,
  00, 0xc2, 00, 0xa2, 00, 0xc3, 00, 0xe3, 00, 0xc2, 00, 0xa2,
  00, 0xc2, 00, 0xa2, 00, 0xc2, 00, 0xa2, 00, 0xc2, 00, 0xa2,
  00, 0xc2, 00, 0xc2, 00, 0xc2, 00, 0xa2, 00, 0x82, 00, 0x81,
  00, 0x82, 00, 0x81, 00, 0x81, 00, 0x81, 00, 0x81, 00, 0x61,
  00, 0x81, 00, 0x61, 00, 0x81, 00, 0x61, 00, 0x41, 00, 0x61,
  00, 0x41, 00, 0x61, 00, 0x41, 00, 0x61, 00, 0x41, 0x08, 0x82,
  00, 0x41, 00, 0x41, 00, 0x41, 00, 0x61, 00, 0x41, 00, 0x41,
  00, 0x41, 00, 0x41, 00, 0x41, 00, 0x41, 00, 0x41, 0x08, 0x61,
  00, 00, 0x08, 0x21, 00, 0x41, 00, 0x21, 00, 0x41, 00, 0x41,
  00, 0x41, 00, 0x41, 00, 0x01, 00, 0x21, 00, 0x41, 00, 0x41,
  00, 00, 00, 0x20, 00, 0x01, 00, 0x21, 00, 00, 00, 0x20,
  00, 0x41, 00, 0x41, 00, 0x01, 00, 0x21, 00, 0x41, 00, 0x40,
  00, 00, 0x08, 0x21, 00, 0x01, 00, 0x21, 00, 00, 00, 00,
  0x08, 0x40, 00, 0x20, 0x08, 0x40, 00, 00, 0x08, 0x40, 00, 0x20,
  0x08, 0x40, 00, 0x20, 0x08, 0x40, 00, 0x20, 00, 0x40, 00, 0x40,
  0x08, 0x41, 00, 0x41, 00, 0x40, 00, 0x41, 0x08, 0x41, 00, 0x41,
  0x08, 0x61, 00, 0x61, 0x08, 0x81, 00, 0x41, 0x08, 0x81, 00, 0x61,
  0x08, 0x81, 00, 0x61, 0x08, 0x81, 00, 0x41, 0x08, 0x81, 00, 0x61,
  0x08, 0x81, 00, 0x81, 0x08, 0x81, 00, 0x41, 0x08, 0x61, 00, 0x61,
  0x08, 0x61, 00, 0x61, 0x08, 0x81, 00, 0x41, 0x08, 0x81, 00, 0x61,
  00, 0x81, 00, 0x82, 0x10, 0xa1, 0x08, 0xa2, 0x10, 0xc2, 00, 0x81,
  00, 0x81, 00, 0x82, 0x08, 0xa1, 00, 0x61, 00, 0x81, 00, 0x82,
  0x08, 0xc1, 00, 0xa1, 0x08, 0x81, 00, 0x41, 0x08, 0x81, 00, 0x81,
  00, 0x81, 00, 0x82, 00, 0x81, 00, 0x82, 00, 0x81, 00, 0x82,
  0x08, 0xc1, 00, 0xa1, 0x08, 0xc1, 00, 0xa1, 0x08, 0xc1, 00, 0xc2,
  0x08, 0xc1, 00, 0xa1, 00, 0xc1, 00, 0xc2, 0x09, 0x02, 00, 0xe2,
  0x08, 0xe3, 00, 0xa2, 0x09, 0x02, 00, 0xe2, 00, 0xc1, 00, 0xc2,
  0x09, 0x02, 00, 0xe2, 0x09, 0x03, 0x01, 0x03, 0x09, 0x43, 0x01, 0x44,
  0x09, 0x84, 0x01, 0x23, 0x09, 0x02, 00, 0xe2, 0x09, 0x02, 00, 0xc2,
  0x09, 0x02, 00, 0xe2, 0x08, 0xe2, 0x19, 0xa5, 0x32, 0x06, 00, 0xc1,
  0x09, 0x42, 0x01, 0x02, 0x01, 0x02, 0x01, 0x03, 0x11, 0x84, 0x01, 0x23,
  0x09, 0x43, 0x01, 0x03, 0x09, 0x03, 0x01, 0x03, 0x09, 0x44, 0x01, 0x23,
  0x09, 0x64, 0x01, 0x23, 0x09, 0x44, 0x01, 0x23, 0x09, 0x43, 0x01, 0x02,
  0x01, 0x02, 0x01, 0x02, 0x09, 0x02, 00, 0xc2, 0x09, 0x02, 00, 0xe2,
  0x09, 0x43, 0x01, 0x03, 0x09, 0x23, 0x01, 0x23, 0x09, 0x02, 00, 0xc2,
  0x09, 0x02, 00, 0xe2, 0x09, 0x03, 0x01, 0x03, 0x01, 0x02, 0x01, 0x03,
  0x09, 0x44, 0x01, 0x23, 0x09, 0x03, 00, 0xe3, 0x09, 0x02, 00, 0xc2,
  0x09, 0x02, 00, 0xe2, 0x09, 0x02, 00, 0xe2, 00, 0xc1, 00, 0xc2,
  0x09, 0x02, 00, 0xc2, 0x09, 0x02, 00, 0xc2, 0x01, 0x02, 0x01, 0x02,
  0x09, 0x43, 0x01, 0x23, 0x09, 0x02, 00, 0xe2, 0x09, 0x02, 00, 0xe2,
  0x09, 0x02, 00, 0xc2, 0x09, 0x02, 00, 0xc2, 0x08, 0xc2, 00, 0xc2,
  0x08, 0xc2, 00, 0x82, 00, 0xc1, 00, 0xc2, 0x08, 0xc1, 00, 0xa1,
  0x08, 0xc1, 00, 0xa1, 0x08, 0xc1, 00, 0xa1, 0x19, 0x03, 00, 0x82,
  00, 0x81, 00, 0x82, 0x08, 0x81, 00, 0x81, 0x08, 0x81, 00, 0x81,
  0x08, 0x81, 00, 0x61, 0x08, 0x61, 0x08, 0x82, 0x18, 0xc3, 00, 0x41,
  0x08, 0x81, 00, 0x41, 0x08, 0x61, 00, 0x61, 0x08, 0x61, 00, 0x41,
  0x08, 0x81, 00, 0x61, 00, 0x40, 00, 0x41, 0x08, 0x61, 00, 0x41,
  0x08, 0x80, 00, 0x40, 0x08, 0x41, 00, 0x41, 00, 0x40, 00, 0x41,
  0x08, 0x40, 00, 0x40, 00, 0x40, 00, 0x40, 0x08, 0x40, 00, 0x40,
  0x08, 0x40, 00, 0x41, 0x08, 0x40, 00, 00, 0x08, 0x40, 00, 00,
  0x08, 0x40, 00, 00, 0x08, 0x40, 00, 0x20, 0x08, 0x40, 00, 00,
  0x08, 0x40, 00, 0x20, 0x08, 0x40, 00, 00, 0x08, 0x40, 00, 0x20,
  0x08, 0x20, 00, 00, 0x08, 0x40, 00, 0x20, 0x08, 0x40, 00, 00,
  00, 0x01, 00, 0x21, 00, 0x41, 00, 0x40, 00, 0x01, 00, 0x21,
  00, 0x41, 00, 0x41, 00, 0x41, 00, 0x41, 00, 0x41, 00, 0x41,
  00, 0x41, 00, 0x41, 00, 0x41, 00, 0x61, 00, 0x41, 0x08, 0x61,
  00, 0x41, 00, 0x61, 00, 0x41, 0x08, 0x61, 00, 0x41, 00, 0x61,
  00, 0x41, 00, 0x61, 00, 0x41, 00, 0x41, 00, 0x41, 00, 0x61,
  00, 0x82, 00, 0x61, 00, 0x41, 0x08, 0x61, 00, 0x41, 00, 0x41,
  00, 0x41, 00, 0x61, 00, 0x81, 00, 0x61, 00, 0x41, 00, 0x61,
  00, 0x82, 00, 0x81, 00, 0x81, 0x08, 0xc2, 00, 0x82, 00, 0x61,
  00, 0x82, 00, 0x81, 00, 0x81, 00, 0x61, 00, 0x81, 0x08, 0xc2,
  00, 0xc3, 00, 0x81, 00, 0x81, 00, 0x61, 00, 0x82, 00, 0x81,
  00, 0x82, 00, 0x81, 00, 0x82, 00, 0x81, 00, 0x82, 00, 0x81,
  00, 0x82, 00, 0x81, 00, 0x81, 00, 0xa2, 00, 0xc2, 00, 0xa2,
  00, 0xc2, 00, 0xa2, 00, 0xc2, 00, 0xa2, 00, 0xc2, 00, 0xa2,
  00, 0xc2, 00, 0xa2, 00, 0xc2, 00, 0xa2, 00, 0xc3, 0x08, 0xe3,
  00, 0xc2, 00, 0xa2, 0x01, 0x03, 0x01, 0x03, 0x01, 0x03, 0x01, 0x23,
  0x01, 0x44, 0x01, 0x43, 0x01, 0x03, 0x01, 0x03, 0x01, 0x03, 00, 0xc2,
  00, 0xc3, 00, 0xe3, 0x01, 0x03, 0x01, 0x02, 0x01, 0x03, 0x01, 0x02,
  0x01, 0x03, 0x01, 0x03, 0x01, 0x04, 0x01, 0x24, 0x01, 0x44, 0x01, 0x02,
  0x01, 0x44, 0x01, 0x03, 0x01, 0x03, 0x01, 0x23, 0x01, 0x44, 0x01, 0x64,
  0x01, 0x44, 0x01, 0x03, 0x01, 0x03, 0x01, 0x23, 0x01, 0x44, 0x01, 0x44,
  0x01, 0x44, 0x09, 0x64, 00, 0xc3, 00, 0xe3, 0x01, 0x02, 00, 0xe2,
  0x01, 0x03, 0x01, 0x23, 0x01, 0x44, 0x01, 0x02, 0x01, 0x03, 0x01, 0x03,
  00, 0xc3, 00, 0xe3, 0x01, 0x03, 0x01, 0x03, 0x01, 0x03, 0x01, 0x03,
  0x01, 0x03, 0x01, 0x03, 0x01, 0x03, 0x01, 0x03, 0x01, 0x03, 0x01, 0x03,
  0x01, 0x03, 0x01, 0x02, 0x01, 0x02, 00, 0xe2, 00, 0xc3, 00, 0xe3,
  00, 0xc3, 00, 0xc2, 0x01, 0x03, 0x01, 0x03, 0x01, 0x03, 00, 0xc2,
  0x01, 0x04, 0x01, 0x24, 0x01, 0x03, 0x01, 0x02, 0x01, 0x03, 0x01, 0x03,
  0x01, 0x03, 0x01, 0x02, 00, 0xc2, 00, 0xa2, 00, 0xc3, 00, 0xc2,
  00, 0xc2, 00, 0xa2, 00, 0xc2, 00, 0xa2, 00, 0xc3, 00, 0x81,
  00, 0x81, 00, 0xa2, 00, 0xc2, 00, 0xa2, 0x11, 0x03, 0x08, 0xa2,
  00, 0x82, 00, 0x81, 00, 0x82, 00, 0x81, 00, 0x82, 00, 0x81,
  00, 0x82, 00, 0x81, 00, 0x81, 0x10, 0xc2, 0x08, 0xc3, 00, 0x61,
  00, 0x82, 00, 0x40, 00, 0x41, 00, 0x61, 00, 0x41, 0x08, 0x61,
  00, 0x41, 00, 0x41, 00, 0x41, 00, 0x61, 00, 0x41, 00, 0x41,
  00, 0x41, 00, 0x41, 00, 0x41, 00, 0x41, 00, 0x41, 00, 0x41,
  00, 0x41, 00, 0x41, 00, 0x41, 00, 0x40, 00, 0x41, 00, 0x41,
  00, 0x40, 00, 0x20, 00, 0x41, 00, 0x41, 00, 0x01, 00, 0x21,
  00, 0x01, 00, 0x21, 00, 0x01, 00, 0x21, 00, 00, 0x08, 0x20,
  00, 00, 00, 0x20, 00, 0x41, 00, 0x40, 00, 0x01, 00, 0x21,
  00, 0x01, 00, 0x21, 00, 0x01, 00, 0x21, 00, 00, 00, 0x20,
  0x08, 0x40, 00, 0x40, 0x08, 0x40, 00, 0x20, 0x08, 0x40, 00, 00,
  0x08, 0x40, 00, 00, 0x08, 0x40, 00, 0x20, 00, 0x40, 00, 0x40,
  0x08, 0x81, 00, 0x41, 0x08, 0x80, 00, 0x60, 0x08, 0x61, 00, 0x41,
  0x08, 0x61, 00, 0x41, 0x08, 0x81, 00, 0x61, 0x08, 0x61, 00, 0x61,
  0x08, 0x81, 00, 0x61, 0x08, 0x61, 00, 0x61, 0x08, 0x61, 00, 0x41,
  0x08, 0x61, 00, 0x61, 0x08, 0x81, 00, 0x41, 0x08, 0x61, 00, 0x61,
  0x08, 0x81, 00, 0x41, 0x08, 0xa2, 00, 0x61, 0x08, 0x81, 00, 0x41,
  0x08, 0x61, 00, 0x61, 0x08, 0x81, 00, 0x81, 0x08, 0x81, 00, 0x41,
  0x08, 0x81, 00, 0x81, 00, 0x81, 00, 0x82, 0x08, 0xc1, 00, 0xa1,
  0x08, 0xc1, 00, 0xa1, 0x08, 0x81, 00, 0x41, 00, 0x81, 00, 0x82,
  0x08, 0xc1, 00, 0xa1, 00, 0x81, 00, 0x82, 0x08, 0x81, 00, 0x81,
  0x08, 0xc1, 00, 0xa1, 0x08, 0xc1, 00, 0xa1, 0x08, 0xc1, 00, 0xa1,
  0x08, 0xc1, 00, 0xc2, 0x09, 0x02, 00, 0xc2, 0x09, 0x02, 00, 0xc2,
  0x08, 0xe3, 00, 0xa2, 0x08, 0xc2, 00, 0x82, 0x09, 0x02, 00, 0xe2,
  0x09, 0x02, 00, 0xc2, 0x01, 0x02, 0x01, 0x03, 0x09, 0x03, 0x01, 0x03,
  0x01, 0x02, 0x01, 0x03, 0x11, 0xa5, 0x01, 0x23, 0x09, 0x43, 0x01, 0x44,
  0x09, 0x02, 00, 0xe2, 0x09, 0x02, 00, 0xe2, 0x01, 0x02, 0x01, 0x03,
  0x09, 0x43, 0x01, 0x23, 0x09, 0x43, 0x01, 0x44, 0x09, 0x23, 0x01, 0x23,
  0x09, 0x83, 0x01, 0x63, 0x01, 0x43, 0x01, 0x44, 0x09, 0x83, 0x01, 0x63,
  0x09, 0x44, 0x01, 0x23, 0x09, 0x03, 0x01, 0x03, 0x09, 0x23, 0x01, 0x23,
  0x09, 0x43, 0x01, 0x23, 0x09, 0x03, 0x01, 0x03, 0x09, 0x23, 00, 0xe2,
  0x09, 0x02, 00, 0xe2, 0x09, 0x44, 0x01, 0x23, 0x09, 0x42, 0x01, 0x22,
  0x09, 0x02, 00, 0xc2, 0x01, 0x02, 0x01, 0x03, 0x09, 0x44, 0x01, 0x23,
  0x09, 0x23, 0x01, 0x23, 0x09, 0x43, 0x01, 0x03, 0x09, 0x23, 00, 0xe2,
  0x09, 0x02, 00, 0xc2, 0x09, 0x02, 00, 0xe2, 0x09, 0x02, 00, 0xc2,
  00, 0xc1, 00, 0xc2, 0x09, 0x03, 0x01, 0x03, 0x09, 0x02, 00, 0xe2,
  0x09, 0x44, 0x01, 0x23, 0x09, 0x02, 00, 0xc2, 0x09, 0x43, 0x01, 0x23,
  0x01, 0x02, 0x01, 0x03, 0x09, 0x02, 00, 0xc2, 0x09, 0x02, 00, 0xe2,
  0x09, 0x02, 00, 0xc2, 0x08, 0xa2, 00, 0xa2, 0x08, 0xc1, 00, 0xa1,
  00, 0x81, 00, 0x82, 0x08, 0xc1, 00, 0xc2, 0x08, 0xc1, 00, 0xa1,
  0x08, 0xc1, 00, 0xa1, 0x08, 0xc1, 00, 0xa1, 0x08, 0x81, 00, 0x81,
  0x08, 0xc1, 00, 0xa1, 0x08, 0xa2, 00, 0x61, 0x08, 0x61, 00, 0x61,
  0x08, 0x81, 00, 0x82, 0x08, 0x81, 00, 0x61, 0x08, 0x81, 00, 0x41,
  0x08, 0x61, 00, 0x61, 0x08, 0x61, 00, 0x61, 0x08, 0x80, 00, 0x40,
  0x08, 0x80, 00, 0x60, 0x08, 0x40, 00, 0x41, 00, 0x40, 00, 0x40,
  0x08, 0x40, 00, 0x20, 0x08, 0x40, 00, 0x40, 0x08, 0x40, 00, 0x40,
  0x10, 0x61, 0x10, 0xa2, 0x08, 0x40, 00, 0x20, 0x08, 0x40, 00, 00,
  0x08, 0x40, 00, 00, 0x08, 0x40, 00, 00, 0x08, 0x40, 00, 0x20,
  0x08, 0x40, 00, 0x20, 0x08, 0x40, 00, 00, 0x08, 0x40, 00, 00,
  0x08, 0x40, 00, 0x20, 0x08, 0x40, 00, 00, 0x08, 0x40, 00, 0x20,
  00, 0x41, 00, 0x41, 00, 0x01, 00, 0x21, 00, 0x41, 00, 0x41,
  00, 0x41, 00, 0x41, 00, 0x41, 00, 0x41, 00, 0x41, 00, 0x40,
  00, 0x41, 00, 0x41, 00, 0x41, 00, 0x41, 00, 0x41, 00, 0x41,
  00, 0x41, 00, 0x41, 00, 0x41, 00, 0x61, 00, 0x41, 00, 0x41,
  00, 0x81, 0x08, 0x81, 00, 0x41, 00, 0x61, 00, 0x41, 00, 0x61,
  00, 0x41, 0x08, 0x61, 00, 0x82, 00, 0x61, 00, 0x41, 00, 0x61,
  00, 0x81, 00, 0x61, 00, 0x82, 00, 0x81, 00, 0x81, 00, 0x61,
  00, 0x41, 00, 0x61, 00, 0x82, 00, 0x82, 00, 0x82, 00, 0x81,
  00, 0x82, 00, 0x82, 00, 0xc2, 00, 0x81, 00, 0x82, 00, 0x82,
  00, 0x82, 00, 0x81, 00, 0x82, 00, 0x82, 00, 0x81, 00, 0x61,
  00, 0x82, 00, 0x82, 00, 0x82, 00, 0x81, 00, 0x82, 00, 0xa2,
  00, 0xc2, 00, 0xa2, 00, 0x82, 00, 0x81, 00, 0xc2, 00, 0xa2,
  00, 0xc2, 00, 0xa2, 00, 0xc2, 00, 0xa2, 00, 0xc2, 00, 0xa2,
  00, 0xc2, 00, 0xa2, 00, 0xc2, 00, 0xa2, 00, 0xc2, 00, 0xa2,
  0x01, 0x03, 0x01, 0x03, 00, 0xc3, 00, 0xe3, 0x01, 0x44, 0x01, 0x44,
  0x01, 0x03, 0x01, 0x03, 0x01, 0x85, 0x01, 0x43, 0x01, 0x44, 0x01, 0x43,
  0x09, 0x43, 0x11, 0x43, 0x01, 0x03, 0x01, 0x02, 0x01, 0x03, 0x01, 0x23,
  0x01, 0x43, 0x01, 0x43, 0x01, 0x03, 0x01, 0x03, 0x01, 0x03, 0x01, 0x23,
  0x01, 0x44, 0x01, 0x44, 0x01, 0x84, 0x01, 0x64, 0x01, 0x44, 0x01, 0x43,
  0x01, 0x44, 0x01, 0x44, 0x01, 0x03, 0x01, 0x23, 0x01, 0x44, 0x01, 0x02,
  0x01, 0x03, 0x01, 0x03, 0x09, 0x44, 0x09, 0x02, 0x01, 0x03, 0x01, 0x03,
  00, 0xc3, 00, 0xe3, 0x01, 0x03, 0x01, 0x02, 0x01, 0x43, 0x01, 0x43,
  0x01, 0x03, 0x01, 0x03, 0x01, 0x02, 0x09, 0x23, 0x01, 0x44, 0x01, 0x02,
  0x01, 0x03, 0x01, 0x23, 0x01, 0x03, 0x01, 0x03, 0x01, 0x03, 0x01, 0x02,
  00, 0xc2, 00, 0xa2, 00, 0xc3, 00, 0xe3, 0x01, 0x03, 0x01, 0x02,
  0x01, 0x02, 00, 0xe2, 0x01, 0x03, 0x01, 0x03, 0x01, 0x23, 0x01, 0x23,
  0x01, 0x03, 0x01, 0x03, 0x01, 0x03, 0x01, 0x03, 0x01, 0x03, 0x01, 0x03,
  0x01, 0x03, 0x01, 0x03, 00, 0xc2, 0x08, 0xe3, 0x01, 0x04, 00, 0xc3,
  00, 0xc2, 00, 0xa2, 00, 0xc2, 00, 0xa2, 00, 0x82, 00, 0xa2,
  00, 0x82, 00, 0x82, 00, 0x82, 00, 0xa2, 00, 0x82, 00, 0xa2,
  00, 0x82, 00, 0x82, 00, 0x81, 00, 0x61, 00, 0x82, 00, 0x81,
  00, 0x82, 00, 0x81, 00, 0x82, 00, 0x81, 00, 0x81, 00, 0x61,
  00, 0x41, 0x08, 0x62, 00, 0x81, 00, 0x61, 00, 0x41, 00, 0x41,
  00, 0x41, 00, 0x41, 0x08, 0x82, 0x08, 0x61, 00, 0x41, 00, 0x41,
  0x08, 0x82, 00, 0x40, 00, 0x41, 00, 0x41, 00, 0x41, 00, 0x41,
  00, 0x41, 00, 0x41, 00, 0x41, 00, 0x41, 00, 0x41, 00, 0x40,
  00, 0x41, 0x21, 0x03, 00, 0x41, 00, 0x40, 00, 0x41, 00, 0x41,
  00, 0x01, 00, 0x21, 00, 0x41, 0x08, 0x40, 00, 0x01, 00, 0x21,
  00, 0x41, 00, 0x40, 00, 0x01, 00, 0x21, 00, 00, 0x08, 0x21,
  00, 0x01, 00, 00, 00, 0x01, 00, 0x21, 00, 00, 00, 00,
  0x08, 0x40, 00, 0x20, 0x08, 0x40, 00, 00, 0x08, 0x40, 00, 00,
  00, 0x40, 00, 0x40, 00, 0x40, 00, 0x41, 0x08, 0x41, 00, 0x41,
  0x08, 0x61, 00, 0x61, 0x08, 0x81, 00, 0x41, 00, 0x40, 00, 0x41,
  0x08, 0x61, 00, 0x41, 00, 0x40, 00, 0x40, 0x08, 0x61, 00, 0x61,
  0x08, 0x61, 00, 0x41, 0x08, 0x81, 00, 0x41, 0x08, 0x81, 00, 0x82,
  0x08, 0x61, 00, 0x61, 0x08, 0x81, 00, 0x41, 0x08, 0x81, 00, 0x61,
  0x08, 0x81, 00, 0x41, 0x08, 0x81, 00, 0x61, 0x08, 0x81, 00, 0x61,
  0x08, 0x81, 00, 0x41, 00, 0x81, 00, 0x82, 0x08, 0x81, 00, 0x61,
  00, 0x81, 00, 0x82, 0x10, 0xa2, 00, 0x61, 0x08, 0xc2, 00, 0x81,
  0x08, 0xc1, 00, 0xa1, 00, 0x81, 00, 0x82, 0x08, 0xc1, 00, 0xa1,
  00, 0x81, 00, 0x82, 00, 0x81, 00, 0x82, 0x08, 0xc1, 00, 0xc2,
  0x08, 0xc1, 00, 0xc2, 0x08, 0xa2, 00, 0xa2, 0x08, 0xc1, 00, 0xc2,
  0x09, 0x02, 00, 0xc2, 0x21, 0x84, 0x08, 0xc2, 0x09, 0x02, 00, 0xe2,
  0x09, 0x02, 00, 0xc2, 0x09, 0x02, 00, 0xe2, 0x09, 0x02, 00, 0xe2,
  0x09, 0x03, 0x01, 0x03, 0x09, 0x02, 0x01, 0x02, 0x09, 0x42, 0x01, 0x02,
  0x09, 0x43, 0x01, 0x44, 0x09, 0x63, 0x01, 0x63, 0x09, 0x03, 0x01, 0x03,
  0x09, 0x23, 0x01, 0x23, 0x09, 0x42, 0x01, 0x22, 0x01, 0x02, 0x01, 0x03,
  0x09, 0x44, 0x01, 0x23, 0x09, 0x43, 0x01, 0x23, 0x09, 0x43, 0x01, 0x43,
  0x09, 0x83, 0x01, 0x63, 0x09, 0x83, 0x01, 0x63, 0x09, 0x44, 0x01, 0x23,
  0x09, 0x43, 0x09, 0x44, 0x01, 0x43, 0x01, 0x44, 0x09, 0x84, 0x01, 0x64,
  0x09, 0x02, 0x01, 0x02, 0x09, 0x42, 0x01, 0x63, 0x09, 0x02, 00, 0xc2,
  0x09, 0x02, 00, 0xc2, 0x09, 0x03, 0x01, 0x03, 0x09, 0x44, 0x01, 0x23,
  0x01, 0x02, 0x01, 0x03, 0x09, 0x42, 0x01, 0x02, 0x01, 0x02, 0x01, 0x03,
  0x11, 0x84, 0x01, 0x43, 0x09, 0x43, 0x01, 0x03, 0x09, 0x02, 00, 0xc2,
  0x09, 0x02, 00, 0xc2, 0x09, 0x42, 0x01, 0x02, 0x01, 0x02, 0x01, 0x03,
  0x09, 0x02, 00, 0xc2, 0x09, 0x02, 00, 0xc2, 0x09, 0x03, 0x01, 0x03,
  0x09, 0x43, 0x09, 0x64, 0x09, 0x23, 0x01, 0x23, 0x09, 0x64, 0x01, 0x23,
  0x01, 0x02, 0x01, 0x03, 0x09, 0x43, 0x01, 0x03, 0x09, 0x02, 00, 0xc2,
  0x08, 0xe3, 00, 0xa2, 0x08, 0xc1, 00, 0xc2, 0x08, 0xc1, 00, 0xa1,
  0x08, 0xc1, 00, 0xe2, 0x08, 0xc1, 00, 0xa1, 0x08, 0xc2, 00, 0xa2,
  0x08, 0xc1, 00, 0xa1, 0x08, 0xc1, 00, 0xa1, 0x08, 0xc1, 00, 0xa1,
  0x08, 0x81, 00, 0x81, 0x08, 0x81, 00, 0x41, 0x08, 0x81, 00, 0x61,
  0x08, 0x61, 00, 0x61, 0x08, 0x81, 00, 0x41, 0x08, 0x80, 00, 0x60,
  0x08, 0x61, 00, 0x61, 0x08, 0x61, 00, 0x41, 0x08, 0x81, 00, 0x41,
  0x08, 0x80, 00, 0x40, 00, 0x40, 00, 0x40, 00, 0x40, 00, 0x40,
  0x08, 0x40, 00, 0x40, 0x08, 0x40, 00, 00, 00, 0x40, 00, 0x40,
  0x08, 0x40, 00, 00, 0x08, 0x40, 00, 00, 0x08, 0x40, 00, 00,
  0x08, 0x40, 00, 00, 0x08, 0x40, 00, 00, 0x08, 0x40, 00, 00,
  0x08, 0x40, 00, 0x20, 0x08, 0x40, 00, 00, 0x08, 0x40, 00, 0x41,
  0x08, 0x40, 00, 00, 0x08, 0x40, 00, 0x20, 0x08, 0x40, 00, 0x20,
  00, 0x01, 00, 0x21, 00, 0x41, 00, 0x41, 00, 0x01, 00, 0x21,
  00, 0x41, 00, 0x40, 00, 0x41, 00, 0x40, 00, 0x41, 00, 0x41,
  00, 0x40, 00, 0x61, 00, 0x41, 00, 0x41, 00, 0x41, 00, 0x41,
  00, 0x41, 00, 0x41, 00, 0x41, 00, 0x41, 00, 0x41, 00, 0x41,
  00, 0x41, 00, 0x61, 00, 0x41, 00, 0x61, 00, 0x41, 00, 0x41,
  00, 0x41, 00, 0x41, 00, 0x41, 00, 0x61, 00, 0x82, 00, 0x81,
  00, 0x81, 00, 0x61, 00, 0x41, 00, 0x61, 00, 0x41, 00, 0x61,
  00, 0x41, 00, 0x61, 00, 0x41, 00, 0x61, 00, 0x81, 00, 0x61,
  00, 0x81, 00, 0x61, 00, 0x82, 00, 0x81, 00, 0x82, 00, 0x61,
  00, 0xc2, 00, 0xa2, 00, 0x82, 00, 0x81, 00, 0x82, 00, 0x61,
  00, 0x81, 00, 0x61, 00, 0x82, 00, 0x81, 00, 0xc2, 00, 0xc2,
  00, 0xc2, 00, 0xc2, 00, 0xc2, 00, 0xa2, 00, 0x82, 00, 0xa2,
  00, 0xc2, 00, 0xa2, 00, 0xc2, 00, 0xc2, 00, 0xc2, 00, 0xa2,
  00, 0xc2, 00, 0xa2, 00, 0xe2, 00, 0xe2, 00, 0xc2, 00, 0xa2,
  00, 0xc2, 0x08, 0xe3, 00, 0xc3, 00, 0xe3, 0x01, 0x03, 0x01, 0x03,
  0x01, 0x85, 0x01, 0x44, 0x01, 0x44, 0x01, 0x23, 00, 0xc3, 00, 0xe3,
  0x01, 0x03, 0x01, 0x23, 0x01, 0x03, 0x01, 0x03, 0x01, 0x03, 0x01, 0x23,
  0x01, 0x44, 0x01, 0x43, 0x01, 0x44, 0x01, 0x43, 0x01, 0x23, 0x09, 0x64,
  0x01, 0x85, 0x01, 0x43, 0x01, 0x44, 0x01, 0x43, 0x01, 0x44, 0x01, 0x24,
  0x01, 0x23, 0x11, 0x64, 0x01, 0x85, 0x01, 0x44, 0x01, 0x63, 0x09, 0x84,
  0x01, 0x43, 0x01, 0x43, 0x01, 0x44, 0x01, 0x44, 0x01, 0x03, 0x01, 0x03,
  0x01, 0x03, 0x01, 0x03, 00, 0xc3, 00, 0xe3, 0x01, 0x03, 0x01, 0x03,
  0x01, 0x03, 0x01, 0x03, 0x01, 0x03, 0x01, 0x03, 0x09, 0x04, 0x08, 0xe3,
  0x01, 0x03, 0x01, 0x23, 0x01, 0x03, 0x01, 0x03, 0x01, 0x03, 00, 0xe3,
  0x01, 0x03, 0x01, 0x03, 00, 0xc3, 00, 0xe3, 0x01, 0x03, 0x01, 0x03,
  0x01, 0x03, 0x01, 0x03, 0x01, 0x03, 0x09, 0x23, 0x01, 0x03, 0x01, 0x03,
  0x01, 0x43, 0x11, 0xc5, 0x01, 0x64, 0x01, 0x64, 0x01, 0x64, 0x01, 0x44,
  0x01, 0x43, 0x01, 0x43, 0x01, 0x64, 0x01, 0x02, 00, 0xc2, 00, 0xa2,
  00, 0xc2, 00, 0xa2, 00, 0xc2, 00, 0xa2, 00, 0xc2, 00, 0xa2,
  00, 0x82, 00, 0xa2, 00, 0xc3, 00, 0x81, 00, 0x82, 00, 0x82,
  00, 0x82, 00, 0x82, 00, 0x82, 00, 0x82, 00, 0x82, 00, 0x81,
  00, 0x82, 00, 0x81, 00, 0x81, 00, 0x61, 00, 0x81, 00, 0x61,
  00, 0x41, 00, 0x61, 00, 0x41, 00, 0x61, 00, 0x41, 00, 0x41,
  00, 0x41, 00, 0x41, 00, 0x41, 00, 0x61, 00, 0x41, 00, 0x41,
  00, 0x41, 00, 0x41, 00, 0x41, 00, 0x41, 00, 0x41, 00, 0x41,
  00, 0x41, 00, 0x41, 00, 0x41, 00, 0x41, 00, 0x41, 00, 0x40,
  00, 0x41, 00, 0x41, 00, 0x41, 00, 0x40, 00, 0x41, 00, 0x40,
  00, 00, 0x08, 0x21, 00, 0x41, 00, 0x41, 00, 0x41, 00, 0x40,
  00, 0x41, 00, 0x40, 00, 0x41, 00, 0x40, 00, 00, 00, 0x20,
  00, 0x01, 00, 0x21, 00, 00, 00, 00, 00, 00, 00, 00,
  0x08, 0x40, 00, 00, 0x08, 0x40, 00, 0x20, 0x08, 0x40, 00, 00,
  0x08, 0x40, 00, 00, 0x08, 0x41, 00, 0x41, 0x08, 0x61, 00, 0x20,
  0x08, 0x81, 0x08, 0x81, 00, 0x40, 00, 0x40, 0x08, 0x61, 00, 0x41,
  00, 0x40, 00, 0x40, 0x08, 0x41, 00, 0x41, 00, 0x40, 00, 0x41,
  0x08, 0x81, 00, 0x41, 0x18, 0xc2, 0x08, 0x81, 0x08, 0x81, 00, 0x61,
  0x08, 0x61, 00, 0x61, 0x08, 0x81, 00, 0x41, 0x08, 0x81, 00, 0x41,
  0x08, 0x81, 00, 0x82, 0x08, 0x81, 00, 0x61, 0x08, 0x81, 00, 0x41,
  0x08, 0x81, 00, 0x41, 0x08, 0x81, 00, 0x61, 0x08, 0x61, 00, 0x61,
  0x08, 0x81, 00, 0x61, 0x08, 0x81, 00, 0x61, 0x08, 0x81, 00, 0x61,
  0x08, 0x81, 00, 0x81, 0x08, 0xc1, 00, 0xa1, 00, 0x81, 00, 0x82,
  0x08, 0x81, 00, 0x41, 00, 0x81, 00, 0x82, 0x08, 0xc1, 00, 0xa1,
  0x08, 0xc1, 00, 0xa1, 0x08, 0xc1, 00, 0xa1, 0x08, 0xc1, 00, 0xa1,
  0x08, 0xc1, 00, 0xc2, 0x08, 0xc1, 00, 0xa1, 0x09, 0x02, 00, 0xc2,
  00, 0xc2, 00, 0xc3, 0x09, 0x02, 00, 0xc2, 00, 0xc1, 00, 0xc2,
  0x09, 0x02, 00, 0xc2, 0x09, 0x02, 00, 0xe2, 0x09, 0x64, 0x01, 0x23,
  0x09, 0x43, 0x01, 0x23, 0x09, 0x44, 0x01, 0x23, 0x09, 0x02, 00, 0xe2,
  0x09, 0x03, 0x01, 0x03, 0x11, 0x42, 0x01, 0x02, 0x01, 0x43, 0x01, 0x44,
  0x09, 0x23, 0x01, 0x23, 0x09, 0x44, 0x01, 0x64, 0x09, 0x44, 0x01, 0x64,
  0x09, 0x63, 0x01, 0x63, 0x09, 0x63, 0x01, 0x63, 0x09, 0x84, 0x01, 0x84,
  0x11, 0x43, 0x11, 0x64, 0x09, 0x83, 0x01, 0x63, 0x01, 0x02, 0x01, 0x43,
  0x09, 0x83, 0x01, 0x63, 0x09, 0x42, 0x01, 0x02, 0x09, 0x44, 0x01, 0x23,
  0x09, 0x02, 00, 0xc2, 0x09, 0x02, 00, 0xc2, 0x09, 0x02, 00, 0xc2,
  0x09, 0x43, 0x01, 0x23, 0x09, 0x02, 0x01, 0x03, 0x09, 0x03, 0x01, 0x03,
  0x09, 0x23, 00, 0xe2, 0x09, 0x02, 00, 0xc2, 0x01, 0x02, 0x01, 0x03,
  0x09, 0x23, 00, 0xe2, 0x3a, 0x05, 0x21, 0xa4, 0x01, 0x02, 0x01, 0x03,
  0x09, 0x02, 00, 0xc2, 0x09, 0x03, 0x01, 0x03, 0x09, 0x02, 0x01, 0x02,
  0x09, 0x84, 0x01, 0x84, 0x09, 0x84, 0x01, 0x23, 0x01, 0x02, 0x01, 0x03,
  0x01, 0x02, 0x01, 0x03, 0x09, 0x02, 00, 0xe2, 0x08, 0xe2, 00, 0xa1,
  0x08, 0xc1, 00, 0xc2, 0x08, 0xa2, 00, 0xa2, 00, 0xc1, 00, 0xc2,
  0x08, 0xa2, 00, 0xa2, 0x08, 0xa2, 00, 0xa2, 0x08, 0x81, 00, 0x61,
  0x08, 0xc1, 00, 0xc2, 0x08, 0xc1, 00, 0xa1, 0x08, 0xc1, 00, 0xa1,
  0x08, 0x81, 00, 0x61, 0x08, 0x81, 00, 0x41, 0x08, 0x81, 00, 0x41,
  0x08, 0x81, 00, 0x41, 0x08, 0x61, 00, 0x61, 0x08, 0x81, 00, 0x41,
  0x08, 0x81, 00, 0x61, 0x08, 0x61, 00, 0x41, 0x08, 0x40, 00, 0x61,
  0x08, 0x81, 00, 0x41, 0x08, 0x40, 00, 0x20, 0x08, 0x41, 00, 0x41,
  0x08, 0x40, 00, 00, 0x08, 0x40, 00, 0x20, 0x08, 0x40, 00, 00,
  0x08, 0x41, 00, 0x41, 0x08, 0x40, 00, 00, 0x08, 0x40, 00, 00,
  0x08, 0x40, 00, 0x20, 0x08, 0x40, 00, 00, 00, 0x40, 00, 0x40,
  0x08, 0x40, 00, 00, 0x08, 0x40, 00, 00, 0x08, 0x40, 00, 00,
  0x08, 0x40, 00, 0x20, 0x08, 0x40, 00, 00, 0x08, 0x40, 00, 0x20,
  00, 0x41, 00, 0x41, 00, 0x01, 00, 0x21, 00, 0x41, 00, 0x41,
  00, 0x01, 00, 0x21, 00, 0x41, 00, 0x41, 00, 0x41, 00, 0x41,
  0x08, 0x82, 0x10, 0x82, 00, 0x41, 00, 0x41, 00, 0x41, 00, 0x41,
  00, 0x41, 00, 0x40, 00, 0x41, 00, 0x41, 00, 0x41, 00, 0x41,
  00, 0x41, 00, 0x41, 0x10, 0xc3, 0x08, 0x81, 00, 0x41, 0x08, 0x61,
  00, 0x41, 00, 0x61, 00, 0x41, 00, 0x61, 00, 0x41, 00, 0x61,
  00, 0x82, 0x08, 0x81, 00, 0x41, 0x08, 0x61, 00, 0x82, 00, 0x62,
  00, 0x81, 00, 0x61, 00, 0x81, 00, 0x61, 00, 0x41, 00, 0x61,
  00, 0x82, 00, 0x81, 00, 0x81, 00, 0x61, 00, 0x81, 00, 0x61,
  00, 0x42, 00, 0x62, 00, 0x82, 00, 0x81, 00, 0x81, 00, 0x61,
  00, 0x82, 00, 0x81, 00, 0x82, 00, 0x81, 00, 0xc2, 00, 0x81,
  0x21, 0x85, 0x19, 0x02, 00, 0x81, 0x08, 0xc2, 00, 0x82, 00, 0x82,
  00, 0x82, 00, 0xa2, 00, 0xc2, 00, 0xa2, 00, 0xc2, 00, 0xa2,
  00, 0xc3, 00, 0xe3, 00, 0xc2, 0x08, 0xe3, 00, 0xc2, 00, 0xa2,
  00, 0xc2, 0x08, 0xe3, 0x01, 0x03, 0x01, 0x03, 0x01, 0x23, 0x01, 0x23,
  0x01, 0x04, 0x01, 0x24, 0x01, 0x44, 0x01, 0x03, 00, 0xc3, 0x09, 0x03,
  0x01, 0x04, 0x01, 0x24, 0x01, 0x03, 0x01, 0x03, 0x01, 0x44, 0x09, 0x43,
  0x01, 0x03, 0x01, 0x23, 0x01, 0x64, 0x09, 0x64, 0x01, 0x64, 0x01, 0x64,
  0x01, 0x84, 0x01, 0x64, 0x01, 0x84, 0x01, 0x43, 0x01, 0x64, 0x09, 0xa5,
  0x32, 0x46, 0x3a, 0x46, 0x09, 0x85, 0x01, 0x44, 0x01, 0x03, 0x01, 0x23,
  0x01, 0x44, 0x01, 0x23, 0x01, 0x03, 0x01, 0x03, 0x01, 0x03, 0x01, 0x23,
  0x01, 0x03, 0x01, 0x03, 0x01, 0x03, 0x01, 0x03, 0x01, 0x03, 0x01, 0x02,
  0x01, 0x44, 0x09, 0x23, 0x01, 0x03, 0x09, 0x43, 0x01, 0x03, 0x01, 0x23,
  0x01, 0x43, 0x09, 0x43, 0x01, 0x03, 00, 0xe3, 0x01, 0x03, 0x01, 0x23,
  0x01, 0x43, 0x01, 0x02, 0x3a, 0x27, 0x31, 0xc5, 00, 0xc2, 0x08, 0xe3,
  00, 0xc3, 00, 0xe3, 0x01, 0x04, 0x09, 0x44, 0x01, 0x23, 0x09, 0x64,
  0x01, 0x85, 0x01, 0x44, 0x01, 0x44, 0x01, 0x03, 0x01, 0x04, 0x01, 0x24,
  0x01, 0x03, 0x01, 0x03, 0x01, 0x03, 0x01, 0x03, 00, 0xc2, 00, 0xa2,
  00, 0xc2, 00, 0xa2, 00, 0xc2, 00, 0xa2, 00, 0xc2, 00, 0xc2,
  00, 0xc2, 00, 0xa2, 00, 0xc2, 00, 0xa2, 00, 0x82, 00, 0x81,
  00, 0x81, 0x08, 0xc2, 00, 0x82, 00, 0x82, 00, 0x82, 00, 0x82,
  00, 0x82, 00, 0x81, 00, 0x82, 00, 0x81, 00, 0x81, 00, 0x61,
  00, 0x81, 00, 0x61, 00, 0x41, 00, 0x61, 00, 0x82, 00, 0x81,
  00, 0x41, 00, 0x61, 00, 0x41, 00, 0x41, 00, 0x41, 0x08, 0x81,
  00, 0x41, 0x08, 0x61, 00, 0x41, 00, 0x41, 00, 0x41, 00, 0x41,
  00, 0x41, 00, 0x41, 00, 0x41, 00, 0x41, 00, 0x01, 00, 0x21,
  00, 0x41, 00, 0x41, 00, 0x40, 00, 0x20, 00, 0x41, 00, 0x40,
  00, 0x01, 00, 0x21, 00, 0x41, 00, 0x41, 00, 0x41, 00, 0x40,
  0x08, 0x81, 0x21, 0x03, 00, 0x41, 0x08, 0x20, 00, 0x41, 00, 0x41,
  00, 00, 00, 0x20, 00, 0x01, 00, 0x21, 00, 00, 00, 00,
  0x08, 0x40, 00, 0x20, 0x08, 0x40, 00, 00, 0x08, 0x40, 00, 00,
  0x08, 0x40, 00, 0x40, 0x08, 0x40, 00, 0x20, 0x08, 0x40, 00, 0x40,
  0x08, 0x40, 00, 0x20, 00, 0x40, 00, 0x40, 0x08, 0x61, 00, 0x61,
  0x08, 0x61, 00, 0x61, 00, 0x40, 00, 0x41, 0x08, 0x41, 00, 0x41,
  0x08, 0x61, 00, 0x41, 0x08, 0x61, 00, 0x61, 0x08, 0x80, 00, 0x40,
  0x08, 0x81, 00, 0x41, 0x08, 0x81, 00, 0x41, 0x08, 0x61, 00, 0x61,
  0x10, 0x82, 00, 0x41, 0x08, 0x81, 00, 0x41, 0x08, 0x81, 00, 0x61,
  0x08, 0x81, 00, 0x81, 0x08, 0x81, 00, 0x61, 00, 0x81, 00, 0x82,
  0x08, 0x81, 00, 0x41, 0x08, 0x81, 00, 0x41, 0x08, 0x81, 00, 0x82,
  0x08, 0xc2, 00, 0x81, 0x08, 0x81, 00, 0x61, 0x08, 0x81, 00, 0x81,
  00, 0x81, 00, 0x82, 0x08, 0xc1, 00, 0xa1, 0x08, 0xc1, 00, 0xa1,
  0x10, 0xc1, 00, 0x81, 0x08, 0xc1, 00, 0xa1, 0x08, 0xc1, 00, 0xa1,
  0x08, 0xc1, 00, 0xa1, 0x08, 0xc1, 00, 0xa1, 0x08, 0xc1, 00, 0xa1,
  0x08, 0xc1, 00, 0xc2, 0x09, 0x02, 00, 0xe2, 0x08, 0xe2, 00, 0xc2,
  0x09, 0x02, 00, 0xe2, 0x01, 0x02, 0x01, 0x03, 0x09, 0x23, 0x01, 0x23,
  0x09, 0x43, 0x01, 0x23, 0x09, 0x43, 0x01, 0x23, 0x09, 0x43, 0x01, 0x03,
  0x09, 0x23, 0x01, 0x23, 0x09, 0x42, 0x01, 0x02, 0x09, 0x23, 0x01, 0x23,
  0x01, 0x43, 0x01, 0x64, 0x09, 0x83, 0x01, 0x63, 0x09, 0xa5, 0x01, 0x64,
  0x09, 0x84, 0x01, 0xa5, 0x09, 0xa4, 0x01, 0x63, 0x19, 0xc4, 0x09, 0xa4,
  0xa4, 0x8e, 0xbd, 0x93, 0x21, 0xc4, 0x11, 0x84, 0x09, 0x84, 0x09, 0x84,
  0x09, 0x83, 0x01, 0x63, 0x09, 0x43, 0x01, 0x23, 0x01, 0x43, 0x01, 0x44,
  0x09, 0x64, 0x01, 0x23, 0x09, 0x02, 00, 0xc2, 0x09, 0x43, 0x01, 0x03,
  0x09, 0x42, 0x01, 0x22, 0x09, 0x42, 0x01, 0x02, 0x01, 0x02, 0x01, 0x03,
  0x11, 0x84, 0x01, 0x02, 0x09, 0x02, 00, 0xc2, 0x09, 0x02, 00, 0xc2,
  0x01, 0x02, 0x01, 0x02, 0x09, 0x02, 00, 0xe2, 0x09, 0x43, 0x01, 0x03,
  0x09, 0x03, 0x01, 0x03, 0x09, 0x23, 00, 0xe2, 0x09, 0x44, 0x01, 0x64,
  0x09, 0x44, 0x01, 0x23, 0x09, 0x64, 0x01, 0x23, 0x01, 0x02, 0x01, 0x03,
  0x09, 0x02, 00, 0xc2, 0x09, 0x02, 00, 0xe2, 0x09, 0x02, 00, 0xc2,
  00, 0xc2, 00, 0xc3, 0x08, 0xe3, 00, 0xa2, 0x08, 0xa2, 00, 0xa2,
  0x09, 0x02, 00, 0xc2, 0x08, 0xc1, 00, 0xa1, 0x08, 0xc1, 00, 0xa1,
  0x08, 0xc1, 00, 0xa1, 0x08, 0x81, 00, 0x81, 00, 0x81, 00, 0x82,
  0x08, 0xc1, 00, 0xa1, 00, 0x81, 00, 0x82, 0x08, 0x81, 00, 0x61,
  0x08, 0x61, 00, 0x61, 0x08, 0x81, 00, 0x41, 0x08, 0x81, 0x08, 0x82,
  0x08, 0x81, 00, 0x81, 0x08, 0x61, 00, 0x61, 0x08, 0x61, 00, 0x41,
  00, 0x40, 00, 0x40, 0x08, 0x41, 00, 0x41, 0x08, 0x80, 00, 0x40,
  0x08, 0x40, 00, 0x40, 0x08, 0x80, 00, 0x40, 00, 0x40, 00, 0x40,
  00, 0x40, 00, 0x40, 0x08, 0x40, 00, 00, 0x08, 0x40, 00, 0x20,
  0x08, 0x40, 00, 0x40, 0x08, 0x40, 00, 00, 0x08, 0x40, 00, 0x40,
  0x30, 0xe1, 0x7b, 0x8b, 0x18, 0xc1, 00, 0x40, 0x08, 0x40, 00, 00,
  0x08, 0x40, 00, 00, 0x08, 0x40, 00, 00, 0x08, 0x40, 00, 0x20,
  00, 0x01, 00, 0x21, 00, 0x01, 00, 0x21, 00, 0x41, 00, 0x40,
  00, 0x41, 00, 0x40, 00, 0x41, 00, 0x40, 00, 0x41, 00, 0x41,
  00, 0x41, 0x08, 0x61, 0x08, 0x82, 00, 0x40, 00, 0x41, 00, 0x41,
  00, 0x41, 00, 0x41, 00, 0x41, 00, 0x41, 00, 0x41, 00, 0x41,
  00, 0x41, 00, 0x41, 00, 0x41, 00, 0x41, 00, 0x41, 0x08, 0x61,
  00, 0x41, 0x08, 0x62, 00, 0x41, 00, 0x41, 00, 0x41, 00, 0x41,
  00, 0x41, 00, 0x41, 00, 0x41, 00, 0x41, 00, 0x41, 00, 0x61,
  00, 0x41, 00, 0x61, 00, 0x41, 00, 0x61, 00, 0x81, 00, 0x61,
  00, 0x82, 00, 0x81, 00, 0x82, 00, 0x81, 00, 0x82, 0x08, 0x81,
  00, 0x82, 00, 0x61, 00, 0x81, 00, 0x61, 00, 0x82, 00, 0x81,
  00, 0x82, 00, 0x81, 00, 0x82, 00, 0x81, 00, 0x82, 00, 0x81,
  00, 0x82, 00, 0x81, 00, 0xc2, 00, 0xa2, 00, 0x82, 00, 0xa2,
  00, 0x82, 00, 0x81, 00, 0x82, 00, 0xa2, 00, 0xc2, 00, 0xa2,
  00, 0xc2, 00, 0xa2, 00, 0xc2, 00, 0xa2, 00, 0xc2, 00, 0xc2,
  00, 0xc3, 00, 0xe3, 00, 0xc3, 00, 0xe3, 0x01, 0x03, 0x01, 0x03,
  0x01, 0x03, 0x01, 0x23, 0x01, 0x44, 0x01, 0x23, 0x01, 0x03, 0x01, 0x23,
  0x01, 0x03, 0x01, 0x03, 0x01, 0x03, 0x01, 0x23, 0x01, 0x43, 0x01, 0x43,
  0x01, 0x63, 0x09, 0x84, 0x01, 0x84, 0x01, 0x43, 0x01, 0x84, 0x09, 0xa5,
  0x01, 0x64, 0x01, 0x64, 0x01, 0x84, 0x01, 0x64, 0x01, 0x44, 0x01, 0x44,
  0x3a, 0x66, 0x53, 0x08, 0x09, 0x84, 0x01, 0x43, 0x01, 0x64, 0x09, 0x64,
  0x01, 0x44, 0x01, 0x02, 0x01, 0x03, 0x01, 0x23, 0x01, 0x03, 0x09, 0x64,
  0x01, 0x03, 0x01, 0x03, 0x01, 0x03, 0x01, 0x03, 0x01, 0x04, 00, 0xe3,
  0x01, 0x03, 0x01, 0x03, 0x01, 0x03, 0x01, 0x02, 0x01, 0x03, 0x01, 0x02,
  0x01, 0x03, 0x01, 0x03, 00, 0xe2, 00, 0xe2, 0x01, 0x03, 0x01, 0x03,
  0x01, 0x03, 0x01, 0x03, 0x01, 0x03, 0x09, 0x03, 0x01, 0x03, 0x01, 0x03,
  0x01, 0x03, 0x01, 0x23, 0x01, 0x04, 0x01, 0x24, 0x01, 0x44, 0x01, 0x02,
  0x01, 0x04, 0x01, 0x24, 0x01, 0x03, 0x01, 0x03, 0x01, 0x03, 0x01, 0x03,
  00, 0xc3, 00, 0xe3, 0x01, 0x03, 0x01, 0x03, 00, 0xc3, 00, 0xe3,
  00, 0xc2, 00, 0xa2, 00, 0xc2, 00, 0xa2, 00, 0xc2, 00, 0xa2,
  00, 0xc2, 00, 0xa2, 00, 0xc3, 00, 0x81, 00, 0x82, 0x08, 0xa2,
  00, 0x82, 00, 0x82, 00, 0x82, 00, 0x81, 00, 0x81, 00, 0x61,
  00, 0x82, 00, 0x82, 00, 0x82, 00, 0x82, 00, 0x81, 00, 0x61,
  00, 0x41, 00, 0x61, 00, 0x41, 0x08, 0x61, 00, 0x81, 00, 0x81,
  00, 0x41, 0x08, 0x61, 00, 0x41, 00, 0x41, 00, 0x41, 00, 0x41,
  00, 0x41, 00, 0x41, 00, 0x41, 00, 0x41, 00, 0x41, 00, 0x41,
  00, 0x41, 00, 0x41, 00, 0x41, 00, 0x41, 00, 0x41, 00, 0x41,
  00, 0x41, 00, 0x41, 00, 0x41, 00, 0x41, 00, 0x41, 00, 0x40,
  00, 0x01, 00, 0x21, 00, 0x41, 00, 0x41, 00, 0x41, 00, 0x41,
  00, 0x21, 0x08, 0x41, 00, 0x41, 00, 0x40, 00, 0x01, 00, 0x21,
  00, 00, 00, 0x20, 00, 00, 00, 00, 00, 00, 00, 00,
  0x08, 0x40, 00, 00, 0x08, 0x40, 00, 0x20, 00, 0x40, 00, 0x40,
  0x08, 0x40, 00, 00, 0x08, 0x40, 00, 0x40, 00, 0x40, 00, 0x41,
  0x08, 0x40, 00, 0x40, 0x08, 0x81, 00, 0x40, 0x08, 0x81, 00, 0x41,
  00, 0x40, 00, 0x40, 0x08, 0x61, 00, 0x41, 00, 0x40, 00, 0x40,
  0x08, 0x61, 00, 0x41, 0x08, 0x61, 00, 0x41, 0x08, 0x61, 00, 0x61,
  0x08, 0x61, 00, 0x61, 0x08, 0x81, 00, 0x41, 0x08, 0x61, 00, 0x61,
  0x08, 0x61, 00, 0x41, 0x08, 0x61, 00, 0x61, 0x08, 0x81, 00, 0x61,
  0x08, 0x81, 00, 0x41, 0x08, 0x81, 00, 0x41, 0x08, 0x61, 00, 0x61,
  0x08, 0x81, 00, 0x41, 0x08, 0x61, 00, 0x61, 0x08, 0x81, 00, 0x81,
  0x08, 0x81, 00, 0x41, 0x08, 0x81, 00, 0x41, 00, 0x81, 00, 0x82,
  0x08, 0xc1, 00, 0xa1, 0x08, 0x81, 00, 0x61, 0x08, 0x81, 00, 0x81,
  0x08, 0xc1, 00, 0xa1, 0x08, 0xa2, 00, 0xa2, 0x08, 0xc1, 00, 0xa1,
  0x08, 0xc2, 00, 0xa2, 0x08, 0xc1, 00, 0xa1, 0x08, 0xc1, 00, 0xc2,
  0x08, 0xc1, 00, 0xa1, 0x08, 0xc1, 00, 0xc2, 0x09, 0x02, 00, 0xc2,
  0x09, 0x02, 00, 0xc2, 0x09, 0x02, 00, 0xe2, 0x09, 0x02, 00, 0xc2,
  0x01, 0x02, 0x01, 0x43, 0x01, 0x84, 0x01, 0xa5, 0x09, 0x43, 0x01, 0x23,
  0x09, 0x44, 0x01, 0x23, 0x09, 0x43, 0x01, 0x43, 0x09, 0x83, 0x01, 0x63,
  0x09, 0x43, 0x01, 0x23, 0x09, 0x83, 0x01, 0x63, 0x09, 0x84, 0x01, 0x85,
  0x09, 0x83, 0x01, 0x63, 0x09, 0x84, 0x01, 0x84, 0x09, 0x84, 0x01, 0x64,
  0x11, 0x44, 0x11, 0x64, 0x09, 0x63, 0x01, 0x63, 0x09, 0x44, 0x01, 0x23,
  0x09, 0x44, 0x01, 0x23, 0x01, 0x02, 0x01, 0x03, 0x09, 0x84, 0x01, 0x64,
  0x01, 0x02, 0x01, 0x03, 0x09, 0x43, 0x01, 0x23, 0x09, 0x03, 0x01, 0x03,
  0x09, 0x02, 00, 0xc2, 0x09, 0x02, 00, 0xe2, 0x01, 0x02, 0x01, 0x03,
  0x09, 0x02, 00, 0xc2, 0x09, 0x02, 00, 0xc2, 0x01, 0x02, 0x01, 0x02,
  0x09, 0x02, 0x01, 0x02, 0x09, 0x02, 00, 0xe2, 0x09, 0x03, 0x01, 0x03,
  0x09, 0x43, 0x01, 0x03, 0x01, 0x44, 0x09, 0x85, 0x09, 0x64, 0x01, 0x23,
  0x01, 0x02, 0x01, 0x43, 0x01, 0x02, 0x01, 0x02, 0x09, 0x23, 00, 0xe2,
  0x09, 0x02, 00, 0xc2, 0x09, 0x02, 00, 0xc2, 0x09, 0x02, 00, 0xc2,
  0x08, 0xe2, 00, 0xe2, 0x08, 0xa2, 00, 0xa2, 0x08, 0xe2, 00, 0xc2,
  0x08, 0xc1, 00, 0xa1, 0x08, 0xc2, 00, 0xa2, 0x08, 0xc1, 00, 0xa1,
  0x08, 0xa2, 00, 0xa2, 0x08, 0x81, 00, 0x61, 0x08, 0xc1, 00, 0xa1,
  00, 0x81, 00, 0x82, 0x08, 0x81, 00, 0x61, 0x08, 0x81, 00, 0x41,
  0x08, 0x81, 00, 0x41, 0x08, 0x80, 00, 0xa1, 0x08, 0x81, 00, 0x41,
  0x08, 0x61, 00, 0x61, 0x08, 0x81, 00, 0x41, 00, 0x40, 00, 0x41,
  0x08, 0x80, 00, 0x40, 00, 0x40, 00, 0x40, 00, 0x40, 00, 0x41,
  0x08, 0x40, 00, 0x20, 0x08, 0x81, 00, 0x40, 0x08, 0x40, 00, 0x20,
  0x08, 0x40, 00, 0x41, 0x08, 0x40, 00, 00, 0x08, 0x40, 00, 00,
  0x08, 0x40, 00, 0x20, 0x08, 0x40, 00, 0x40, 0x08, 0x40, 00, 0x20,
  0x08, 0x40, 00, 0x41, 0x08, 0x40, 00, 0x20, 0x08, 0x40, 00, 00,
  0x08, 0x40, 00, 00, 0x08, 0x40, 00, 00, 0x08, 0x40, 00, 0x20,
  00, 0x01, 00, 0x21, 00, 00, 0x08, 0x21, 00, 0x41, 00, 0x41,
  00, 0x01, 00, 0x21, 00, 0x41, 00, 0x41, 00, 0x41, 00, 0x41,
  00, 0x41, 00, 0x41, 00, 0x41, 00, 0x40, 00, 0x41, 00, 0x41,
  00, 0x41, 00, 0x41, 00, 0x41, 00, 0x21, 00, 0x41, 00, 0x40,
  00, 0x82, 00, 0x40, 00, 0x41, 00, 0x41, 00, 0x41, 00, 0x41,
  00, 0x41, 00, 0x41, 00, 0x41, 00, 0x61, 00, 0x41, 00, 0x41,
  00, 0x41, 00, 0x61, 00, 0x41, 0x08, 0x61, 00, 0x81, 00, 0x81,
  00, 0x41, 00, 0x61, 00, 0x81, 00, 0x61, 00, 0x41, 0x08, 0x61,
  00, 0x41, 00, 0x61, 00, 0x41, 00, 0x61, 00, 0x82, 00, 0x81,
  00, 0x81, 00, 0x61, 00, 0x82, 00, 0x81, 00, 0x81, 00, 0x61,
  00, 0x82, 00, 0x82, 00, 0x41, 00, 0x61, 00, 0x81, 00, 0xa2,
  00, 0x82, 00, 0x61, 00, 0x82, 00, 0xa2, 00, 0xc2, 00, 0xa2,
  00, 0xc2, 00, 0xa2, 00, 0x82, 00, 0xa2, 00, 0xc2, 00, 0xa2,
  00, 0xc2, 00, 0xa2, 00, 0xc2, 00, 0xa2, 00, 0xc2, 00, 0xa2,
  00, 0xc3, 00, 0xe3, 00, 0xc2, 00, 0xa2, 00, 0xc3, 00, 0xe3,
  0x01, 0x03, 0x01, 0x03, 0x01, 0x64, 0x09, 0x64, 0x01, 0x43, 0x01, 0x43,
  0x01, 0x43, 0x01, 0x43, 0x01, 0x44, 0x01, 0x43, 0x01, 0x44, 0x01, 0x23,
  0x01, 0x44, 0x01, 0x43, 0x01, 0x64, 0x09, 0x64, 0x01, 0x44, 0x01, 0x64,
  0x01, 0x84, 0x01, 0x64, 0x01, 0xc5, 0x01, 0x84, 0x01, 0x84, 0x01, 0x64,
  0x09, 0x43, 0x11, 0x43, 0x01, 0x63, 0x09, 0x84, 0x01, 0x44, 0x01, 0x02,
  0x01, 0x03, 0x01, 0x23, 0x01, 0x03, 0x01, 0x23, 0x01, 0x44, 0x01, 0x23,
  0x01, 0x03, 0x01, 0x23, 0x01, 0x44, 0x01, 0x43, 0x01, 0x03, 0x01, 0x03,
  0x01, 0x03, 0x01, 0x03, 00, 0xc3, 00, 0xe3, 0x01, 0x03, 0x09, 0x03,
  0x01, 0x03, 0x01, 0x02, 0x01, 0x03, 0x01, 0x23, 0x01, 0x03, 0x01, 0x03,
  0x01, 0x03, 0x01, 0x03, 0x01, 0x03, 0x01, 0x03, 0x01, 0x03, 0x01, 0x23,
  0x01, 0x03, 0x01, 0x03, 0x01, 0x44, 0x01, 0x44, 0x01, 0x44, 0x01, 0x02,
  0x01, 0x44, 0x01, 0x02, 0x01, 0x03, 0x01, 0x23, 0x01, 0x03, 0x01, 0x03,
  00, 0xc2, 00, 0xa2, 00, 0xc3, 00, 0xe3, 00, 0xc3, 00, 0xc2,
  00, 0xc3, 00, 0xc2, 00, 0xc2, 00, 0xa2, 00, 0xc2, 00, 0xc2,
  00, 0xc2, 00, 0xa2, 00, 0xc2, 00, 0xa2, 00, 0x82, 00, 0x82,
  00, 0x82, 00, 0x82, 00, 0x81, 00, 0x61, 00, 0x82, 00, 0x81,
  00, 0x82, 00, 0x82, 0x19, 0x03, 0x19, 0x03, 00, 0x41, 00, 0x61,
  00, 0x81, 00, 0x61, 00, 0x41, 00, 0x61, 00, 0x41, 00, 0x61,
  00, 0x41, 00, 0x41, 00, 0x41, 00, 0x41, 00, 0x41, 00, 0x41,
  00, 0x41, 00, 0x41, 00, 0x41, 00, 0x41, 00, 0x41, 00, 0x41,
  00, 0x41, 00, 0x41, 00, 0x41, 00, 0x21, 00, 0x41, 00, 0x40,
  00, 0x41, 00, 0x41, 00, 0x41, 00, 0x40, 00, 0x41, 00, 0x41,
  00, 00, 00, 0x20, 00, 0x41, 00, 0x40, 00, 0x41, 00, 0x40,
  00, 0x41, 00, 0x41, 00, 0x01, 00, 0x21, 00, 0x01, 00, 0x21,
  00, 0x01, 00, 0x21, 00, 0x01, 00, 0x21, 00, 00, 00, 00,
  0x08, 0x40, 00, 0x20, 0x08, 0x40, 00, 0x41, 0x10, 0x61, 00, 0x20,
  0x08, 0x40, 00, 00, 0x08, 0x40, 00, 0x20, 0x08, 0x40, 00, 00,
  0x08, 0x40, 00, 0x20, 00, 0x40, 00, 0x40, 0x08, 0x80, 00, 0x40,
  0x08, 0x61, 00, 0x41, 00, 0x40, 00, 0x40, 00, 0x40, 00, 0x40,
  0x08, 0x80, 00, 0x40, 0x08, 0x61, 00, 0x61, 0x08, 0x40, 00, 0x40,
  00, 0x40, 00, 0x41, 0x08, 0x61, 00, 0x61, 0x08, 0x61, 00, 0x61,
  0x08, 0x80, 00, 0x40, 0x08, 0x61, 00, 0x61, 0x08, 0x81, 00, 0x41,
  00, 0x40, 00, 0x41, 0x08, 0x61, 00, 0x41, 0x08, 0x61, 00, 0x61,
  0x08, 0x61, 00, 0x61, 0x08, 0x81, 00, 0x61, 0x08, 0x81, 00, 0x61,
  0x08, 0x81, 00, 0x61, 0x08, 0x81, 00, 0x61, 0x08, 0x81, 00, 0x81,
  0x08, 0x81, 00, 0x41, 0x08, 0x81, 00, 0x61, 00, 0x81, 00, 0x82,
  00, 0x81, 00, 0x82, 00, 0x81, 00, 0x82, 0x08, 0xc2, 00, 0xa2,
  0x08, 0xa2, 00, 0xa2, 0x08, 0xc2, 00, 0xa2, 0x08, 0xc1, 00, 0xa1,
  0x08, 0xc1, 00, 0xc2, 0x08, 0xc1, 00, 0xc2, 0x09, 0x02, 00, 0xc2,
  0x09, 0x02, 00, 0xc2, 0x08, 0xe2, 00, 0xc2, 0x09, 0x02, 00, 0xc2,
  0x09, 0x02, 00, 0xe2, 0x09, 0x43, 0x01, 0x23, 0x09, 0x83, 0x01, 0x63,
  0x11, 0x84, 0x01, 0x43, 0x01, 0x44, 0x01, 0x44, 0x01, 0x43, 0x01, 0x44,
  0x09, 0x83, 0x01, 0x63, 0x09, 0x83, 0x01, 0x63, 0x09, 0x84, 0x01, 0x64,
  0x09, 0xc5, 0x01, 0xc5, 0x09, 0xe5, 0x01, 0xa4, 0x09, 0xc4, 0x01, 0xa4,
  0x11, 0x83, 0x01, 0x63, 0x09, 0x63, 0x01, 0x63, 0x09, 0x44, 0x01, 0x23,
  0x09, 0x43, 0x01, 0x23, 0x09, 0x03, 0x01, 0x03, 0x09, 0x02, 0x09, 0x44,
  0x01, 0x43, 0x01, 0x64, 0x11, 0x64, 0x01, 0x23, 0x09, 0x44, 0x01, 0x23,
  0x09, 0x02, 00, 0xc2, 0x09, 0x02, 00, 0xe2, 0x09, 0x03, 0x01, 0x03,
  0x09, 0x02, 00, 0xc2, 0x09, 0x02, 00, 0xc2, 0x09, 0x03, 0x01, 0x03,
  0x09, 0x02, 00, 0xe2, 0x09, 0x42, 0x01, 0x02, 0x01, 0x02, 0x01, 0x03,
  0x09, 0x43, 0x01, 0x03, 0x09, 0x63, 0x01, 0x22, 0x09, 0x44, 0x01, 0x64,
  0x09, 0x23, 00, 0xe2, 0x09, 0x43, 0x01, 0x23, 0x09, 0x02, 00, 0xe2,
  0x09, 0x02, 00, 0xc2, 00, 0xc2, 00, 0xc3, 0x09, 0x02, 00, 0xc2,
  0x09, 0x02, 00, 0xe2, 0x09, 0x02, 00, 0xc2, 0x08, 0xe3, 00, 0xa2,
  00, 0xc1, 00, 0xc2, 0x08, 0xc2, 00, 0xa2, 0x08, 0xc1, 00, 0xa1,
  0x08, 0xc1, 00, 0xa1, 0x08, 0xc1, 00, 0xa1, 00, 0x81, 00, 0x82,
  0x08, 0xc1, 00, 0xa1, 0x21, 0x44, 0x19, 0x03, 00, 0x81, 00, 0x81,
  0x08, 0x81, 00, 0x41, 0x08, 0x81, 00, 0x41, 0x08, 0x61, 00, 0x41,
  0x08, 0x61, 00, 0x61, 0x08, 0x61, 00, 0x61, 0x08, 0x80, 00, 0x40,
  0x08, 0x40, 00, 0x20, 00, 0x40, 00, 0x40, 00, 0x40, 00, 0x40,
  0x08, 0x40, 00, 0x40, 0x08, 0x40, 00, 0x20, 0x08, 0x40, 00, 00,
  0x08, 0x40, 00, 0x20, 0x08, 0x40, 00, 0x20, 0x08, 0x40, 00, 00,
  0x08, 0x40, 00, 00, 0x08, 0x40, 00, 0x20, 0x08, 0x40, 00, 00,
  0x08, 0x40, 00, 00, 0x08, 0x40, 00, 0x20, 0x08, 0x40, 00, 0x20,
  0x08, 0x40, 00, 00, 0x08, 0x40, 00, 0x20, 0x08, 0x40, 00, 00,
  00, 0x41, 00, 0x40, 00, 0x41, 00, 0x41, 00, 00, 00, 0x20,
  00, 0x41, 00, 0x40, 00, 0x41, 00, 0x40, 00, 0x41, 00, 0x40,
  00, 0x41, 00, 0x41, 00, 0x41, 00, 0x41, 00, 0x20, 0x08, 0x61,
  00, 0x41, 00, 0x41, 00, 0x41, 00, 0x41, 00, 0x41, 00, 0x41,
  00, 0x41, 00, 0x41, 00, 0x41, 00, 0x41, 00, 0x41, 00, 0x41,
  00, 0x41, 00, 0x41, 00, 0x41, 00, 0x61, 00, 0x41, 00, 0x41,
  00, 0x41, 00, 0x21, 00, 0x41, 00, 0x61, 00, 0x41, 00, 0x41,
  00, 0x41, 00, 0x41, 00, 0x41, 0x08, 0x61, 00, 0x41, 00, 0x41,
  00, 0x41, 00, 0x61, 00, 0x42, 00, 0x62, 00, 0x41, 00, 0x61,
  00, 0x82, 0x08, 0x81, 00, 0x82, 00, 0x61, 00, 0x82, 00, 0x81,
  00, 0x82, 00, 0x81, 00, 0x82, 00, 0x82, 00, 0x81, 00, 0x61,
  00, 0x82, 00, 0x62, 00, 0x82, 00, 0x81, 00, 0x82, 00, 0xa2,
  00, 0x82, 00, 0xa2, 00, 0x82, 00, 0xa2, 00, 0xc2, 00, 0xa2,
  00, 0x82, 00, 0xa2, 00, 0xc2, 00, 0xa2, 00, 0xc2, 0x08, 0xe3,
  00, 0xc2, 00, 0xa2, 0x01, 0x03, 0x09, 0x02, 0x01, 0x03, 0x01, 0x03,
  00, 0xc2, 00, 0xa2, 00, 0xc3, 00, 0xe3, 0x01, 0x44, 0x01, 0x43,
  0x01, 0x44, 0x01, 0x43, 0x01, 0xc5, 0x01, 0xc5, 0x01, 0x64, 0x01, 0x64,
  0x01, 0x44, 0x01, 0x24, 0x01, 0x04, 0x01, 0x24, 0x01, 0x64, 0x09, 0x64,
  0x01, 0x84, 0x01, 0x64, 0x01, 0xa5, 0x09, 0xa5, 0x01, 0x85, 0x01, 0x43,
  0x01, 0x44, 0x01, 0x44, 0x01, 0x04, 0x01, 0x24, 0x01, 0x43, 0x01, 0x43,
  0x01, 0x03, 0x01, 0x23, 0x01, 0x44, 0x01, 0x44, 0x01, 0x03, 0x01, 0x03,
  0x01, 0x44, 0x01, 0x23, 0x01, 0x43, 0x01, 0x43, 0x01, 0x43, 0x01, 0x43,
  00, 0xc3, 00, 0xe3, 0x01, 0x03, 0x01, 0x03, 0x01, 0x03, 0x01, 0x02,
  0x01, 0x03, 0x01, 0x03, 0x01, 0x03, 0x01, 0x02, 00, 0xc2, 0x08, 0xe3,
  0x01, 0x03, 0x01, 0x03, 0x01, 0x03, 0x01, 0x03, 0x01, 0x03, 0x01, 0x03,
  0x01, 0x43, 0x01, 0x43, 0x01, 0x03, 0x01, 0x03, 0x01, 0x03, 0x09, 0x64,
  0x01, 0x23, 0x01, 0x23, 0x01, 0x03, 0x09, 0x03, 00, 0xc3, 00, 0xe3,
  0x01, 0x03, 00, 0xc2, 00, 0xc3, 00, 0xe3, 0x01, 0x03, 0x01, 0x03,
  00, 0xc3, 00, 0xe3, 0x01, 0x03, 0x01, 0x03, 00, 0xc2, 00, 0xa2,
  00, 0x82, 00, 0xa2, 00, 0xc2, 00, 0xa2, 00, 0xc2, 00, 0xa2,
  00, 0x82, 00, 0x82, 00, 0x82, 00, 0x81, 00, 0x82, 00, 0x82,
  00, 0x81, 0x08, 0xc2, 00, 0x81, 00, 0x61, 00, 0x82, 00, 0x81,
  00, 0x81, 00, 0x61, 00, 0x41, 00, 0x41, 00, 0x41, 00, 0x61,
  00, 0x41, 00, 0x61, 00, 0x41, 00, 0x61, 00, 0x41, 00, 0x41,
  00, 0x41, 00, 0x41, 00, 0x41, 00, 0x41, 00, 0x41, 00, 0x41,
  00, 0x41, 00, 0x41, 00, 0x41, 00, 0x41, 00, 0x41, 00, 0x41,
  00, 0x41, 00, 0x40, 00, 0x41, 00, 0x40, 00, 0x01, 00, 0x21,
  00, 0x41, 00, 0x41, 00, 00, 0x08, 0x21, 00, 0x41, 00, 0x40,
  00, 0x41, 00, 0x40, 00, 0x01, 00, 0x21, 00, 0x41, 00, 0x40,
  00, 0x41, 00, 00, 00, 0x01, 00, 0x21, 00, 00, 00, 00,
  0x08, 0x40, 00, 00, 0x08, 0x40, 00, 0x20, 0x08, 0x40, 00, 0x41,
  0x08, 0x40, 00, 0x20, 0x08, 0x20, 00, 00, 0x08, 0x40, 00, 0x20,
  0x08, 0x40, 00, 0x40, 0x08, 0x40, 0x10, 0xa2, 0x41, 0xe6, 0x08, 0x40,
  0x08, 0x80, 00, 0x40, 0x08, 0x80, 00, 0x40, 00, 0x40, 00, 0x40,
  0x08, 0x80, 00, 0x40, 0x08, 0x41, 00, 0x41, 0x08, 0x61, 00, 0x41,
  0x08, 0x60, 00, 0x40, 0x08, 0x81, 00, 0x41, 00, 0x40, 00, 0x40,
  0x08, 0x81, 00, 0x61, 0x08, 0x81, 00, 0x61, 0x08, 0x61, 00, 0x61,
  0x08, 0x61, 00, 0x61, 0x08, 0x81, 00, 0x41, 0x08, 0x81, 00, 0x61,
  0x08, 0x81, 00, 0x41, 0x08, 0x81, 00, 0x61, 0x08, 0x81, 00, 0x41,
  0x10, 0xa2, 00, 0x41, 0x08, 0x81, 00, 0x81, 0x08, 0x81, 00, 0x61,
  0x08, 0xc1, 00, 0xa1, 0x08, 0xc1, 00, 0xa1, 0x08, 0xc1, 00, 0xa1,
  0x08, 0xc1, 00, 0xa1, 0x08, 0xc1, 00, 0xa1, 0x08, 0xc1, 00, 0xa1,
  0x08, 0xc2, 00, 0xa2, 0x08, 0xc1, 00, 0xa1, 0x08, 0xc2, 00, 0xa2,
  00, 0xc1, 00, 0xc2, 0x09, 0x02, 00, 0xc2, 0x08, 0xc1, 00, 0xa1,
  0x09, 0x02, 00, 0xe2, 0x01, 0x02, 0x01, 0x02, 0x09, 0x42, 0x01, 0x02,
  0x09, 0x02, 00, 0xe2, 0x09, 0x02, 0x01, 0x02, 0x09, 0x44, 0x01, 0x23,
  0x09, 0x43, 0x01, 0x03, 0x01, 0xa4, 0x01, 0xc5, 0x09, 0x83, 0x01, 0x63,
  0x09, 0x64, 0x01, 0x64, 0x09, 0x44, 0x01, 0x64, 0x09, 0x43, 0x01, 0x44,
  0x11, 0xe6, 0x01, 0x43, 0x01, 0x83, 0x01, 0x84, 0x09, 0x84, 0x01, 0x64,
  0x09, 0x43, 0x01, 0x43, 0x09, 0x83, 0x01, 0x63, 0x09, 0x83, 0x01, 0x63,
  0x09, 0x43, 0x01, 0x44, 0x09, 0x44, 0x01, 0x23, 0x09, 0x02, 00, 0xc2,
  0x11, 0x84, 0x01, 0x64, 0x09, 0x43, 0x01, 0x23, 0x09, 0x23, 00, 0xe2,
  0x09, 0x02, 00, 0xc2, 0x09, 0x02, 00, 0xe2, 0x09, 0x43, 0x01, 0x23,
  0x09, 0x02, 00, 0xe2, 0x09, 0x02, 00, 0xc2, 0x09, 0x02, 00, 0xe2,
  0x09, 0x43, 0x01, 0x23, 0x09, 0x02, 00, 0xe2, 0x09, 0x02, 0x01, 0x02,
  0x09, 0x44, 0x01, 0x23, 0x09, 0x03, 0x01, 0x03, 0x01, 0x43, 0x01, 0x44,
  0x11, 0x84, 0x01, 0x23, 0x01, 0x02, 0x01, 0x03, 0x01, 0x02, 0x01, 0x03,
  0x09, 0x02, 00, 0xe2, 0x09, 0x03, 0x01, 0x03, 0x09, 0x02, 00, 0xe2,
  0x09, 0x02, 00, 0xc2, 0x09, 0x02, 00, 0xe2, 0x09, 0x02, 00, 0xc2,
  0x08, 0xc1, 00, 0xa1, 00, 0xc1, 00, 0xc2, 0x08, 0xc1, 00, 0xa1,
  0x08, 0xc1, 00, 0xa1, 00, 0x81, 00, 0x82, 0x08, 0xc1, 00, 0xa1,
  0x08, 0xc1, 00, 0xa1, 0x08, 0xc1, 00, 0xa1, 0x08, 0x81, 00, 0x61,
  0x08, 0x81, 00, 0x41, 0x08, 0x80, 00, 0x60, 0x08, 0x81, 00, 0x61,
  0x08, 0x81, 00, 0x41, 0x08, 0x81, 00, 0x41, 0x08, 0x80, 00, 0x40,
  0x08, 0x41, 00, 0x41, 0x08, 0x40, 00, 0x20, 0x08, 0x41, 00, 0x41,
  0x08, 0x40, 00, 0x20, 0x08, 0x41, 00, 0x41, 0x08, 0x40, 00, 0x20,
  0x08, 0x40, 00, 00, 0x08, 0x40, 00, 0x20, 0x08, 0x40, 00, 00,
  0x08, 0x40, 00, 0x20, 0x08, 0x40, 00, 0x41, 0x08, 0x40, 00, 0x20,
  0x08, 0x40, 00, 00, 0x08, 0x40, 00, 0x20, 0x08, 0x40, 00, 0x20,
  0x08, 0x40, 00, 00, 0x08, 0x40, 00, 00, 0x08, 0x40, 00, 00,
  00, 0x41, 00, 0x41, 00, 0x01, 00, 0x21, 00, 0x41, 00, 0x40,
  00, 0x41, 00, 0x40, 00, 0x41, 00, 0x40, 00, 0x41, 00, 0x40,
  00, 0x41, 00, 0x41, 00, 0x20, 0x10, 0x81, 0x39, 0xe6, 0x08, 0x20,
  00, 0x41, 00, 0x41, 00, 0x41, 00, 0x41, 00, 0x41, 00, 0x41,
  00, 0x41, 00, 0x41, 00, 0x41, 00, 0x21, 00, 0x41, 0x08, 0x61,
  00, 0x41, 00, 0x21, 00, 0x41, 0x08, 0x61, 0x08, 0x83, 00, 0x21,
  00, 0x82, 00, 0x81, 00, 0x82, 00, 0x40, 0x08, 0x82, 00, 0x40,
  00, 0x81, 0x08, 0x61, 00, 0x41, 0x08, 0x61, 00, 0x41, 00, 0x41,
  00, 0x41, 00, 0x61, 00, 0x41, 00, 0x61, 00, 0x82, 00, 0x81,
  00, 0x82, 00, 0x81, 00, 0x81, 0x08, 0xc2, 00, 0x81, 00, 0x61,
  00, 0x82, 00, 0x82, 00, 0x82, 00, 0x81, 00, 0x82, 00, 0xa2,
  00, 0x82, 00, 0x81, 00, 0x82, 00, 0xa2, 00, 0x82, 00, 0x81,
  00, 0xc2, 00, 0xa2, 00, 0x82, 00, 0xa2, 00, 0xc2, 00, 0xa2,
  00, 0x82, 00, 0xa2, 00, 0xc3, 00, 0xe3, 00, 0xc2, 00, 0xa2,
  00, 0xc3, 00, 0xe3, 0x01, 0x03, 0x01, 0x23, 0x01, 0x44, 0x01, 0x03,
  00, 0xc3, 00, 0xe3, 0x01, 0x03, 0x09, 0x03, 0x01, 0x03, 0x01, 0x03,
  0x01, 0x03, 0x01, 0x03, 0x01, 0x23, 0x09, 0x64, 0x01, 0x85, 0x01, 0x44,
  0x01, 0x64, 0x09, 0xa5, 0x01, 0x44, 0x01, 0x44, 0x01, 0x44, 0x01, 0x24,
  0x01, 0x85, 0x01, 0x43, 0x01, 0x04, 0x09, 0x44, 0x01, 0x85, 0x01, 0x85,
  0x01, 0x85, 0x01, 0x85, 0x01, 0x85, 0x01, 0x44, 0x01, 0x43, 0x01, 0x43,
  0x01, 0x43, 0x09, 0x84, 0x01, 0x03, 0x01, 0x03, 0x01, 0x03, 0x01, 0x03,
  0x01, 0x04, 0x01, 0x24, 0x01, 0x44, 0x01, 0x44, 0x01, 0x03, 0x01, 0x03,
  0x01, 0x03, 0x01, 0x03, 00, 0xc2, 00, 0xa2, 0x01, 0x03, 0x09, 0x24,
  00, 0xc2, 00, 0xa2, 0x01, 0x03, 0x01, 0x03, 0x01, 0x03, 0x09, 0x23,
  0x01, 0x03, 00, 0xe3, 0x01, 0x44, 0x01, 0x03, 0x01, 0x03, 0x01, 0x03,
  0x01, 0x03, 0x01, 0x03, 0x01, 0x03, 0x01, 0x03, 0x01, 0x03, 0x01, 0x23,
  0x01, 0x04, 0x09, 0x44, 0x01, 0x03, 0x01, 0x03, 0x01, 0x03, 0x01, 0x03,
  00, 0xc2, 00, 0xa2, 00, 0xc3, 00, 0xc2, 00, 0xc3, 00, 0xe3,
  0x01, 0x03, 0x01, 0x03, 0x01, 0x03, 00, 0xc2, 00, 0xc3, 00, 0xc3,
  00, 0xc2, 00, 0xa2, 00, 0xc2, 00, 0xa2, 00, 0xc2, 00, 0xa2,
  00, 0x82, 00, 0x82, 00, 0x82, 00, 0x81, 00, 0xc2, 00, 0xa2,
  00, 0x81, 00, 0x61, 00, 0x82, 00, 0x81, 00, 0x81, 00, 0x61,
  00, 0x81, 00, 0x61, 00, 0x41, 00, 0x61, 00, 0x82, 00, 0x81,
  00, 0x81, 00, 0x61, 00, 0x41, 00, 0x41, 00, 0x41, 00, 0x41,
  00, 0x41, 00, 0x41, 00, 0x41, 00, 0x41, 00, 0x41, 00, 0x41,
  00, 0x41, 00, 0x40, 00, 0x41, 00, 0x41, 00, 0x41, 00, 0x41,
  00, 0x41, 00, 0x40, 00, 00, 00, 0x20, 00, 0x01, 00, 0x21,
  00, 00, 0x08, 0x21, 00, 0x01, 00, 0x21, 00, 0x01, 00, 0x21,
  00, 0x41, 00, 0x41, 00, 0x41, 00, 0x40, 00, 0x42, 00, 0x21,
  00, 00, 00, 00, 00, 0x41, 0x08, 0x21, 00, 00, 00, 00,
  0x08, 0x40, 00, 0x20, 0x08, 0x40, 00, 00, 0x08, 0x40, 00, 00,
  0x08, 0x40, 00, 00, 0x08, 0x40, 00, 0x20, 00, 0x40, 00, 0x40,
  0x08, 0x40, 00, 00, 0x08, 0x40, 00, 00, 00, 00, 00, 0x41,
  0x08, 0x40, 00, 0x40, 0x08, 0x40, 00, 0x40, 0x08, 0x40, 00, 0x40,
  00, 0x40, 00, 0x40, 00, 0x40, 00, 0x41, 0x08, 0x61, 00, 0x41,
  0x08, 0x61, 00, 0x61, 00, 0x40, 00, 0x41, 0x08, 0x81, 00, 0x41,
  0x08, 0x81, 00, 0x81, 0x08, 0x81, 00, 0x41, 0x08, 0x41, 00, 0x41,
  0x08, 0x81, 00, 0x41, 0x08, 0x81, 00, 0x41, 0x08, 0x61, 00, 0x61,
  0x08, 0x81, 00, 0x61, 0x08, 0x81, 00, 0x41, 0x08, 0x81, 00, 0x61,
  0x08, 0xc1, 00, 0xa1, 0x08, 0x81, 00, 0x61, 0x08, 0x81, 00, 0x81,
  0x08, 0x81, 0x08, 0xc2, 0x31, 0xc6, 00, 0x40, 0x08, 0x81, 00, 0x81,
  0x08, 0xc1, 00, 0xa1, 0x08, 0xc1, 00, 0xa1, 0x08, 0xc1, 00, 0xa1,
  0x08, 0xc1, 00, 0xa1, 0x08, 0xc2, 00, 0xa2, 0x08, 0xa2, 00, 0xa2,
  0x08, 0xa2, 00, 0xa2, 00, 0xc1, 00, 0xc2, 0x09, 0x02, 00, 0xc2,
  0x01, 0x02, 0x01, 0x02, 0x09, 0x43, 0x01, 0x23, 0x09, 0x42, 0x01, 0x22,
  0x09, 0x02, 00, 0xe2, 0x09, 0x02, 00, 0xe2, 0x09, 0x02, 00, 0xe2,
  0x09, 0x02, 00, 0xe2, 0x01, 0x02, 0x01, 0x43, 0x09, 0x83, 0x01, 0x63,
  0x09, 0xa5, 0x01, 0x64, 0x09, 0x83, 0x01, 0x63, 0x12, 0x06, 0x01, 0xe5,
  0x09, 0x63, 0x01, 0x63, 0x09, 0x43, 0x01, 0x44, 0x09, 0x43, 0x01, 0x44,
  0x09, 0xc4, 0x01, 0xa4, 0x09, 0x43, 0x01, 0x44, 0x09, 0x83, 0x01, 0x63,
  0x09, 0x84, 0x01, 0x64, 0x08, 0xe2, 0x09, 0x23, 0x09, 0x42, 0x01, 0x22,
  0x01, 0x02, 0x01, 0x03, 0x09, 0x43, 0x01, 0x44, 0x09, 0x43, 0x01, 0x03,
  0x09, 0x42, 0x01, 0x02, 0x09, 0x02, 00, 0xc2, 0x09, 0x02, 00, 0xe2,
  0x09, 0x02, 00, 0xc2, 0x09, 0x02, 00, 0xc2, 0x09, 0x03, 0x01, 0x03,
  0x01, 0x02, 0x01, 0x03, 0x09, 0x23, 00, 0xe2, 0x09, 0x03, 0x01, 0x03,
  0x09, 0x44, 0x01, 0x23, 0x01, 0x02, 0x01, 0x03, 0x09, 0x23, 00, 0xe2,
  0x01, 0x02, 0x01, 0x03, 0x09, 0x02, 00, 0xe2, 0x09, 0x02, 00, 0xc2,
  0x09, 0x02, 00, 0xc2, 0x09, 0x02, 00, 0xe2, 0x08, 0xc1, 00, 0xc2,
  0x09, 0x02, 00, 0xe2, 0x09, 0x02, 00, 0xc2, 00, 0xc2, 00, 0xc3,
  0x08, 0xe2, 00, 0x81, 0x08, 0xc1, 00, 0xc2, 0x08, 0xc2, 00, 0xa2,
  0x08, 0xc1, 00, 0xa1, 0x08, 0xc2, 00, 0xa2, 0x08, 0xc1, 00, 0xa1,
  00, 0x81, 00, 0x82, 0x08, 0xa2, 00, 0x61, 0x08, 0x81, 00, 0x41,
  0x08, 0x81, 00, 0x41, 0x08, 0x81, 00, 0x41, 0x08, 0x81, 00, 0x61,
  0x08, 0x61, 00, 0x61, 0x08, 0x80, 00, 0x40, 0x08, 0x80, 00, 0x40,
  0x08, 0x41, 00, 0x41, 0x08, 0x61, 00, 0x41, 0x08, 0x40, 00, 0x20,
  0x08, 0x40, 00, 00, 00, 0x40, 00, 0x40, 0x08, 0x40, 00, 00,
  0x08, 0x40, 00, 00, 0x08, 0x40, 00, 00, 0x08, 0x40, 00, 0x20,
  0x08, 0x40, 00, 00, 0x08, 0x40, 00, 0x20, 0x08, 0x40, 00, 00,
  0x08, 0x40, 00, 00, 0x08, 0x40, 00, 00, 0x08, 0x40, 00, 00,
  0x08, 0x40, 00, 0x20, 0x08, 0x40, 00, 00, 0x08, 0x40, 00, 0x20,
  00, 00, 0x08, 0x21, 00, 0x41, 00, 0x40, 00, 0x01, 00, 0x21,
  00, 0x41, 00, 0x41, 00, 0x41, 00, 0x41, 00, 0x41, 00, 0x41,
  00, 0x41, 00, 0x40, 00, 0x41, 00, 0x41, 00, 0x41, 00, 0x21,
  00, 0x41, 00, 0x41, 00, 0x41, 00, 0x41, 00, 0x41, 00, 0x41,
  00, 0x41, 00, 0x41, 00, 0x41, 00, 0x41, 00, 0x41, 00, 0x41,
  00, 0x41, 00, 0x41, 00, 0x41, 00, 0x41, 00, 0x41, 0x08, 0x82,
  00, 0x82, 00, 0x40, 00, 0x41, 00, 0x41, 00, 0x41, 00, 0x41,
  00, 0x81, 00, 0x61, 00, 0x41, 00, 0x61, 00, 0x41, 00, 0x61,
  00, 0x41, 00, 0x61, 00, 0x82, 00, 0x61, 00, 0x82, 00, 0x81,
  00, 0x82, 00, 0x82, 00, 0x82, 0x08, 0x81, 00, 0x82, 00, 0x81,
  00, 0x81, 00, 0x81, 00, 0x82, 00, 0x61, 00, 0x82, 00, 0x81,
  00, 0x82, 00, 0xa2, 00, 0x82, 00, 0xa2, 00, 0xc2, 00, 0xa2,
  00, 0x82, 00, 0xa2, 00, 0xc2, 00, 0xa2, 00, 0x82, 00, 0xa2,
  00, 0xc2, 00, 0xa2, 00, 0xc2, 00, 0xa2, 00, 0xc3, 00, 0xe3,
  00, 0xc3, 00, 0xe3, 0x01, 0x03, 0x01, 0x02, 0x01, 0x03, 0x01, 0x23,
  0x01, 0x44, 0x01, 0x03, 0x01, 0x03, 0x01, 0x02, 0x01, 0x03, 0x01, 0x02,
  0x01, 0x03, 0x01, 0x03, 0x01, 0x04, 0x01, 0x24, 0x01, 0x64, 0x09, 0x64,
  0x01, 0x85, 0x01, 0x44, 0x01, 0x64, 0x01, 0x64, 0x02, 0x06, 0x01, 0xe5,
  0x01, 0x64, 0x01, 0x64, 0x01, 0x44, 0x01, 0x43, 0x01, 0x04, 0x01, 0x24,
  0x01, 0x64, 0x09, 0xa5, 0x01, 0x64, 0x01, 0x64, 0x01, 0x64, 0x01, 0x44,
  0x01, 0x63, 0x09, 0x84, 0x01, 0x03, 00, 0xe3, 0x01, 0x03, 0x01, 0x23,
  0x01, 0x03, 0x01, 0x03, 0x01, 0x03, 0x01, 0x03, 0x01, 0x03, 0x01, 0x23,
  0x01, 0x03, 0x01, 0x03, 0x01, 0x03, 0x01, 0x03, 0x01, 0x03, 0x01, 0x02,
  00, 0xc2, 0x08, 0xe3, 0x01, 0x03, 0x01, 0x03, 0x01, 0x03, 0x01, 0x03,
  0x01, 0x03, 0x01, 0x23, 0x01, 0x44, 0x01, 0x24, 0x01, 0x03, 0x01, 0x03,
  0x01, 0x03, 0x01, 0x23, 0x01, 0x44, 0x09, 0x43, 0x01, 0x03, 0x09, 0x03,
  00, 0xe2, 00, 0xe2, 00, 0xc3, 00, 0xe3, 0x01, 0x03, 00, 0xc2,
  00, 0xc2, 00, 0xa2, 00, 0xc2, 00, 0xa2, 00, 0xc2, 00, 0xa2,
  0x01, 0x03, 0x01, 0x03, 00, 0xc3, 00, 0xc2, 00, 0xc2, 00, 0xa2,
  00, 0xc2, 00, 0xa2, 00, 0xc2, 00, 0xa2, 00, 0x82, 00, 0xa2,
  00, 0xc2, 00, 0xc2, 00, 0x82, 00, 0xa2, 00, 0x82, 00, 0xa2,
  00, 0x82, 00, 0x82, 00, 0x82, 00, 0x81, 00, 0x82, 00, 0x81,
  00, 0x41, 00, 0x61, 00, 0x81, 00, 0x81, 00, 0x41, 00, 0x61,
  00, 0x41, 0x08, 0x61, 00, 0x82, 00, 0x40, 00, 0x41, 00, 0x41,
  00, 0x41, 00, 0x41, 00, 0x41, 00, 0x41, 00, 0x41, 00, 0x41,
  00, 0x41, 00, 0x41, 00, 0x41, 00, 0x41, 00, 0x01, 00, 0x21,
  00, 0x01, 00, 0x21, 00, 0x41, 00, 0x41, 00, 0x01, 00, 0x21,
  00, 0x41, 00, 0x40, 00, 00, 00, 0x20, 00, 0x41, 00, 0x40,
  00, 0x41, 00, 0x21, 00, 0x01, 00, 0x21, 00, 0x01, 00, 0x21,
  00, 0x41, 00, 0x40, 00, 0x01, 00, 0x21, 00, 0x01, 00, 0x21,
  0x08, 0x40, 00, 0x40, 0x08, 0x40, 00, 0x20, 0x08, 0x40, 00, 00,
  0x08, 0x40, 00, 0x20, 0x08, 0x40, 00, 0x40, 00, 0x40, 00, 0x41,
  0x08, 0x40, 00, 0x40, 00, 0x40, 00, 0x40, 0x08, 0x61, 00, 0x41,
  00, 0x40, 00, 0x41, 0x08, 0x61, 00, 0x20, 00, 0x40, 00, 0x40,
  0x08, 0x40, 00, 0x40, 00, 0x40, 00, 0x41, 0x08, 0x61, 00, 0x41,
  0x08, 0x40, 00, 0x20, 0x08, 0x81, 00, 0x41, 0x08, 0x80, 00, 0x40,
  0x08, 0x61, 00, 0x61, 00, 0x40, 00, 0x41, 00, 0x40, 00, 0x41,
  0x08, 0x61, 00, 0x41, 0x08, 0x61, 00, 0x61, 0x08, 0x81, 00, 0x61,
  0x08, 0x81, 00, 0x81, 0x08, 0x81, 00, 0x61, 00, 0x81, 00, 0x82,
  00, 0x81, 00, 0x82, 0x08, 0xc1, 00, 0xa1, 0x08, 0x81, 00, 0x61,
  0x08, 0xc1, 00, 0xa1, 00, 0x81, 00, 0x82, 0x08, 0xc1, 00, 0xa1,
  00, 0x81, 00, 0x82, 0x08, 0xc1, 00, 0xa1, 0x08, 0xc1, 00, 0xa1,
  0x08, 0xc1, 00, 0xa1, 0x08, 0xa2, 00, 0xa2, 0x08, 0xc2, 00, 0xc2,
  0x08, 0xc1, 00, 0xa1, 0x08, 0xc1, 00, 0xc2, 00, 0xc1, 00, 0xc2,
  0x09, 0x43, 0x01, 0x23, 0x09, 0x02, 00, 0xe2, 0x09, 0x02, 0x01, 0x02,
  0x09, 0x44, 0x01, 0x23, 0x09, 0x02, 00, 0xe2, 0x01, 0x02, 0x01, 0x02,
  0x09, 0x44, 0x01, 0x23, 0x01, 0x43, 0x01, 0x84, 0x09, 0xa4, 0x01, 0x63,
  0x09, 0xa4, 0x01, 0x63, 0x01, 0x63, 0x01, 0x84, 0x01, 0xc4, 0x01, 0xe5,
  0x09, 0xc5, 0x01, 0xc5, 0x09, 0x64, 0x01, 0x23, 0x09, 0x43, 0x01, 0x44,
  0x09, 0x83, 0x01, 0x63, 0x11, 0x84, 0x01, 0x64, 0x01, 0x43, 0x01, 0x44,
  0x09, 0x43, 0x01, 0x64, 0x11, 0x84, 0x01, 0x03, 0x09, 0x03, 0x01, 0x03,
  0x09, 0x02, 00, 0xe2, 0x09, 0x44, 0x01, 0x23, 0x09, 0x84, 0x01, 0x84,
  0x01, 0x43, 0x01, 0x63, 0x09, 0x42, 0x01, 0x22, 0x09, 0x42, 0x01, 0x02,
  0x01, 0x02, 0x01, 0x02, 0x09, 0x23, 00, 0xe2, 0x01, 0x02, 0x01, 0x02,
  0x01, 0x03, 0x01, 0x44, 0x09, 0x43, 0x01, 0x23, 0x09, 0x02, 00, 0xc2,
  0x01, 0x02, 0x01, 0x03, 0x09, 0x63, 0x01, 0x63, 0x09, 0x02, 00, 0xe2,
  0x09, 0x02, 00, 0xc2, 0x01, 0x02, 0x01, 0x03, 0x09, 0x02, 00, 0xc2,
  0x09, 0x02, 00, 0xc2, 0x09, 0x02, 00, 0xe2, 00, 0xc1, 00, 0xc2,
  0x09, 0x02, 00, 0xc2, 0x08, 0xe2, 00, 0xc2, 0x08, 0xa2, 00, 0xa2,
  00, 0xc1, 00, 0xc2, 0x08, 0xe3, 00, 0xa2, 0x08, 0xa2, 00, 0xa2,
  0x09, 0x02, 00, 0xc2, 0x08, 0xc1, 00, 0xa1, 0x08, 0xc1, 00, 0xa1,
  00, 0x81, 00, 0x82, 0x08, 0x81, 00, 0x81, 0x08, 0x81, 00, 0x61,
  0x08, 0x81, 00, 0x41, 0x08, 0x81, 00, 0x61, 0x08, 0x81, 00, 0x41,
  0x08, 0x81, 00, 0x41, 0x08, 0x61, 00, 0x61, 0x10, 0x81, 00, 0x41,
  0x08, 0x81, 00, 0x41, 00, 0x40, 00, 0x40, 0x08, 0x40, 00, 0x40,
  0x08, 0x40, 00, 0x20, 00, 0x40, 00, 0x41, 0x31, 0x44, 00, 00,
  0x08, 0x40, 00, 00, 0x08, 0x40, 00, 0x20, 0x08, 0x40, 00, 00,
  0x08, 0x40, 00, 00, 0x08, 0x40, 00, 00, 0x08, 0x40, 00, 0x20,
  0x08, 0x40, 00, 0x20, 0x08, 0x40, 00, 00, 0x08, 0x40, 00, 00,
  0x08, 0x40, 00, 00, 0x08, 0x40, 00, 0x20, 0x08, 0x40, 00, 0x20,
  00, 0x41, 00, 0x41, 00, 0x40, 00, 0x20, 00, 0x41, 00, 0x41,
  00, 00, 0x08, 0x21, 00, 0x41, 00, 0x41, 00, 0x41, 00, 0x41,
  00, 0x41, 00, 0x41, 00, 0x41, 00, 0x40, 00, 0x41, 00, 0x41,
  00, 0x41, 00, 0x41, 00, 0x41, 00, 0x41, 00, 0x41, 00, 0x40,
  00, 0x41, 00, 0x41, 00, 0x41, 0x08, 0x61, 00, 0x41, 00, 0x41,
  00, 0x41, 00, 0x41, 00, 0x41, 00, 0x61, 00, 0x41, 00, 0x41,
  00, 0x41, 00, 0x41, 00, 0x41, 00, 0x41, 0x21, 0x65, 0x10, 0x61,
  00, 0x41, 00, 0x61, 00, 0x41, 00, 0x61, 00, 0x41, 00, 0x61,
  00, 0x82, 00, 0x81, 00, 0x41, 00, 0x61, 00, 0x82, 00, 0x81,
  00, 0x81, 00, 0x61, 00, 0x82, 00, 0x82, 00, 0x82, 00, 0x81,
  00, 0x82, 00, 0x81, 00, 0x82, 00, 0x81, 00, 0x82, 00, 0x82,
  00, 0x81, 00, 0xa2, 00, 0x82, 00, 0x82, 00, 0xc2, 00, 0xa2,
  00, 0xc3, 00, 0x81, 00, 0x82, 00, 0xa2, 00, 0xc2, 00, 0xa2,
  00, 0xc2, 00, 0xc2, 00, 0xc3, 00, 0xe3, 0x01, 0x03, 0x01, 0x03,
  0x01, 0x03, 0x01, 0x03, 00, 0xc3, 00, 0xc2, 00, 0xc3, 00, 0xe3,
  0x01, 0x03, 0x01, 0x23, 0x01, 0x44, 0x01, 0x02, 00, 0xc3, 00, 0xe3,
  0x01, 0x03, 0x01, 0x23, 0x01, 0x64, 0x09, 0x64, 0x01, 0x64, 0x01, 0x44,
  0x01, 0x44, 0x01, 0x43, 0x01, 0x64, 0x01, 0x64, 0x01, 0x64, 0x09, 0x64,
  0x01, 0xe5, 0x0a, 0x06, 0x01, 0x44, 0x01, 0x23, 0x01, 0x64, 0x01, 0x64,
  0x01, 0x44, 0x01, 0x02, 0x01, 0x64, 0x09, 0x64, 0x01, 0x44, 0x01, 0x02,
  0x01, 0x03, 0x01, 0x03, 0x01, 0x43, 0x01, 0x43, 0x01, 0x03, 0x01, 0x03,
  0x01, 0x03, 0x01, 0x03, 0x01, 0x04, 0x01, 0x24, 0x01, 0x43, 0x01, 0x43,
  0x01, 0x44, 0x01, 0x24, 0x01, 0x03, 0x01, 0x03, 0x01, 0x03, 0x01, 0x03,
  0x01, 0x03, 0x01, 0x02, 00, 0xc3, 00, 0xe3, 00, 0xc3, 00, 0xe3,
  0x01, 0x04, 0x09, 0x65, 0x01, 0x44, 0x01, 0x02, 00, 0xc3, 00, 0xe3,
  0x01, 0x03, 0x01, 0x23, 0x01, 0x03, 0x01, 0x23, 0x01, 0x03, 0x09, 0x03,
  00, 0xc3, 00, 0xc2, 0x01, 0x03, 0x01, 0x03, 0x01, 0x03, 0x01, 0x03,
  00, 0xc2, 00, 0xa2, 00, 0xc2, 00, 0xa2, 00, 0xc2, 00, 0xa2,
  00, 0xc2, 00, 0xa2, 00, 0xc2, 00, 0xc2, 00, 0xc2, 00, 0xa2,
  00, 0x82, 00, 0xa2, 00, 0xc2, 00, 0xa2, 00, 0xc2, 00, 0xa2,
  00, 0xc2, 00, 0xa2, 00, 0x82, 00, 0x82, 00, 0x82, 00, 0x82,
  00, 0x82, 00, 0x81, 00, 0x82, 00, 0x82, 00, 0x81, 00, 0x61,
  00, 0x82, 00, 0x81, 00, 0x81, 00, 0x61, 00, 0x41, 00, 0x61,
  00, 0x41, 00, 0x41, 00, 0x41, 00, 0x41, 00, 0x41, 00, 0x41,
  00, 0x41, 00, 0x41, 00, 0x41, 00, 0x41, 00, 0x41, 00, 0x41,
  00, 0x41, 00, 0x41, 00, 0x41, 00, 0x41, 00, 0x42, 00, 0x21,
  00, 0x41, 00, 0x41, 00, 0x41, 00, 0x41, 00, 0x41, 00, 0x40,
  00, 00, 00, 0x20, 00, 0x41, 00, 0x41, 00, 0x01, 00, 0x21,
  00, 0x41, 00, 0x40, 00, 00, 00, 0x20, 00, 0x41, 00, 0x40,
  00, 0x41, 0x08, 0x41, 00, 0x01, 00, 0x21, 00, 00, 00, 00,
  0x08, 0x40, 00, 0x20, 0x08, 0x40, 00, 0x20, 0x08, 0x40, 00, 0x20,
  0x08, 0x40, 00, 0x20, 00, 0x40, 00, 0x40, 0x08, 0x40, 00, 0x40,
  00, 0x40, 00, 0x40, 00, 0x40, 00, 0x40, 0x08, 0x41, 00, 0x41,
  0x08, 0x40, 00, 0x40, 0x08, 0x40, 00, 0x40, 0x08, 0x40, 00, 0x40,
  0x08, 0x40, 00, 0x20, 0x08, 0x80, 00, 0x40, 00, 0x40, 00, 0x40,
  00, 0x40, 00, 0x40, 00, 0x40, 00, 0x41, 0x08, 0x61, 00, 0x61,
  0x08, 0x80, 00, 0x40, 0x08, 0x80, 00, 0x40, 0x29, 0x44, 0x08, 0x81,
  0x08, 0x81, 00, 0x61, 0x08, 0x81, 00, 0x61, 0x08, 0x81, 00, 0x61,
  0x08, 0x81, 00, 0x41, 0x08, 0x81, 00, 0x41, 00, 0x81, 00, 0x82,
  0x08, 0x81, 00, 0x81, 0x08, 0xc1, 00, 0xa1, 0x08, 0xc1, 00, 0xa1,
  00, 0x81, 00, 0x82, 0x08, 0x81, 00, 0x81, 0x08, 0xc1, 00, 0xa1,
  0x08, 0xc1, 00, 0xa1, 0x08, 0xc1, 00, 0xe2, 0x08, 0xc2, 00, 0x82,
  0x08, 0xc1, 00, 0xa1, 00, 0xc1, 00, 0xc2, 0x09, 0x02, 00, 0xc2,
  0x09, 0x02, 00, 0xc2, 0x08, 0xc2, 00, 0xc2, 0x09, 0x02, 00, 0xc2,
  0x09, 0x02, 00, 0xe2, 0x09, 0x02, 00, 0xc2, 0x01, 0x02, 0x01, 0x03,
  0x09, 0x43, 0x01, 0x44, 0x09, 0x23, 00, 0xe2, 0x01, 0x02, 0x01, 0x02,
  0x09, 0x43, 0x01, 0x23, 0x09, 0x84, 0x01, 0x84, 0x09, 0x64, 0x01, 0x64,
  0x11, 0xa4, 0x01, 0x63, 0x09, 0x43, 0x01, 0x44, 0x01, 0x84, 0x01, 0xc5,
  0x09, 0xc4, 0x01, 0xa4, 0x09, 0xa5, 0x01, 0x64, 0x09, 0x84, 0x01, 0x84,
  0x09, 0x83, 0x01, 0x63, 0x01, 0x83, 0x09, 0xe5, 0x11, 0x83, 0x01, 0x02,
  0x09, 0x03, 0x01, 0x03, 0x09, 0x83, 0x01, 0x63, 0x09, 0x02, 00, 0xe2,
  0x09, 0x02, 0x01, 0x02, 0x01, 0x43, 0x01, 0x63, 0x09, 0x64, 0x01, 0x23,
  0x09, 0x43, 0x01, 0x23, 0x09, 0x02, 0x01, 0x02, 0x09, 0x02, 00, 0xe2,
  0x09, 0x02, 00, 0xc2, 0x09, 0x02, 00, 0xc2, 0x09, 0x02, 0x01, 0x02,
  0x09, 0x44, 0x01, 0x23, 0x09, 0x44, 0x01, 0x23, 0x09, 0x02, 00, 0xe2,
  0x01, 0x02, 0x01, 0x03, 0x09, 0x02, 00, 0xc2, 0x09, 0x43, 0x01, 0x23,
  00, 0xc2, 00, 0xc3, 0x09, 0x03, 00, 0xe3, 0x09, 0x02, 00, 0xc2,
  0x09, 0x02, 00, 0xc2, 0x08, 0xe2, 00, 0xa1, 0x09, 0x02, 00, 0xc2,
  0x08, 0xa2, 00, 0xa2, 0x09, 0x02, 00, 0xe2, 0x08, 0xa2, 00, 0x82,
  0x08, 0xa2, 00, 0xa2, 0x08, 0xa2, 00, 0xa2, 00, 0xc2, 00, 0xc3,
  0x08, 0xc1, 00, 0xa1, 0x08, 0xc1, 00, 0xa1, 0x08, 0xc1, 00, 0xa1,
  0x08, 0x81, 00, 0x81, 0x08, 0xc1, 00, 0xa1, 0x08, 0x81, 00, 0x81,
  0x08, 0x81, 00, 0x41, 0x08, 0x81, 00, 0x41, 0x08, 0x61, 00, 0x61,
  0x08, 0x61, 00, 0x41, 0x08, 0x61, 00, 0x41, 0x08, 0x61, 00, 0x41,
  0x08, 0x40, 00, 0x20, 0x08, 0x40, 00, 0x40, 0x08, 0x40, 00, 0x20,
  0x08, 0x40, 00, 0x40, 0x08, 0x40, 00, 00, 00, 0x40, 00, 0x40,
  0x08, 0x40, 00, 0x20, 0x08, 0x40, 00, 00, 0x08, 0x40, 00, 0x20,
  0x08, 0x40, 00, 00, 0x08, 0x40, 00, 00, 0x08, 0x40, 00, 00,
  0x08, 0x20, 00, 00, 0x08, 0x40, 00, 00, 0x08, 0x40, 00, 0x20,
  0x08, 0x40, 00, 0x20, 0x08, 0x40, 00, 0x20, 0x08, 0x40, 00, 00,
  00, 0x41, 00, 0x40, 00, 0x41, 00, 0x41, 00, 0x01, 00, 0x21,
  00, 00, 0x31, 0x44, 0x08, 0x81, 00, 0x20, 00, 0x41, 00, 0x41,
  00, 0x41, 00, 0x41, 00, 0x41, 00, 0x21, 00, 0x41, 00, 0x41,
  00, 0x41, 00, 0x41, 00, 0x41, 00, 0x41, 00, 0x41, 00, 0x41,
  00, 0x41, 00, 0x41, 00, 0x41, 0x08, 0x61, 00, 0x41, 00, 0x41,
  00, 0x41, 00, 0x41, 00, 0x41, 00, 0x41, 00, 0x41, 00, 0x41,
  00, 0x41, 00, 0x41, 00, 0x41, 00, 0x61, 00, 0x40, 00, 0x61,
  00, 0x81, 00, 0x61, 00, 0x41, 00, 0x61, 00, 0x82, 00, 0x81,
  00, 0x81, 00, 0x81, 00, 0x81, 00, 0x61, 00, 0x82, 00, 0x81,
  00, 0x82, 00, 0x81, 00, 0x82, 00, 0x81, 00, 0x82, 00, 0x81,
  00, 0x82, 00, 0x81, 00, 0x82, 00, 0x82, 00, 0x81, 00, 0xa2,
  00, 0xc2, 00, 0xa2, 00, 0xc2, 00, 0xa2, 0x09, 0x03, 0x08, 0xc2,
  00, 0xc2, 00, 0xa2, 00, 0xc2, 0x08, 0xe3, 00, 0xc2, 00, 0xa2,
  00, 0xc2, 00, 0xa2, 00, 0xc3, 00, 0xc2, 00, 0xc3, 00, 0xe3,
  0x01, 0x03, 0x01, 0x03, 0x01, 0x03, 0x01, 0x03, 0x01, 0x04, 0x01, 0x24,
  0x01, 0x44, 0x01, 0x43, 0x01, 0x03, 0x01, 0x03, 0x01, 0x03, 0x01, 0x03,
  0x01, 0x03, 0x01, 0x03, 0x01, 0x85, 0x01, 0xa5, 0x01, 0x85, 0x01, 0x85,
  0x09, 0xc5, 0x01, 0x84, 0x01, 0x44, 0x09, 0xa5, 0x09, 0xc6, 0x01, 0x85,
  0x01, 0xc6, 0x01, 0x64, 0x01, 0xc5, 0x01, 0xa5, 0x01, 0xc5, 0x01, 0xc5,
  0x01, 0x44, 0x01, 0x43, 0x01, 0x44, 0x09, 0x64, 0x01, 0x64, 0x01, 0x23,
  0x01, 0x03, 0x01, 0x23, 0x01, 0x44, 0x01, 0x43, 0x01, 0x03, 0x01, 0x02,
  0x01, 0x03, 0x01, 0x03, 0x01, 0x04, 0x01, 0x24, 0x01, 0x85, 0x01, 0x43,
  0x01, 0x65, 0x09, 0x44, 0x01, 0x44, 0x01, 0x03, 00, 0xc3, 00, 0xe3,
  00, 0xc3, 00, 0xe3, 00, 0xe2, 00, 0xe2, 0x01, 0x02, 0x01, 0x23,
  0x01, 0x04, 0x09, 0x44, 0x01, 0x44, 0x01, 0x02, 0x01, 0x03, 0x01, 0x03,
  0x01, 0x02, 0x01, 0x02, 00, 0xc3, 00, 0xe3, 0x01, 0x03, 0x01, 0x03,
  00, 0xe2, 00, 0xe2, 0x01, 0x03, 0x01, 0x03, 00, 0xe2, 00, 0xe2,
  0x11, 0x03, 0x10, 0xe2, 00, 0xc2, 00, 0xa2, 00, 0xc2, 00, 0xa2,
  00, 0xc2, 00, 0xa2, 00, 0xc3, 00, 0xe3, 00, 0xc2, 00, 0xa2,
  00, 0xc2, 00, 0xa2, 00, 0x82, 00, 0xa2, 00, 0xc2, 00, 0xa2,
  00, 0xc3, 00, 0x82, 00, 0x82, 00, 0x81, 00, 0x81, 00, 0x61,
  00, 0x82, 00, 0x81, 00, 0x82, 00, 0x82, 00, 0x82, 00, 0x82,
  00, 0x81, 00, 0x61, 00, 0x42, 00, 0x62, 00, 0x41, 00, 0x61,
  00, 0x41, 00, 0x41, 00, 0x41, 00, 0x41, 00, 0x41, 00, 0x41,
  00, 0x41, 00, 0x41, 00, 0x41, 00, 0x41, 00, 0x41, 00, 0x41,
  00, 0x41, 00, 0x40, 00, 0x41, 00, 0x41, 00, 0x41, 00, 0x41,
  00, 0x41, 00, 0x21, 00, 0x41, 00, 0x40, 00, 0x01, 00, 0x21,
  00, 0x41, 00, 0x40, 00, 0x01, 00, 0x21, 00, 0x41, 0x08, 0x21,
  00, 00, 00, 0x20, 00, 0x41, 00, 0x40, 00, 0x41, 00, 0x41,
  00, 0x41, 00, 0x40, 00, 0x01, 00, 0x21, 00, 0x01, 00, 0x21,
  0x08, 0x40, 00, 00, 0x08, 0x40, 00, 0x20, 0x08, 0x40, 00, 00,
  0x08, 0x20, 0x18, 0xe3, 0x10, 0x81, 00, 00, 00, 0x40, 00, 0x40,
  0x08, 0x41, 00, 0x41, 0x08, 0x40, 00, 00, 0x08, 0x40, 00, 0x40,
  00, 0x40, 00, 0x40, 00, 0x40, 00, 0x40, 0x08, 0x40, 00, 0x20,
  00, 0x40, 00, 0x41, 0x08, 0x40, 00, 0x20, 0x08, 0x61, 00, 0x41,
  00, 0x40, 00, 0x41, 0x08, 0x80, 00, 0x40, 00, 0x40, 00, 0x40,
  0x08, 0x61, 00, 0x61, 0x08, 0x81, 00, 0x61, 0x08, 0x81, 00, 0x41,
  0x08, 0x81, 00, 0x61, 0x08, 0x81, 00, 0x41, 0x08, 0x81, 00, 0x61,
  0x08, 0x81, 00, 0x81, 0x08, 0x81, 00, 0x61, 0x08, 0x81, 00, 0x81,
  00, 0x81, 00, 0x82, 0x08, 0x81, 00, 0x81, 0x08, 0xc1, 00, 0xa1,
  0x08, 0xc2, 00, 0xa2, 00, 0x81, 00, 0x82, 0x08, 0xc2, 00, 0xa2,
  0x08, 0xc1, 00, 0xa1, 0x08, 0xc2, 00, 0xa2, 0x10, 0xc3, 00, 0x82,
  00, 0xc2, 00, 0xc3, 0x09, 0x02, 00, 0xc2, 0x11, 0x23, 00, 0xe2,
  0x09, 0x02, 00, 0xc2, 0x09, 0x02, 00, 0xc2, 0x09, 0x02, 00, 0xe2,
  0x09, 0x03, 0x09, 0x03, 0x09, 0x03, 0x01, 0x03, 0x09, 0x43, 0x01, 0x44,
  0x09, 0x44, 0x01, 0x23, 0x09, 0x44, 0x01, 0x23, 0x09, 0x42, 0x01, 0x22,
  0x09, 0x44, 0x01, 0x23, 0x09, 0x83, 0x01, 0x63, 0x09, 0x44, 0x01, 0x64,
  0x01, 0x83, 0x01, 0x84, 0x11, 0xe5, 0x09, 0xe5, 0x11, 0xe5, 0x01, 0xa4,
  0x09, 0xc4, 0x01, 0xa4, 0x09, 0xc5, 0x01, 0xc5, 0x11, 0xe5, 0x01, 0x63,
  0x09, 0x22, 0x09, 0x63, 0x09, 0x44, 0x01, 0x23, 0x09, 0x23, 0x01, 0x23,
  0x09, 0x44, 0x01, 0x23, 0x09, 0x44, 0x01, 0x23, 0x09, 0x43, 0x01, 0x03,
  0x09, 0x23, 0x01, 0x23, 0x09, 0x43, 0x01, 0x23, 0x09, 0x43, 0x01, 0x43,
  0x19, 0xc5, 0x09, 0x64, 0x09, 0x23, 0x01, 0x23, 0x09, 0x42, 0x01, 0x02,
  0x09, 0x02, 00, 0xc2, 0x09, 0x02, 00, 0xc2, 0x01, 0x02, 0x01, 0x03,
  0x01, 0x02, 0x01, 0x03, 0x09, 0x43, 0x01, 0x23, 0x09, 0x02, 00, 0xc2,
  0x08, 0xe3, 00, 0xa2, 0x01, 0x02, 0x01, 0x03, 0x09, 0x02, 0x01, 0x02,
  0x09, 0x02, 0x01, 0x02, 0x09, 0x23, 00, 0xe2, 0x10, 0xe2, 0x08, 0xe2,
  0xac, 0xae, 0x6a, 0xc8, 0x11, 0x01, 0x09, 0x02, 0x08, 0xc1, 00, 0xc2,
  0x08, 0xc2, 00, 0xa2, 00, 0xc1, 00, 0xc2, 0x08, 0xe2, 00, 0xe2,
  0x11, 0x23, 00, 0xa1, 00, 0xc2, 00, 0xc3, 0x08, 0xc1, 00, 0xa1,
  0x08, 0xc1, 00, 0xa1, 0x08, 0x81, 00, 0x41, 0x08, 0x81, 00, 0x41,
  00, 0x81, 00, 0x82, 0x08, 0xc1, 00, 0xa1, 0x08, 0x81, 00, 0x81,
  0x08, 0x81, 00, 0x41, 0x08, 0x81, 00, 0x61, 0x08, 0x81, 00, 0x41,
  0x08, 0x80, 00, 0x40, 0x08, 0x61, 00, 0x41, 0x08, 0x40, 00, 0x40,
  0x08, 0x61, 00, 0x41, 00, 0x40, 00, 0x40, 0x08, 0x41, 00, 0x41,
  0x08, 0x40, 00, 0x40, 0x08, 0x40, 00, 00, 0x08, 0x40, 00, 0x20,
  0x08, 0x40, 00, 00, 0x08, 0x40, 00, 0x20, 0x08, 0x40, 00, 00,
  0x08, 0x40, 00, 00, 0x08, 0x40, 00, 0x20, 0x08, 0x40, 00, 0x20,
  0x08, 0x40, 00, 0x20, 0x08, 0x40, 00, 0x20, 0x08, 0x40, 00, 00,
  0x08, 0x40, 00, 0x20, 0x08, 0x40, 00, 00, 0x08, 0x40, 00, 0x20,
  00, 0x41, 00, 0x40, 00, 0x01, 00, 0x21, 00, 0x41, 00, 0x40,
  00, 0x41, 00, 00, 00, 0x01, 00, 0x21, 00, 0x41, 00, 0x41,
  00, 0x41, 00, 0x41, 00, 0x41, 00, 0x41, 00, 0x41, 00, 0x41,
  00, 0x41, 00, 0x40, 00, 0x41, 00, 0x41, 00, 0x41, 00, 0x41,
  00, 0x41, 00, 0x41, 00, 0x41, 00, 0x41, 00, 0x41, 00, 0x41,
  00, 0x41, 00, 0x41, 00, 0x41, 00, 0x41, 00, 0x41, 00, 0x40,
  00, 0x41, 00, 0x61, 00, 0x41, 00, 0x41, 00, 0x82, 00, 0x61,
  00, 0x41, 00, 0x61, 00, 0x81, 00, 0x61, 00, 0x81, 00, 0x61,
  00, 0x82, 00, 0x81, 00, 0x82, 00, 0x81, 00, 0x82, 00, 0x82,
  00, 0x82, 00, 0x81, 00, 0x81, 00, 0xa2, 00, 0x82, 00, 0x82,
  00, 0xc2, 00, 0xc2, 00, 0x82, 00, 0x81, 00, 0xc2, 00, 0xa2,
  00, 0xc2, 00, 0xa2, 00, 0x82, 00, 0xa2, 00, 0xc2, 00, 0xc2,
  00, 0xc2, 0x08, 0xe3, 00, 0xe2, 00, 0xe2, 00, 0xc3, 0x08, 0xc2,
  00, 0xc2, 00, 0xa2, 00, 0xc3, 00, 0xe3, 00, 0xc3, 00, 0xe3,
  0x01, 0x03, 0x01, 0x03, 0x01, 0x04, 0x01, 0x24, 0x01, 0x44, 0x01, 0x24,
  0x01, 0x44, 0x01, 0x03, 0x01, 0x03, 0x01, 0x03, 0x01, 0x03, 0x01, 0x23,
  0x01, 0x04, 0x01, 0x24, 0x01, 0x63, 0x09, 0x84, 0x01, 0x44, 0x01, 0x23,
  0x01, 0x44, 0x09, 0xa5, 0x01, 0xc5, 0x01, 0x84, 0x01, 0x85, 0x01, 0x85,
  0x01, 0xc6, 0x01, 0x85, 0x01, 0x85, 0x01, 0xa5, 0x01, 0xe6, 0x01, 0xa4,
  0x01, 0x44, 0x09, 0x44, 0x01, 0x44, 0x01, 0x03, 00, 0xc3, 00, 0xe3,
  0x01, 0x43, 0x01, 0x43, 0x01, 0x03, 0x09, 0x23, 0x01, 0x03, 0x01, 0x23,
  0x01, 0x03, 0x01, 0x03, 0x01, 0x44, 0x01, 0x43, 0x01, 0x04, 0x09, 0x44,
  0x01, 0x85, 0x01, 0x43, 0x01, 0x03, 0x01, 0x23, 0x01, 0x44, 0x01, 0x02,
  00, 0xc3, 00, 0xe3, 00, 0xc2, 00, 0xa2, 00, 0xc3, 00, 0xe3,
  0x01, 0x03, 0x01, 0x03, 0x01, 0x44, 0x01, 0x02, 0x01, 0x03, 00, 0xc2,
  00, 0xc2, 00, 0xa2, 00, 0xc3, 00, 0xe3, 0x01, 0x03, 0x01, 0x03,
  0x01, 0x03, 0x01, 0x03, 0x01, 0x03, 00, 0xc2, 00, 0xc2, 0x08, 0xc2,
  0x39, 0xe6, 0x31, 0x64, 0x01, 0x03, 00, 0xc1, 00, 0xc2, 00, 0xa2,
  00, 0xc2, 00, 0xa2, 00, 0xc3, 00, 0xe3, 00, 0xc2, 0x08, 0xe2,
  0x09, 0x03, 00, 0xc1, 0x01, 0x04, 00, 0xe3, 00, 0x82, 00, 0x82,
  00, 0x82, 00, 0xa2, 00, 0x81, 00, 0x61, 00, 0x81, 00, 0x61,
  00, 0x82, 00, 0x81, 00, 0x82, 00, 0x62, 00, 0x81, 00, 0x61,
  00, 0x82, 00, 0x81, 00, 0x41, 0x08, 0x61, 00, 0x41, 0x08, 0x62,
  00, 0x41, 00, 0x41, 00, 0x41, 00, 0x41, 00, 0x41, 00, 0x41,
  00, 0x41, 00, 0x41, 00, 0x41, 00, 0x41, 00, 0x41, 00, 0x41,
  00, 0x41, 00, 0x41, 00, 0x41, 00, 0x41, 00, 0x41, 00, 0x40,
  00, 0x41, 00, 0x41, 00, 00, 00, 00, 00, 0x41, 00, 0x40,
  00, 00, 0x08, 0x21, 00, 0x41, 00, 0x40, 00, 0x01, 00, 0x21,
  00, 0x41, 00, 0x21, 00, 0x41, 00, 0x40, 00, 0x41, 00, 0x40,
  00, 0x01, 00, 0x21, 00, 0x41, 0x08, 0x40, 00, 00, 00, 00,
  0x08, 0x40, 00, 0x20, 0x08, 0x40, 00, 0x20, 0x08, 0x40, 00, 00,
  00, 0x40, 00, 0x40, 0x08, 0x40, 00, 00, 0x08, 0x40, 00, 0x40,
  0x08, 0x40, 00, 00, 00, 0x40, 00, 0x40, 0x08, 0x40, 00, 00,
  00, 0x40, 00, 0x40, 0x08, 0x80, 00, 0x40, 00, 0x40, 00, 0x40,
  00, 0x40, 00, 0x40, 00, 0x40, 00, 0x40, 00, 0x40, 00, 0x40,
  0x08, 0x61, 00, 0x61, 00, 0x40, 00, 0x40, 0x08, 0x61, 00, 0x41,
  0x08, 0x61, 00, 0x41, 0x08, 0x81, 00, 0x61, 0x08, 0x81, 00, 0x41,
  0x08, 0x81, 00, 0x41, 0x08, 0x81, 00, 0x81, 00, 0x81, 00, 0x82,
  00, 0x81, 00, 0x82, 0x10, 0xa2, 00, 0x61, 00, 0x81, 00, 0x82,
  0x08, 0xc1, 00, 0xa1, 0x08, 0xc1, 00, 0xa1, 0x08, 0xc1, 00, 0xa1,
  0x08, 0xc1, 00, 0xa1, 0x08, 0xa2, 00, 0xa2, 0x08, 0xa2, 00, 0xa2,
  0x08, 0xc1, 00, 0xc2, 00, 0xc1, 00, 0xc2, 0x08, 0xc2, 00, 0xc2,
  0x08, 0xc1, 00, 0xc2, 0x09, 0x02, 00, 0xc2, 0x08, 0xe3, 00, 0xa2,
  0x09, 0x02, 00, 0xc2, 0x08, 0xe3, 00, 0xe3, 0x09, 0x23, 00, 0xe2,
  0x01, 0x02, 0x01, 0x03, 0x09, 0x43, 0x01, 0x44, 0x01, 0x43, 0x01, 0x64,
  0x09, 0x44, 0x01, 0x23, 0x11, 0x64, 00, 0xe2, 0x01, 0x02, 0x01, 0x43,
  0x09, 0x44, 0x01, 0x23, 0x01, 0x43, 0x01, 0x63, 0x09, 0x43, 0x01, 0x44,
  0x09, 0x43, 0x09, 0x84, 0x09, 0x84, 0x01, 0x64, 0x01, 0xa4, 0x01, 0xc5,
  0x09, 0x84, 0x01, 0x85, 0x01, 0xc5, 0x01, 0xa5, 0x11, 0xe5, 0x01, 0xa4,
  0x09, 0x23, 0x01, 0x23, 0x09, 0x44, 0x01, 0x23, 0x01, 0x02, 0x01, 0x03,
  0x09, 0x84, 0x01, 0x63, 0x09, 0x43, 0x01, 0x23, 0x09, 0x43, 0x01, 0x44,
  0x09, 0x44, 0x01, 0x23, 0x09, 0x44, 0x01, 0x23, 0x09, 0x43, 0x01, 0x03,
  0x09, 0x84, 0x01, 0x84, 0x09, 0x23, 0x01, 0x23, 0x09, 0x23, 00, 0xe2,
  0x09, 0x02, 0x01, 0x02, 0x09, 0x02, 00, 0xe2, 0x09, 0x02, 00, 0xc2,
  0x01, 0x02, 0x01, 0x02, 0x09, 0x44, 0x01, 0x23, 0x09, 0x02, 00, 0xc2,
  00, 0xc2, 00, 0xc3, 0x08, 0xc1, 00, 0xc2, 0x09, 0x44, 0x01, 0x23,
  0x09, 0x02, 00, 0xc2, 0x08, 0xc2, 00, 0xc2, 0x09, 0x02, 00, 0xc2,
  0x08, 0xc1, 00, 0xc2, 0x08, 0xe3, 00, 0xa2, 0x08, 0xc1, 00, 0xc2,
  00, 0xc1, 00, 0xc2, 0x09, 0x02, 00, 0xc2, 0x08, 0xa2, 00, 0xa2,
  00, 0xc1, 00, 0xc2, 0x08, 0xc2, 00, 0xa2, 0x08, 0xc2, 00, 0xa2,
  0x08, 0xc1, 00, 0xa1, 0x08, 0xc1, 00, 0xa1, 0x08, 0x81, 00, 0x41,
  0x08, 0x81, 00, 0x81, 0x08, 0x81, 00, 0x81, 00, 0x81, 00, 0x82,
  00, 0x81, 00, 0x82, 0x08, 0x81, 00, 0x41, 0x08, 0x81, 00, 0x41,
  00, 0x40, 00, 0x41, 0x08, 0x80, 00, 0x60, 0x08, 0x81, 00, 0x41,
  0x08, 0x40, 00, 0x40, 0x08, 0x41, 00, 0x41, 00, 0x40, 00, 0x40,
  0x08, 0x40, 00, 00, 0x08, 0x40, 00, 0x20, 0x08, 0x40, 00, 0x20,
  0x08, 0x40, 00, 00, 0x08, 0x40, 00, 00, 0x08, 0x40, 00, 00,
  0x08, 0x40, 00, 00, 0x08, 0x40, 00, 00, 0x08, 0x40, 00, 00,
  0x08, 0x40, 00, 0x40, 0x08, 0x40, 00, 0x40, 0x08, 0x40, 00, 00,
  0x08, 0x40, 00, 0x20, 0x08, 0x40, 00, 0x20, 0x08, 0x40, 00, 00,
  00, 0x01, 00, 0x21, 00, 0x01, 00, 0x21, 00, 0x01, 00, 0x21,
  00, 0x41, 00, 0x41, 00, 0x41, 00, 0x41, 00, 0x41, 00, 0x41,
  00, 0x42, 00, 0x21, 00, 0x41, 00, 0x41, 00, 0x41, 00, 0x41,
  00, 0x41, 00, 0x41, 00, 0x41, 00, 0x41, 00, 0x41, 00, 0x41,
  00, 0x41, 00, 0x41, 00, 0x41, 0x08, 0x61, 00, 0x41, 00, 0x21,
  00, 0x41, 00, 0x41, 00, 0x41, 00, 0x41, 00, 0x41, 00, 0x41,
  00, 0x41, 00, 0x61, 00, 0x81, 00, 0x61, 00, 0x41, 00, 0x61,
  00, 0x41, 00, 0x61, 00, 0x81, 00, 0x61, 00, 0x82, 00, 0x81,
  00, 0x81, 00, 0x81, 00, 0x82, 00, 0x61, 00, 0x82, 00, 0x81,
  00, 0x82, 00, 0x82, 00, 0x82, 0x08, 0xa2, 00, 0x82, 0x08, 0xa2,
  00, 0x82, 00, 0xa2, 00, 0x82, 00, 0xa2, 00, 0xc2, 00, 0xa2,
  00, 0x82, 00, 0xa2, 00, 0x82, 00, 0xa2, 00, 0xc2, 00, 0xa2,
  00, 0xc3, 00, 0xe3, 0x01, 0x04, 00, 0xc3, 00, 0xc3, 00, 0xc2,
  00, 0xc3, 00, 0xc2, 00, 0xe2, 0x09, 0x23, 0x01, 0x03, 0x01, 0x03,
  0x01, 0x03, 0x01, 0x03, 0x01, 0x44, 0x01, 0x44, 0x01, 0x04, 0x01, 0x24,
  0x01, 0x04, 0x01, 0x24, 0x01, 0x44, 0x01, 0x44, 0x01, 0x43, 0x01, 0x43,
  0x01, 0x03, 0x01, 0x03, 0x01, 0x23, 0x09, 0x64, 0x01, 0x44, 0x01, 0x43,
  0x01, 0x44, 0x01, 0x24, 0x01, 0x85, 0x01, 0x84, 0x01, 0x84, 0x09, 0xa5,
  0x01, 0x85, 0x01, 0xa5, 0x02, 0x06, 0x01, 0xa5, 0x01, 0xc5, 0x01, 0x84,
  0x01, 0x84, 0x01, 0x64, 0x01, 0x44, 0x01, 0x02, 0x01, 0x03, 0x01, 0x03,
  0x01, 0x64, 0x09, 0x64, 0x01, 0x64, 0x01, 0x64, 0x01, 0x84, 0x01, 0x64,
  0x01, 0x84, 0x01, 0x43, 0x01, 0x03, 0x01, 0x03, 0x01, 0x04, 0x01, 0x24,
  0x01, 0x85, 0x01, 0x43, 0x01, 0x44, 0x01, 0x23, 0x01, 0x03, 0x01, 0x03,
  0x01, 0x04, 0x01, 0x24, 0x01, 0x03, 0x01, 0x03, 00, 0xe3, 0x11, 0x44,
  0x01, 0x03, 00, 0xe3, 0x01, 0x03, 0x01, 0x03, 00, 0xc2, 0x08, 0xe3,
  00, 0xc2, 00, 0xa2, 00, 0xc2, 00, 0xa2, 0x01, 0x03, 0x01, 0x23,
  0x01, 0x03, 00, 0xc2, 00, 0xc2, 00, 0xa2, 00, 0xc2, 00, 0xa2,
  00, 0xc2, 00, 0xc2, 00, 0xc2, 00, 0xa2, 00, 0xc2, 00, 0xa2,
  00, 0xc3, 00, 0xe3, 00, 0xc2, 00, 0xc2, 00, 0xc2, 00, 0xa2,
  00, 0xc2, 00, 0xa2, 00, 0x82, 00, 0x82, 00, 0x82, 00, 0xa2,
  00, 0x82, 0x08, 0x82, 00, 0x82, 00, 0xa2, 00, 0x82, 00, 0x82,
  00, 0x82, 00, 0x82, 00, 0x81, 00, 0x81, 00, 0x82, 00, 0x81,
  00, 0x81, 00, 0x61, 0x21, 0x02, 0x62, 0xc9, 00, 0x61, 0x08, 0x61,
  00, 0x41, 00, 0x61, 00, 0x41, 00, 0x41, 00, 0x41, 00, 0x21,
  00, 0x41, 00, 0x41, 00, 0x41, 00, 0x41, 00, 0x41, 00, 0x41,
  00, 0x41, 00, 0x41, 00, 0x41, 00, 0x40, 00, 0x41, 00, 0x41,
  00, 0x41, 00, 0x40, 00, 0x41, 00, 0x41, 00, 0x41, 00, 0x40,
  00, 0x41, 00, 0x40, 00, 0x41, 00, 0x40, 00, 0x01, 00, 0x21,
  00, 0x01, 00, 0x21, 00, 0x41, 00, 0x41, 00, 0x41, 00, 0x40,
  00, 00, 00, 0x20, 00, 0x01, 00, 0x21, 00, 00, 00, 00,
  0x08, 0x40, 00, 00, 0x08, 0x40, 00, 0x20, 0x08, 0x40, 00, 00,
  0x08, 0x40, 00, 0x20, 0x08, 0x40, 00, 00, 00, 0x40, 00, 0x40,
  00, 0x40, 00, 0x40, 0x08, 0x40, 00, 0x20, 0x08, 0x40, 00, 0x40,
  00, 0x40, 00, 0x40, 0x08, 0x40, 00, 0x40, 0x08, 0x40, 00, 0x40,
  0x08, 0x61, 00, 0x41, 0x08, 0x61, 00, 0x61, 0x08, 0x81, 00, 0x41,
  00, 0x40, 00, 0x40, 0x08, 0x61, 00, 0x41, 0x08, 0x41, 00, 0x41,
  0x08, 0x81, 00, 0x41, 0x08, 0x81, 00, 0x41, 0x08, 0x81, 00, 0x41,
  0x08, 0x81, 00, 0x41, 0x08, 0x81, 00, 0x61, 0x08, 0x81, 00, 0x81,
  0x08, 0x81, 00, 0x81, 0x08, 0x81, 00, 0x81, 0x08, 0xc1, 00, 0xa1,
  0x08, 0xc1, 00, 0xa1, 00, 0xc1, 00, 0xc2, 0x08, 0xc1, 00, 0xa1,
  0x08, 0xc1, 00, 0xa1, 0x08, 0xc2, 00, 0x81, 0x08, 0xc1, 00, 0xa1,
  0x11, 0x03, 00, 0xc2, 0x08, 0xc2, 00, 0xc2, 0x08, 0xc1, 00, 0xa1,
  0x09, 0x02, 00, 0xc2, 0x08, 0xc1, 00, 0xc2, 0x01, 0x02, 0x01, 0x03,
  0x08, 0xc1, 00, 0xc2, 0x09, 0x44, 0x01, 0x23, 0x01, 0x02, 0x01, 0x03,
  0x09, 0x44, 0x01, 0x23, 0x09, 0x43, 0x01, 0x23, 0x09, 0x43, 0x01, 0x23,
  0x01, 0x02, 0x01, 0x03, 0x09, 0x43, 0x09, 0x64, 0x09, 0x43, 0x01, 0x03,
  0x11, 0x23, 00, 0xe2, 0x01, 0x02, 0x01, 0x43, 0x09, 0x83, 0x01, 0x63,
  0x09, 0x43, 0x01, 0x23, 0x01, 0x84, 0x01, 0xa5, 0x09, 0x84, 0x01, 0x84,
  0x0a, 0x46, 0x02, 0x26, 0x1a, 0x46, 0x09, 0xe5, 0x09, 0xa5, 0x01, 0x64,
  0x12, 0x26, 0x01, 0xa4, 0x09, 0x43, 0x01, 0x23, 0x09, 0x23, 0x01, 0x23,
  0x01, 0x43, 0x01, 0x64, 0x01, 0x83, 0x01, 0x84, 0x09, 0x84, 0x01, 0x64,
  0x09, 0x84, 0x01, 0x23, 0x09, 0x44, 0x01, 0x23, 0x01, 0x02, 0x01, 0x43,
  0x09, 0x83, 0x01, 0x63, 0x09, 0x63, 0x01, 0x22, 0x01, 0x02, 0x01, 0x03,
  0x09, 0x23, 0x01, 0x23, 0x09, 0x43, 0x01, 0x23, 0x08, 0xe2, 0x21, 0xc6,
  0x11, 0x03, 00, 0xc2, 0x09, 0x02, 00, 0xe2, 0x09, 0x02, 00, 0xc2,
  00, 0xc1, 00, 0xc2, 0x09, 0x03, 0x01, 0x03, 0x09, 0x23, 00, 0xe2,
  0x09, 0x02, 00, 0xc2, 00, 0xc1, 00, 0xc2, 0x09, 0x02, 00, 0xc2,
  0x08, 0xc1, 00, 0xa1, 0x08, 0xa2, 00, 0x82, 00, 0xc1, 00, 0xc2,
  0x09, 0x02, 00, 0xe2, 0x08, 0xc1, 00, 0xa1, 0x08, 0xc2, 00, 0xa2,
  0x08, 0xc1, 00, 0xa1, 0x10, 0xe3, 00, 0xa2, 0x08, 0xc1, 00, 0xa1,
  0x08, 0xc1, 00, 0xa1, 0x08, 0xc1, 00, 0xa1, 0x08, 0xc1, 00, 0xa1,
  0x08, 0xa2, 00, 0x61, 00, 0x81, 00, 0x82, 0x08, 0x81, 00, 0x61,
  0x08, 0x81, 00, 0x41, 0x18, 0xa1, 0x29, 0x64, 0x08, 0x81, 00, 0x41,
  00, 0x40, 00, 0x41, 0x08, 0x81, 00, 0x41, 00, 0x40, 00, 0x40,
  0x08, 0x61, 00, 0x41, 00, 0x40, 00, 0x40, 0x08, 0x61, 00, 0x61,
  0x08, 0x40, 00, 0x20, 0x08, 0x40, 00, 00, 0x08, 0x40, 00, 0x20,
  0x08, 0x40, 00, 00, 0x08, 0x40, 00, 0x20, 0x08, 0x40, 00, 00,
  0x08, 0x40, 00, 0x20, 0x08, 0x40, 00, 00, 0x08, 0x40, 00, 0x20,
  0x08, 0x40, 00, 00, 0x08, 0x40, 00, 00, 00, 0x40, 00, 0x40,
  0x08, 0x40, 00, 0x20, 0x08, 0x40, 00, 00, 0x08, 0x40, 00, 0x20,
  00, 0x01, 00, 0x21, 00, 0x01, 00, 0x21, 00, 0x41, 00, 0x40,
  00, 0x41, 00, 0x41, 00, 0x41, 00, 0x41, 00, 0x41, 00, 0x41,
  00, 0x41, 00, 0x41, 00, 0x41, 00, 0x40, 00, 0x41, 00, 0x41,
  00, 0x41, 00, 0x40, 00, 0x41, 00, 0x41, 00, 0x41, 00, 0x41,
  00, 0x41, 0x08, 0x61, 00, 0x41, 00, 0x41, 00, 0x41, 0x08, 0x61,
  00, 0x41, 00, 0x21, 00, 0x41, 00, 0x61, 00, 0x41, 00, 0x41,
  00, 0x41, 0x08, 0x61, 00, 0x81, 00, 0x61, 00, 0x82, 00, 0x81,
  00, 0x81, 00, 0x61, 00, 0x82, 00, 0x81, 00, 0x81, 00, 0x61,
  00, 0x82, 00, 0x81, 00, 0x82, 00, 0x81, 00, 0x82, 00, 0x82,
  00, 0x82, 00, 0x82, 00, 0xc2, 00, 0xa2, 00, 0x81, 00, 0xa2,
  00, 0xc2, 00, 0xa2, 00, 0x82, 00, 0x81, 00, 0xc2, 00, 0xa2,
  00, 0xc2, 00, 0xa2, 00, 0xc3, 00, 0xc2, 00, 0xc2, 00, 0xa2,
  00, 0x82, 00, 0xa2, 00, 0x82, 00, 0xa2, 00, 0xc3, 00, 0xe3,
  00, 0xc2, 00, 0xa2, 0x01, 0x03, 0x01, 0x03, 0x01, 0x03, 0x01, 0x03,
  0x01, 0x03, 0x01, 0x03, 00, 0xc3, 00, 0xe3, 0x01, 0x44, 0x01, 0x02,
  0x01, 0x04, 0x01, 0x24, 0x01, 0x44, 0x01, 0x23, 0x01, 0x03, 0x01, 0x03,
  0x01, 0x03, 0x11, 0x43, 0x01, 0x03, 0x01, 0x23, 0x01, 0x04, 0x01, 0x24,
  0x01, 0x43, 0x01, 0x43, 0x01, 0x44, 0x01, 0x43, 0x01, 0x85, 0x01, 0xa5,
  0x0a, 0x46, 0x01, 0xe5, 0x01, 0x03, 0x01, 0x23, 0x01, 0x64, 0x01, 0x64,
  0x01, 0x84, 0x01, 0x64, 0x01, 0x43, 0x01, 0x43, 0x01, 0x44, 0x01, 0x43,
  0x01, 0x44, 0x01, 0x23, 0x01, 0x84, 0x01, 0x64, 0x01, 0x85, 0x01, 0x43,
  0x01, 0x44, 0x01, 0x43, 0x01, 0x44, 0x01, 0x43, 0x01, 0x43, 0x01, 0x43,
  0x01, 0x63, 0x09, 0x84, 0x01, 0x03, 0x01, 0x02, 0x01, 0x03, 0x01, 0x02,
  0x01, 0x03, 0x01, 0x23, 0x01, 0x03, 0x01, 0x03, 0x01, 0x03, 00, 0xc2,
  00, 0xc2, 0x08, 0xe3, 00, 0xc3, 00, 0xe3, 0x01, 0x03, 00, 0xc2,
  00, 0xc2, 00, 0xa2, 00, 0xc2, 0x08, 0xe3, 0x01, 0x03, 0x01, 0x03,
  00, 0xc2, 00, 0xa2, 00, 0xc2, 00, 0xa2, 00, 0xc2, 00, 0xa2,
  00, 0xc2, 00, 0xa2, 00, 0xc3, 00, 0xc2, 00, 0xc2, 00, 0xc2,
  00, 0xc2, 00, 0xa2, 00, 0x82, 00, 0x82, 00, 0x82, 00, 0xa2,
  00, 0xc3, 00, 0xe3, 0x09, 0x03, 0x11, 0x03, 00, 0x82, 00, 0xa2,
  00, 0x82, 00, 0x82, 00, 0x82, 00, 0x82, 00, 0x82, 0x08, 0x82,
  00, 0x81, 00, 0x61, 00, 0x81, 00, 0x61, 00, 0x41, 00, 0x61,
  00, 0x82, 00, 0x81, 00, 0x41, 00, 0x41, 00, 0x81, 00, 0x61,
  00, 0x41, 00, 0x41, 00, 0x41, 00, 0x41, 00, 0x41, 00, 0x41,
  00, 0x41, 00, 0x41, 00, 0x41, 00, 0x40, 00, 0x41, 00, 0x41,
  00, 0x41, 00, 0x41, 00, 0x41, 0x08, 0x41, 00, 0x41, 00, 0x21,
  00, 0x41, 00, 0x41, 00, 0x41, 00, 0x40, 00, 0x41, 00, 0x41,
  00, 0x41, 00, 0x40, 00, 0x41, 00, 0x40, 00, 00, 00, 0x20,
  00, 0x41, 00, 0x40, 00, 00, 0x20, 0xe3, 0x18, 0xc3, 00, 00,
  00, 0x41, 00, 0x20, 00, 0x01, 00, 0x21, 00, 00, 00, 00,
  0x08, 0x40, 00, 0x20, 0x08, 0x40, 00, 00, 0x08, 0x40, 00, 0x40,
  0x08, 0x40, 00, 00, 0x08, 0x40, 00, 0x20, 0x08, 0x40, 00, 0x40,
  0x08, 0x40, 00, 0x20, 0x08, 0x40, 00, 0x40, 0x08, 0x40, 00, 0x20,
  00, 0x40, 00, 0x40, 00, 0x40, 00, 0x40, 0x08, 0x81, 00, 0x41,
  0x08, 0x81, 00, 0x41, 0x08, 0x61, 00, 0x41, 00, 0x40, 00, 0x41,
  0x08, 0x61, 00, 0x41, 0x08, 0x61, 00, 0x41, 0x08, 0x61, 00, 0x41,
  0x08, 0x81, 00, 0x41, 0x10, 0xa2, 00, 0x61, 0x08, 0x81, 00, 0x81,
  0x08, 0x81, 00, 0x81, 0x08, 0x81, 00, 0x61, 0x08, 0x81, 00, 0x81,
  0x08, 0x81, 00, 0x81, 0x08, 0xc1, 00, 0xa1, 0x08, 0xc1, 00, 0xa1,
  0x08, 0xc1, 00, 0xa1, 0x08, 0xc1, 00, 0xa1, 0x08, 0xc1, 00, 0xc2,
  0x08, 0xc1, 00, 0xa1, 0x08, 0xa2, 00, 0xa2, 0x08, 0xc1, 00, 0xc2,
  0x09, 0x02, 00, 0xe2, 00, 0xc1, 00, 0xc2, 0x08, 0xc1, 00, 0xa1,
  0x08, 0xc1, 00, 0xa1, 0x08, 0xc1, 00, 0xc2, 0x09, 0x02, 00, 0xc2,
  0x09, 0x02, 00, 0xc2, 0x09, 0x02, 00, 0xe2, 0x09, 0x23, 0x01, 0x23,
  0x01, 0x02, 0x01, 0x03, 0x11, 0x43, 0x01, 0x03, 0x01, 0x02, 0x01, 0x03,
  0x09, 0x44, 0x01, 0x23, 0x09, 0x43, 0x01, 0x23, 0x09, 0x02, 00, 0xe2,
  0x01, 0x02, 0x01, 0x03, 0x11, 0x83, 0x01, 0x63, 0x09, 0x43, 0x01, 0x23,
  0x09, 0x43, 0x01, 0x44, 0x09, 0x43, 0x01, 0x23, 0x01, 0xc4, 0x01, 0xe5,
  0x11, 0xe5, 0x01, 0x63, 0x09, 0x83, 0x01, 0x63, 0x01, 0x83, 0x01, 0x84,
  0x09, 0x84, 0x01, 0x63, 0x09, 0x23, 0x01, 0x23, 0x09, 0x43, 0x01, 0x44,
  0x09, 0x83, 0x01, 0x63, 0x09, 0x84, 0x1a, 0x27, 0x01, 0x84, 0x01, 0xa5,
  0x09, 0x83, 0x01, 0x63, 0x09, 0x43, 0x01, 0x44, 0x09, 0x64, 0x01, 0x23,
  0x09, 0x84, 0x01, 0x23, 0x09, 0x03, 0x01, 0x03, 0x09, 0x43, 0x01, 0x23,
  0x09, 0x43, 0x01, 0x03, 0x09, 0x02, 0x01, 0x02, 0x09, 0x43, 0x01, 0x23,
  0x01, 0x02, 0x01, 0x03, 0x09, 0x02, 0x01, 0x02, 0x09, 0x02, 00, 0xe2,
  0x09, 0x02, 00, 0xc2, 0x09, 0x02, 0x01, 0x02, 0x09, 0x23, 00, 0xe2,
  0x09, 0x02, 00, 0xc2, 0x09, 0x02, 00, 0xc2, 0x09, 0x02, 00, 0xc2,
  0x09, 0x02, 00, 0xc2, 00, 0xc2, 00, 0xc3, 0x08, 0xc2, 00, 0x82,
  0x08, 0xc2, 00, 0xa2, 0x08, 0xc1, 00, 0xa1, 0x08, 0xc1, 00, 0xa1,
  00, 0xc1, 00, 0xc2, 0x08, 0xc2, 00, 0xa2, 0x08, 0xc1, 00, 0xa1,
  00, 0x81, 00, 0x82, 0x08, 0x81, 00, 0x81, 0x08, 0xc1, 00, 0xa1,
  0x08, 0xa2, 00, 0x61, 0x08, 0x81, 00, 0x41, 0x08, 0x81, 00, 0x41,
  0x08, 0x61, 00, 0x61, 0x08, 0x81, 00, 0x61, 0x08, 0x61, 00, 0x61,
  0x08, 0x61, 00, 0x41, 00, 0x40, 00, 0x40, 0x08, 0x61, 00, 0x41,
  0x08, 0x40, 00, 0x61, 0x10, 0x81, 00, 00, 0x08, 0x40, 00, 0x40,
  0x08, 0x40, 00, 0x40, 0x08, 0x80, 00, 0x40, 0x08, 0x40, 00, 0x40,
  0x08, 0x40, 00, 00, 0x08, 0x40, 00, 00, 0x08, 0x40, 00, 0x20,
  0x08, 0x40, 00, 00, 0x08, 0x40, 00, 0x20, 0x08, 0x40, 00, 00,
  0x08, 0x40, 00, 0x20, 0x08, 0x20, 0x10, 0x81, 0x18, 0xc2, 00, 0x20,
  0x08, 0x40, 00, 00, 0x08, 0x40, 00, 0x20, 0x08, 0x40, 00, 0x20,
  00, 0x01, 00, 0x21, 00, 0x01, 00, 0x21, 00, 0x41, 00, 0x41,
  00, 0x41, 00, 0x41, 00, 0x41, 0x08, 0x41, 00, 0x41, 00, 0x21,
  00, 0x41, 00, 0x41, 00, 0x41, 00, 0x41, 00, 0x41, 00, 0x41,
  00, 0x41, 00, 0x41, 00, 0x41, 00, 0x41, 0x19, 0x04, 0x08, 0x61,
  00, 0x41, 00, 0x41, 00, 0x41, 00, 0x41, 00, 0x41, 00, 0x41,
  00, 0x41, 0x08, 0x61, 00, 0x41, 00, 0x61, 00, 0x41, 00, 0x61,
  00, 0x41, 00, 0x41, 00, 0x81, 00, 0x81, 00, 0x82, 00, 0x61,
  00, 0x82, 00, 0x81, 00, 0x82, 00, 0x81, 00, 0x82, 00, 0x62,
  00, 0x82, 00, 0x81, 00, 0x82, 00, 0xa2, 00, 0x82, 00, 0xa2,
  00, 0xc2, 00, 0xa2, 00, 0xc2, 00, 0xa2, 00, 0xc2, 00, 0xa2,
  00, 0xc2, 00, 0xa2, 00, 0x82, 00, 0xa2, 00, 0x82, 00, 0xa2,
  00, 0xc2, 00, 0xc2, 00, 0xc2, 00, 0xa2, 00, 0x82, 00, 0xa2,
  00, 0x82, 00, 0xa2, 00, 0xc2, 00, 0xa2, 00, 0x82, 00, 0xa2,
  00, 0xc2, 00, 0xa2, 00, 0xc3, 00, 0xe3, 0x01, 0x03, 0x01, 0x03,
  0x01, 0x03, 0x09, 0x44, 0x01, 0x44, 0x01, 0x02, 00, 0xc3, 00, 0xe3,
  0x01, 0x44, 0x09, 0x43, 0x01, 0x04, 00, 0xe3, 0x01, 0x03, 0x09, 0x03,
  0x01, 0x04, 00, 0xe3, 0x01, 0x04, 0x01, 0x24, 0x01, 0x44, 0x01, 0x02,
  0x01, 0x44, 0x01, 0x43, 0x01, 0x43, 0x01, 0x43, 0x01, 0xa5, 0x09, 0xe6,
  0x01, 0xc6, 0x01, 0x64, 0x01, 0x44, 0x01, 0x24, 0x01, 0x04, 0x09, 0x44,
  0x01, 0x44, 0x09, 0x43, 0x01, 0x43, 0x01, 0x43, 0x01, 0x43, 0x01, 0x43,
  0x01, 0x44, 0x01, 0x64, 0x01, 0x84, 0x01, 0x64, 0x01, 0x84, 0x01, 0x64,
  0x01, 0x44, 0x01, 0x24, 0x01, 0x44, 0x01, 0x64, 0x01, 0x44, 0x01, 0x23,
  0x01, 0x44, 0x01, 0x02, 0x01, 0x03, 0x01, 0x23, 0x01, 0x03, 0x01, 0x03,
  0x01, 0x03, 0x01, 0x03, 00, 0xc2, 00, 0xa2, 00, 0xc3, 00, 0xe3,
  0x01, 0x03, 00, 0xe3, 00, 0xc3, 00, 0xe3, 00, 0xc2, 00, 0xa2,
  0x01, 0x03, 0x01, 0x03, 0x01, 0x03, 0x01, 0x03, 0x01, 0x03, 0x09, 0x03,
  00, 0xc2, 00, 0xa2, 00, 0xc2, 00, 0xa2, 00, 0xc2, 00, 0xa2,
  00, 0xc3, 00, 0xc2, 00, 0xc2, 00, 0xa2, 00, 0xc2, 00, 0xa2,
  00, 0x82, 00, 0x82, 00, 0x82, 00, 0xa2, 00, 0xc3, 00, 0x81,
  00, 0x82, 0x08, 0xa2, 00, 0x82, 00, 0xa2, 00, 0x81, 00, 0x61,
  00, 0x82, 00, 0x81, 00, 0x81, 0x08, 0xc2, 00, 0x81, 00, 0x61,
  00, 0x82, 00, 0x81, 00, 0x81, 00, 0x61, 00, 0x81, 00, 0x81,
  00, 0x41, 00, 0x41, 00, 0x41, 0x08, 0x61, 00, 0x41, 00, 0x41,
  00, 0x41, 00, 0x61, 00, 0x41, 00, 0x41, 00, 0x41, 00, 0x41,
  00, 0x41, 00, 0x41, 00, 0x41, 00, 0x41, 00, 0x41, 00, 0x41,
  00, 0x41, 00, 0x41, 00, 0x41, 00, 0x21, 00, 0x41, 00, 0x41,
  00, 0x41, 00, 0x41, 00, 0x41, 00, 0x41, 00, 0x41, 00, 0x40,
  00, 0x41, 00, 0x41, 00, 0x41, 00, 0x40, 00, 0x41, 00, 0x40,
  00, 0x40, 00, 0x20, 00, 0x41, 00, 00, 00, 00, 0x08, 0x21,
  00, 0x41, 00, 0x40, 00, 00, 00, 00, 00, 00, 00, 00,
  0x08, 0x40, 00, 00, 0x08, 0x40, 00, 0x20, 0x08, 0x40, 00, 0x20,
  0x08, 0x40, 00, 0x20, 0x08, 0x40, 00, 0x40, 00, 0x40, 00, 0x40,
  0x08, 0x40, 00, 0x40, 0x08, 0x40, 00, 0x20, 0x08, 0x40, 00, 0x40,
  0x08, 0x40, 00, 0x20, 0x08, 0x41, 00, 0x41, 00, 0x40, 00, 0x40,
  0x08, 0x61, 00, 0x41, 0x08, 0x61, 00, 0x61, 0x08, 0x61, 00, 0x41,
  0x08, 0x80, 00, 0x60, 0x10, 0x81, 0x08, 0x81, 0x08, 0x61, 00, 0x41,
  0x08, 0x81, 00, 0x41, 0x08, 0x61, 00, 0x61, 0x08, 0x81, 00, 0x61,
  0x08, 0x81, 00, 0x81, 0x08, 0x81, 00, 0x81, 00, 0x81, 00, 0x82,
  0x08, 0xc2, 00, 0xa2, 0x08, 0xa2, 00, 0xa2, 0x08, 0xc2, 00, 0x82,
  00, 0x81, 00, 0x82, 0x08, 0xc2, 00, 0xc2, 0x08, 0xc1, 00, 0xa1,
  0x08, 0xc1, 00, 0xc2, 0x08, 0xc1, 00, 0xa1, 0x08, 0xc2, 00, 0xa2,
  0x08, 0xc1, 00, 0xa1, 0x08, 0xc1, 00, 0xc2, 0x08, 0xc1, 00, 0xa1,
  0x08, 0xc1, 00, 0xc2, 0x08, 0xa2, 00, 0xa2, 0x08, 0xc2, 00, 0xa2,
  0x08, 0xa2, 00, 0xa2, 0x09, 0x03, 0x01, 0x03, 0x09, 0x02, 00, 0xe2,
  0x09, 0x02, 00, 0xc2, 0x09, 0x43, 0x01, 0x23, 0x09, 0x02, 00, 0xe2,
  0x01, 0x02, 0x01, 0x03, 0x09, 0x44, 0x01, 0x23, 0x09, 0x02, 0x01, 0x03,
  0x09, 0x43, 0x01, 0x23, 0x09, 0x43, 0x01, 0x03, 0x09, 0x43, 0x01, 0x23,
  0x01, 0x43, 0x01, 0x63, 0x09, 0x84, 0x01, 0x85, 0x11, 0xe6, 0x01, 0xa5,
  0x01, 0x43, 0x01, 0x44, 0x09, 0x43, 0x01, 0x23, 0x09, 0x43, 0x01, 0x03,
  0x01, 0x02, 0x01, 0x03, 0x09, 0x44, 0x01, 0x23, 0x09, 0x42, 0x01, 0x22,
  0x09, 0x44, 0x01, 0x64, 0x01, 0x43, 0x01, 0x63, 0x09, 0xa5, 0x01, 0x64,
  0x09, 0x63, 0x01, 0x63, 0x09, 0x84, 0x01, 0x64, 0x09, 0x64, 0x01, 0x23,
  0x09, 0x23, 00, 0xe2, 0x01, 0x02, 0x01, 0x02, 0x09, 0x83, 0x01, 0x63,
  0x09, 0x02, 00, 0xe2, 0x09, 0x03, 0x01, 0x03, 0x01, 0x02, 0x01, 0x03,
  0x09, 0x43, 0x01, 0x03, 0x08, 0xc2, 00, 0xc2, 0x08, 0xc2, 00, 0xc2,
  0x09, 0x03, 0x01, 0x03, 0x09, 0x43, 0x01, 0x23, 0x08, 0xc1, 00, 0xe2,
  0x09, 0x02, 00, 0xe2, 00, 0xc2, 00, 0xc3, 0x08, 0xc2, 00, 0xa2,
  0x08, 0xa2, 00, 0xa2, 0x08, 0xc2, 00, 0xa2, 00, 0x81, 00, 0x82,
  0x08, 0xc1, 00, 0xa1, 00, 0x81, 00, 0x82, 0x08, 0xc1, 00, 0xc2,
  0x08, 0xa1, 00, 0x61, 0x08, 0xc1, 00, 0xa1, 0x08, 0x81, 00, 0x81,
  0x08, 0xc1, 00, 0xa1, 0x08, 0x81, 00, 0x41, 0x08, 0x81, 00, 0x41,
  00, 0x81, 00, 0x82, 0x08, 0x81, 00, 0x41, 0x08, 0x81, 00, 0x61,
  0x08, 0x61, 00, 0x61, 0x08, 0x61, 00, 0x41, 0x08, 0x61, 00, 0x41,
  0x08, 0x61, 00, 0x61, 0x08, 0x61, 00, 0x41, 00, 0x40, 00, 0x40,
  0x08, 0x81, 00, 0x41, 00, 0x40, 00, 0x40, 0x08, 0x40, 00, 0x40,
  00, 0x40, 00, 0x40, 0x08, 0x40, 00, 0x40, 0x08, 0x40, 00, 0x20,
  0x08, 0x40, 00, 0x40, 0x08, 0x40, 00, 0x20, 0x08, 0x40, 00, 0x40,
  0x08, 0x40, 00, 0x40, 0x08, 0x40, 00, 0x40, 0x08, 0x40, 00, 00,
  0x08, 0x40, 00, 00, 0x08, 0x40, 00, 00, 0x08, 0x40, 00, 00,
  0x08, 0x40, 00, 00, 0x08, 0x40, 00, 00, 0x08, 0x40, 00, 0x20,
  00, 0x41, 00, 0x40, 00, 0x41, 00, 0x40, 00, 0x41, 00, 0x41,
  00, 0x41, 00, 0x21, 00, 0x41, 00, 0x41, 00, 0x41, 00, 0x41,
  00, 0x41, 00, 0x41, 00, 0x41, 00, 0x41, 00, 0x41, 00, 0x41,
  00, 0x41, 00, 0x41, 00, 0x41, 00, 0x41, 00, 0x41, 00, 0x41,
  00, 0x41, 00, 0x41, 00, 0x41, 00, 0x61, 00, 0x81, 00, 0x81,
  00, 0x41, 00, 0x41, 00, 0x81, 00, 0x81, 00, 0x82, 00, 0x40,
  00, 0x81, 00, 0x81, 00, 0x41, 00, 0x61, 00, 0x81, 00, 0x61,
  00, 0x41, 0x08, 0x61, 00, 0x82, 00, 0x61, 00, 0x42, 00, 0x62,
  00, 0x82, 00, 0x82, 00, 0xc2, 00, 0xc2, 00, 0xc3, 00, 0x81,
  00, 0x81, 00, 0x61, 00, 0xc3, 00, 0xe3, 00, 0x81, 00, 0xa2,
  00, 0xc2, 00, 0xa2, 00, 0xc2, 00, 0xa2, 00, 0xc2, 00, 0xa2,
  00, 0x82, 00, 0xa2, 00, 0xc2, 00, 0xc2, 00, 0xc2, 00, 0xa2,
  00, 0xc3, 00, 0xc2, 00, 0xc2, 00, 0xa2, 00, 0xc2, 00, 0xa2,
  00, 0xc2, 0x08, 0xe3, 00, 0xc3, 00, 0xc2, 0x09, 0x03, 0x11, 0x23,
  0x01, 0x03, 0x01, 0x03, 0x01, 0x03, 0x01, 0x23, 0x01, 0x44, 0x01, 0x02,
  00, 0xc2, 00, 0xa2, 0x01, 0x03, 0x09, 0x03, 0x01, 0x03, 0x01, 0x02,
  0x01, 0x03, 0x01, 0x03, 0x01, 0x03, 0x09, 0x23, 0x01, 0x65, 0x01, 0x24,
  0x01, 0x43, 0x01, 0x43, 0x01, 0x64, 0x09, 0xa5, 0x01, 0x84, 0x01, 0x43,
  0x01, 0x03, 0x01, 0x23, 0x01, 0x43, 0x01, 0x43, 0x01, 0x44, 0x01, 0x02,
  0x01, 0x03, 0x01, 0x03, 0x01, 0x03, 0x09, 0x64, 0x01, 0x03, 0x01, 0x23,
  0x01, 0x43, 0x01, 0x43, 0x01, 0x43, 0x01, 0x43, 0x01, 0x64, 0x09, 0x64,
  0x01, 0x84, 0x01, 0x43, 0x01, 0x44, 0x01, 0x24, 0x01, 0x44, 0x01, 0x64,
  0x01, 0x03, 0x01, 0x03, 0x01, 0x03, 0x01, 0x23, 0x01, 0x44, 0x01, 0x03,
  0x01, 0x03, 0x01, 0x03, 0x01, 0x04, 0x09, 0x44, 0x01, 0x03, 0x01, 0x23,
  0x01, 0x44, 0x01, 0x03, 0x01, 0x03, 0x01, 0x02, 0x01, 0x03, 0x01, 0x03,
  00, 0xc3, 00, 0xe3, 0x01, 0x03, 0x09, 0x03, 00, 0xc3, 00, 0xe3,
  00, 0xc2, 00, 0xa2, 00, 0xc2, 00, 0xa2, 00, 0xc2, 00, 0xa2,
  00, 0x82, 0x08, 0xa2, 00, 0xc2, 00, 0xa2, 00, 0x82, 00, 0x81,
  00, 0xc2, 00, 0xa2, 00, 0x81, 00, 0x61, 00, 0x82, 00, 0xa2,
  00, 0x61, 0x21, 0x44, 00, 0xc3, 00, 0x81, 00, 0x81, 00, 0x61,
  00, 0x82, 00, 0x81, 00, 0x82, 00, 0x81, 00, 0x82, 00, 0x81,
  00, 0x82, 00, 0x61, 00, 0x82, 00, 0x81, 00, 0x41, 00, 0x41,
  00, 0x41, 00, 0x41, 00, 0x41, 00, 0x41, 00, 0x41, 0x08, 0x61,
  00, 0x41, 00, 0x41, 00, 0x41, 00, 0x41, 00, 0x41, 00, 0x41,
  00, 0x41, 00, 0x61, 00, 0x41, 00, 0x41, 00, 0x41, 00, 0x41,
  00, 0x41, 00, 0x41, 00, 0x41, 00, 0x41, 00, 0x41, 00, 0x40,
  00, 0x41, 00, 0x41, 00, 0x41, 00, 0x40, 00, 0x41, 00, 0x41,
  00, 0x41, 00, 0x40, 00, 0x41, 00, 0x41, 0x10, 0x82, 0x08, 0x21,
  00, 0x41, 00, 0x40, 00, 0x41, 00, 0x40, 00, 0x01, 00, 0x21,
  00, 0x01, 00, 0x21, 00, 0x01, 00, 0x21, 00, 00, 00, 00,
  0x08, 0x40, 00, 0x20, 0x08, 0x40, 00, 0x40, 0x08, 0x40, 00, 00,
  0x08, 0x40, 00, 0x40, 0x08, 0x40, 00, 0x40, 00, 0x40, 00, 0x40,
  0x08, 0x40, 00, 00, 00, 0x40, 00, 0x40, 0x08, 0x40, 00, 0x20,
  00, 0x40, 00, 0x40, 00, 0x40, 00, 0x40, 0x08, 0x61, 00, 0x41,
  0x08, 0x61, 00, 0x41, 0x08, 0x61, 00, 0x61, 0x08, 0x61, 00, 0x61,
  0x08, 0x81, 00, 0x41, 0x08, 0x61, 00, 0x61, 0x08, 0x61, 00, 0x61,
  0x08, 0x61, 00, 0x41, 0x08, 0x61, 00, 0x61, 0x08, 0x61, 00, 0x61,
  0x08, 0x81, 00, 0x41, 0x08, 0x81, 00, 0x61, 00, 0x81, 00, 0x82,
  0x08, 0xc1, 00, 0xa1, 0x08, 0xc1, 00, 0xa1, 00, 0x81, 00, 0x82,
  0x08, 0xc1, 00, 0xa1, 0x08, 0x81, 00, 0x81, 0x08, 0xc1, 00, 0xa1,
  00, 0xc1, 00, 0xc1, 0x08, 0xc1, 00, 0xa1, 0x08, 0xc1, 00, 0xa1,
  0x08, 0xc1, 00, 0xa1, 0x08, 0xc1, 00, 0xc2, 0x08, 0xc2, 00, 0xa2,
  0x08, 0xc2, 00, 0x82, 0x08, 0xc2, 00, 0xc2, 0x08, 0xe3, 00, 0xa2,
  00, 0xc1, 00, 0xc2, 0x09, 0x02, 00, 0xe2, 0x09, 0x02, 00, 0xc2,
  0x09, 0x02, 00, 0xc2, 0x01, 0x02, 0x01, 0x03, 0x09, 0x02, 00, 0xc2,
  0x09, 0x02, 00, 0xc2, 0x09, 0x02, 00, 0xc2, 0x01, 0x02, 0x01, 0x03,
  0x01, 0x02, 0x01, 0x03, 0x09, 0x43, 0x01, 0x64, 0x09, 0x85, 0x01, 0x44,
  0x09, 0x64, 0x01, 0x23, 0x09, 0xc4, 0x01, 0xa4, 0x01, 0xc5, 0x0a, 0x06,
  0x09, 0x44, 0x01, 0x23, 0x09, 0x43, 0x01, 0x44, 0x09, 0x42, 0x01, 0x02,
  0x09, 0x42, 0x01, 0x22, 0x01, 0x43, 0x01, 0x63, 0x09, 0x43, 0x01, 0x23,
  0x01, 0x02, 0x01, 0x02, 0x09, 0x43, 0x01, 0x23, 0x01, 0x43, 0x01, 0x44,
  0x09, 0xc4, 0x01, 0xa4, 0x01, 0x43, 0x01, 0x44, 0x01, 0x43, 0x01, 0x64,
  0x09, 0x44, 0x01, 0x23, 0x09, 0x44, 0x01, 0x23, 0x01, 0x02, 0x01, 0x03,
  0x09, 0x43, 0x01, 0x44, 0x09, 0x23, 00, 0xe2, 0x09, 0x44, 0x01, 0x23,
  0x09, 0x02, 00, 0xc2, 0x09, 0x03, 0x01, 0x03, 0x09, 0x44, 0x01, 0x23,
  0x09, 0x23, 00, 0xe2, 00, 0xc2, 00, 0xc3, 0x09, 0x02, 00, 0xc2,
  0x09, 0x02, 00, 0xe2, 0x09, 0x02, 00, 0xc2, 0x09, 0x02, 00, 0xc2,
  0x08, 0xc2, 00, 0xa2, 0x08, 0xc1, 00, 0xa1, 00, 0x81, 00, 0x82,
  0x08, 0xc1, 00, 0xa1, 0x08, 0xc1, 00, 0xa1, 00, 0x81, 00, 0x82,
  0x08, 0xc1, 0x08, 0xe2, 0x08, 0x81, 00, 0x81, 0x08, 0x81, 00, 0x81,
  0x08, 0x81, 00, 0x41, 00, 0x81, 00, 0x82, 0x08, 0x81, 00, 0x61,
  0x10, 0xa2, 00, 0x41, 0x08, 0x81, 00, 0x41, 0x08, 0x81, 00, 0x41,
  0x08, 0x61, 00, 0x41, 0x08, 0x61, 00, 0x61, 0x08, 0x61, 00, 0x41,
  0x08, 0x61, 00, 0x61, 0x08, 0x61, 00, 0x41, 0x08, 0x80, 00, 0x40,
  0x08, 0x61, 00, 0x41, 0x08, 0x80, 00, 0x40, 0x08, 0x40, 00, 0x40,
  00, 0x40, 00, 0x41, 0x08, 0x40, 00, 0x20, 0x08, 0x40, 00, 00,
  0x08, 0x40, 00, 0x20, 0x08, 0x40, 00, 00, 0x08, 0x40, 00, 00,
  0x08, 0x40, 00, 00, 0x08, 0x40, 00, 0x20, 0x08, 0x40, 00, 00,
  0x08, 0x40, 00, 00, 0x08, 0x40, 00, 00, 0x08, 0x40, 00, 00,
  0x08, 0x40, 00, 0x20, 0x08, 0x20, 00, 00, 0x08, 0x40, 00, 00,
  00, 0x01, 00, 0x21, 00, 0x41, 00, 0x41, 00, 0x41, 00, 0x41,
  00, 0x41, 00, 0x41, 00, 0x41, 00, 0x41, 00, 0x41, 00, 0x41,
  00, 0x41, 00, 0x40, 00, 0x41, 00, 0x41, 00, 0x41, 00, 0x41,
  00, 0x41, 00, 0x41, 00, 0x41, 00, 0x21, 00, 0x41, 00, 0x41,
  00, 0x41, 00, 0x41, 00, 0x41, 00, 0x61, 00, 0x41, 00, 0x41,
  00, 0x41, 00, 0x61, 00, 0x41, 00, 0x61, 00, 0x41, 00, 0x61,
  00, 0x41, 00, 0x41, 00, 0x41, 0x08, 0x61, 00, 0x41, 00, 0x41,
  00, 0x41, 0x08, 0x62, 00, 0x81, 00, 0x61, 00, 0x81, 00, 0x61,
  00, 0x81, 00, 0x61, 00, 0x82, 00, 0x81, 00, 0x82, 00, 0x82,
  00, 0xc2, 00, 0xa2, 00, 0x82, 00, 0x81, 00, 0x82, 0x08, 0xa2,
  0x09, 0x04, 0x08, 0xa2, 00, 0xc2, 00, 0xa2, 00, 0x82, 00, 0xa2,
  00, 0xc2, 00, 0xa2, 00, 0xc2, 00, 0xa2, 00, 0xc2, 00, 0xa2,
  00, 0xc2, 00, 0xa2, 00, 0xc3, 00, 0xc2, 00, 0xc2, 00, 0xa2,
  00, 0xc2, 00, 0xa2, 00, 0xc3, 00, 0xe3, 00, 0xc3, 00, 0xe3,
  00, 0xc3, 00, 0xe3, 0x01, 0x03, 0x01, 0x03, 0x01, 0x03, 00, 0xc2,
  0x01, 0x03, 0x01, 0x02, 0x01, 0x03, 0x09, 0x03, 0x01, 0x03, 0x01, 0x03,
  0x01, 0x04, 0x01, 0x24, 0x01, 0x44, 0x01, 0x23, 0x01, 0x84, 0x09, 0xa5,
  0x01, 0x84, 0x01, 0x64, 0x02, 0x06, 0x01, 0xc5, 0x01, 0x84, 0x01, 0x64,
  0x01, 0x03, 0x01, 0x23, 0x01, 0x03, 0x01, 0x03, 0x01, 0x03, 0x01, 0x03,
  0x01, 0x03, 0x01, 0x03, 0x01, 0x03, 0x01, 0x23, 0x01, 0x03, 0x01, 0x23,
  0x01, 0x02, 0x01, 0x23, 0x01, 0x43, 0x01, 0x43, 0x01, 0x44, 0x01, 0x23,
  0x01, 0x44, 0x09, 0x65, 0x01, 0x44, 0x01, 0x64, 0x01, 0x64, 0x01, 0x64,
  0x01, 0xc5, 0x01, 0x43, 0x01, 0x03, 0x01, 0x03, 0x01, 0x23, 0x09, 0x64,
  0x01, 0x64, 0x09, 0x64, 0x01, 0x03, 0x01, 0x03, 0x01, 0x03, 0x01, 0x03,
  00, 0xc3, 00, 0xc2, 0x01, 0x03, 0x01, 0x03, 00, 0xc3, 00, 0xe3,
  0x01, 0x03, 00, 0xc2, 00, 0xc2, 00, 0xa2, 0x01, 0x03, 0x01, 0x03,
  00, 0xc3, 00, 0xc2, 00, 0xc2, 00, 0xa2, 00, 0xc2, 00, 0xa2,
  00, 0x82, 00, 0xa2, 00, 0x82, 00, 0xa2, 00, 0x82, 00, 0x81,
  00, 0x81, 00, 0xa2, 00, 0x82, 00, 0x81, 00, 0x82, 00, 0x81,
  00, 0x82, 00, 0x61, 00, 0x82, 00, 0x81, 00, 0x82, 00, 0x81,
  00, 0x81, 00, 0x61, 00, 0x81, 0x08, 0xc2, 00, 0x81, 00, 0x61,
  00, 0x41, 00, 0x61, 00, 0x41, 00, 0x61, 00, 0x41, 00, 0x61,
  00, 0x41, 00, 0x41, 00, 0x41, 00, 0x41, 00, 0x41, 00, 0x41,
  00, 0x41, 00, 0x41, 00, 0x41, 00, 0x41, 00, 0x41, 00, 0x41,
  00, 0x41, 00, 0x41, 00, 0x41, 0x08, 0x82, 00, 0x41, 00, 0x40,
  00, 0x41, 00, 0x41, 00, 0x41, 00, 0x41, 00, 0x41, 00, 0x41,
  00, 0x41, 00, 0x41, 00, 0x41, 00, 0x41, 00, 0x41, 00, 0x41,
  00, 0x41, 00, 0x40, 00, 0x01, 00, 0x21, 00, 0x41, 00, 0x41,
  00, 0x01, 00, 0x21, 00, 0x41, 00, 0x41, 00, 0x01, 00, 0x21,
  00, 0x21, 00, 0x21, 00, 00, 0x08, 0x21, 00, 00, 00, 00,
  0x08, 0x40, 00, 00, 0x08, 0x40, 00, 00, 0x08, 0x40, 00, 0x40,
  0x08, 0x40, 00, 0x20, 0x08, 0x41, 00, 0x41, 00, 0x40, 00, 0x40,
  0x08, 0x80, 00, 0x40, 0x08, 0x40, 00, 0x20, 0x08, 0x61, 00, 0x41,
  00, 0x40, 00, 0x40, 0x08, 0x81, 00, 0x41, 00, 0x40, 00, 0x40,
  0x08, 0x61, 00, 0x41, 0x08, 0x61, 00, 0x61, 0x08, 0x81, 00, 0x41,
  0x08, 0x61, 00, 0x41, 0x08, 0x81, 00, 0x41, 0x08, 0x61, 00, 0x61,
  0x08, 0x81, 00, 0x41, 0x08, 0x61, 00, 0x61, 0x08, 0x81, 00, 0x41,
  0x08, 0x61, 00, 0x41, 0x08, 0x81, 00, 0x41, 0x08, 0x81, 00, 0x41,
  0x08, 0x81, 0x08, 0xc2, 00, 0x81, 00, 0x82, 0x08, 0x81, 00, 0x81,
  0x08, 0xc1, 00, 0xa1, 0x08, 0xc1, 00, 0xa1, 0x08, 0xc1, 00, 0xe2,
  0x4a, 0x67, 0x08, 0x80, 0x08, 0xc1, 00, 0xa1, 0x08, 0xc1, 00, 0xc2,
  0x08, 0xc1, 00, 0xa1, 0x08, 0xc2, 00, 0xa2, 00, 0xc1, 00, 0xc2,
  0x09, 0x02, 00, 0xc2, 00, 0xc1, 00, 0xc2, 0x09, 0x02, 00, 0xc2,
  0x09, 0x02, 00, 0xc2, 0x09, 0x02, 00, 0xc2, 0x09, 0x02, 00, 0xe2,
  0x09, 0x03, 0x01, 0x03, 0x01, 0x02, 0x01, 0x02, 0x09, 0x02, 00, 0xc2,
  0x09, 0x02, 00, 0xe2, 0x09, 0x43, 0x01, 0x23, 0x11, 0x64, 00, 0xe2,
  0x09, 0x44, 0x01, 0x23, 0x01, 0x02, 0x01, 0x03, 0x11, 0xe5, 0x01, 0xa4,
  0x09, 0x64, 0x01, 0x64, 0x09, 0xc4, 0x01, 0xa4, 0x09, 0x44, 0x01, 0x23,
  0x09, 0x43, 0x01, 0x23, 0x09, 0x03, 0x01, 0x03, 0x09, 0x43, 0x01, 0x03,
  0x09, 0x23, 0x01, 0x23, 0x09, 0x63, 0x01, 0x22, 0x01, 0x02, 0x01, 0x02,
  0x09, 0x03, 0x01, 0x03, 0x09, 0x44, 0x01, 0x23, 0x09, 0xa5, 0x01, 0x64,
  0x01, 0x44, 0x01, 0x44, 0x09, 0x64, 0x01, 0x64, 0x11, 0xc5, 0x01, 0x64,
  0x11, 0xe6, 0x01, 0x64, 0x09, 0x43, 0x01, 0x23, 0x09, 0x84, 0x01, 0x64,
  0x09, 0x83, 0x01, 0x63, 0x09, 0x64, 0x01, 0x23, 0x09, 0x23, 00, 0xe2,
  0x09, 0x02, 00, 0xc2, 0x09, 0x02, 00, 0xe2, 0x09, 0x02, 00, 0xc2,
  0x08, 0xc1, 00, 0xc2, 0x08, 0xc2, 00, 0xc2, 0x09, 0x02, 00, 0xc2,
  0x09, 0x02, 00, 0xe2, 0x08, 0xc1, 00, 0xa1, 0x08, 0xc2, 00, 0x82,
  0x08, 0xc1, 00, 0xa1, 0x08, 0xc1, 00, 0xa1, 00, 0x81, 00, 0x82,
  0x08, 0xc1, 00, 0xa1, 0x08, 0x81, 00, 0x81, 0x08, 0xc1, 00, 0xa1,
  0x08, 0x81, 00, 0x81, 0x08, 0xc1, 00, 0xa1, 0x08, 0x81, 00, 0x61,
  00, 0x81, 00, 0x82, 00, 0x81, 00, 0x82, 0x08, 0x81, 00, 0x41,
  0x08, 0x81, 00, 0x41, 0x08, 0x81, 00, 0x41, 0x08, 0x81, 00, 0x41,
  0x08, 0x81, 00, 0x41, 0x08, 0x61, 00, 0x61, 0x08, 0x61, 00, 0x61,
  0x08, 0x61, 00, 0x41, 0x08, 0x81, 00, 0x41, 0x08, 0x61, 00, 0x61,
  0x08, 0x61, 00, 0x41, 0x08, 0x81, 00, 0x40, 00, 0x40, 00, 0x40,
  0x08, 0x40, 00, 00, 00, 0x40, 00, 0x40, 0x08, 0x40, 00, 0x40,
  0x08, 0x41, 00, 0x41, 0x08, 0x40, 00, 0x20, 0x08, 0x40, 00, 00,
  0x08, 0x40, 00, 0x20, 0x08, 0x40, 00, 00, 0x08, 0x40, 00, 0x20,
  0x08, 0x40, 00, 00, 0x08, 0x40, 00, 0x20, 0x08, 0x40, 00, 00,
  0x08, 0x40, 00, 0x20, 0x08, 0x40, 00, 00, 0x08, 0x40, 00, 0x20,
  00, 0x01, 00, 0x21, 00, 00, 00, 0x20, 00, 0x41, 00, 0x40,
  00, 0x41, 00, 0x41, 00, 0x41, 00, 0x41, 00, 0x41, 00, 0x41,
  00, 0x41, 00, 0x40, 00, 0x41, 00, 0x41, 00, 0x41, 00, 0x41,
  00, 0x41, 00, 0x41, 00, 0x41, 00, 0x41, 00, 0x41, 00, 0x41,
  00, 0x41, 0x08, 0x61, 00, 0x41, 00, 0x61, 00, 0x81, 00, 0x61,
  00, 0x41, 00, 0x41, 00, 0x41, 00, 0x41, 00, 0x41, 00, 0x41,
  00, 0x41, 00, 0x41, 00, 0x41, 00, 0x41, 00, 0x41, 00, 0x61,
  00, 0x41, 00, 0x61, 00, 0x82, 00, 0x81, 00, 0x81, 00, 0x61,
  00, 0x81, 0x19, 0x03, 00, 0x42, 00, 0x62, 00, 0x81, 00, 0x61,
  00, 0x82, 00, 0x81, 00, 0x82, 00, 0xa2, 00, 0x81, 00, 0xa2,
  00, 0x81, 00, 0xa2, 00, 0x81, 00, 0xa2, 00, 0xc2, 00, 0xa2,
  00, 0xc2, 00, 0xa2, 00, 0xc2, 00, 0xa2, 00, 0xc2, 00, 0xa2,
  00, 0xc3, 00, 0xc2, 00, 0xc2, 00, 0xa2, 00, 0xc3, 00, 0xe3,
  00, 0xc3, 00, 0xe3, 0x01, 0x03, 0x01, 0x03, 00, 0xc2, 00, 0xa2,
  00, 0xc3, 00, 0xe3, 00, 0xc3, 00, 0xe3, 0x01, 0x03, 0x01, 0x03,
  00, 0xc2, 00, 0xa2, 0x01, 0x03, 0x01, 0x23, 0x01, 0x03, 0x01, 0x03,
  0x01, 0x23, 0x09, 0x64, 0x01, 0x03, 0x09, 0x64, 0x01, 0xc5, 0x01, 0x43,
  0x01, 0x44, 0x01, 0x43, 0x01, 0x64, 0x09, 0xa4, 0x01, 0x44, 0x01, 0x24,
  0x01, 0x04, 0x09, 0x44, 00, 0xc3, 00, 0xe3, 0x01, 0x03, 0x01, 0x03,
  0x01, 0x44, 0x01, 0x02, 0x01, 0x43, 0x01, 0x43, 0x01, 0x03, 0x01, 0x03,
  0x01, 0x03, 0x01, 0x23, 0x01, 0x43, 0x01, 0x43, 0x01, 0x63, 0x09, 0x84,
  0x01, 0x64, 0x01, 0x64, 0x01, 0x43, 0x01, 0x43, 0x01, 0x84, 0x09, 0xa5,
  0x01, 0x85, 0x01, 0x43, 0x01, 0x03, 0x09, 0x64, 0x01, 0x84, 0x09, 0x84,
  0x1a, 0x27, 0x09, 0x64, 0x01, 0x85, 0x01, 0x44, 0x01, 0x03, 0x01, 0x03,
  0x01, 0x03, 0x01, 0x03, 00, 0xc3, 00, 0xc2, 0x01, 0x03, 0x01, 0x03,
  00, 0xc2, 0x08, 0xe3, 00, 0xc2, 00, 0xc2, 00, 0x82, 00, 0xa2,
  00, 0xc2, 00, 0xa2, 00, 0xc2, 00, 0xa2, 00, 0xc2, 00, 0xa2,
  00, 0xc2, 00, 0xa2, 00, 0x82, 00, 0x62, 00, 0x82, 00, 0x81,
  00, 0x82, 00, 0x82, 00, 0x81, 00, 0x61, 00, 0x82, 0x08, 0xa2,
  00, 0x81, 00, 0x61, 00, 0x82, 00, 0x82, 00, 0x42, 00, 0x62,
  00, 0x82, 00, 0x81, 00, 0x81, 00, 0x61, 00, 0x81, 00, 0x61,
  00, 0x41, 00, 0x61, 00, 0x41, 00, 0x41, 00, 0x41, 00, 0x41,
  00, 0x41, 0x08, 0x61, 00, 0x41, 00, 0x41, 00, 0x41, 0x08, 0x61,
  00, 0x41, 00, 0x41, 00, 0x41, 0x08, 0x61, 00, 0x41, 00, 0x41,
  00, 0x41, 00, 0x21, 00, 0x42, 00, 0x21, 00, 0x41, 00, 0x41,
  00, 0x41, 00, 0x41, 00, 0x41, 00, 0x41, 00, 0x41, 00, 0x40,
  00, 0x41, 00, 0x41, 00, 0x41, 00, 0x40, 00, 0x41, 00, 0x41,
  00, 0x40, 00, 0x20, 00, 0x01, 00, 0x21, 00, 0x01, 00, 0x21,
  00, 00, 0x08, 0x21, 00, 0x01, 00, 0x21, 00, 0x41, 00, 0x40,
  00, 00, 0x08, 0x21, 00, 0x41, 00, 0x40, 00, 00, 00, 00,
  0x08, 0x40, 00, 0x20, 0x08, 0x40, 00, 00, 0x08, 0x40, 00, 0x20,
  0x08, 0x40, 00, 0x40, 0x08, 0x40, 00, 0x20, 0x08, 0x61, 00, 0x20,
  0x29, 0x24, 0x10, 0x82, 00, 0x40, 00, 0x41, 0x08, 0x61, 00, 0x61,
  0x08, 0x61, 00, 0x41, 0x08, 0x80, 00, 0x40, 00, 0x40, 00, 0x41,
  0x08, 0x61, 00, 0x61, 0x08, 0x61, 00, 0x61, 0x08, 0x81, 00, 0x61,
  0x08, 0x81, 00, 0x61, 0x08, 0x61, 00, 0x41, 0x08, 0x61, 00, 0x61,
  0x08, 0x61, 00, 0x61, 0x08, 0x61, 00, 0x61, 0x08, 0x61, 00, 0x61,
  0x08, 0x81, 00, 0x41, 0x08, 0x81, 00, 0x41, 0x08, 0x61, 00, 0x61,
  0x08, 0x80, 00, 0x60, 0x08, 0x81, 00, 0x81, 0x08, 0xc1, 00, 0xa1,
  0x08, 0x81, 00, 0x41, 0x08, 0xc1, 00, 0xa1, 0x08, 0xc1, 00, 0xa1,
  0x08, 0xc1, 00, 0xa1, 0x08, 0xc1, 00, 0xc2, 00, 0xc1, 00, 0xc2,
  0x08, 0xc2, 00, 0xa2, 0x08, 0xc1, 00, 0xa1, 0x08, 0xc2, 00, 0x82,
  0x08, 0xc2, 00, 0xa2, 0x08, 0xc2, 00, 0x82, 00, 0xc1, 00, 0xc2,
  0x09, 0x02, 00, 0xe2, 0x01, 0x02, 0x01, 0x02, 0x09, 0x02, 00, 0xc2,
  0x09, 0x02, 00, 0xc2, 0x09, 0x02, 0x01, 0x02, 0x09, 0x02, 00, 0xc2,
  0x09, 0x02, 00, 0xe2, 0x09, 0x02, 00, 0xe2, 0x01, 0x02, 0x01, 0x03,
  0x01, 0x63, 0x01, 0x84, 0x09, 0x44, 0x01, 0x64, 0x09, 0x63, 0x01, 0x63,
  0x09, 0x84, 0x01, 0x44, 0x01, 0x44, 0x01, 0x44, 0x09, 0x63, 0x01, 0x63,
  0x09, 0x44, 0x01, 0x23, 0x01, 0x02, 0x01, 0x02, 0x01, 0x02, 0x01, 0x03,
  0x09, 0x44, 0x01, 0x23, 0x09, 0x64, 0x01, 0x23, 0x01, 0x02, 0x01, 0x02,
  0x09, 0x43, 0x01, 0x44, 0x09, 0x44, 0x01, 0x23, 0x09, 0x83, 0x01, 0x63,
  0x09, 0x43, 0x01, 0x44, 0x01, 0x84, 0x01, 0xa5, 0x09, 0xc5, 0x01, 0xa5,
  0x09, 0x43, 0x01, 0x23, 0x01, 0x02, 0x01, 0x02, 0x09, 0x44, 0x01, 0x64,
  0x09, 0x84, 0x01, 0x64, 0x09, 0x43, 0x01, 0x23, 0x09, 0x44, 0x01, 0x23,
  0x09, 0x02, 00, 0xc2, 0x09, 0x02, 00, 0xc2, 0x09, 0x02, 00, 0xe2,
  0x09, 0x02, 00, 0xe2, 0x08, 0xc2, 00, 0xa2, 0x08, 0xe2, 00, 0x81,
  0x08, 0xc1, 00, 0xe2, 0x08, 0xc1, 00, 0xa1, 0x08, 0xc1, 00, 0xa1,
  0x08, 0xc2, 00, 0xa2, 0x08, 0x81, 00, 0x61, 00, 0x81, 00, 0x82,
  0x08, 0x81, 00, 0x61, 0x08, 0xc1, 00, 0xa1, 00, 0x81, 00, 0x82,
  0x08, 0x81, 00, 0x61, 0x08, 0x81, 00, 0x81, 0x08, 0x81, 00, 0x81,
  0x08, 0xa2, 00, 0x61, 0x08, 0x81, 00, 0x61, 0x08, 0x81, 00, 0x41,
  0x08, 0x81, 00, 0x41, 0x08, 0x61, 00, 0x61, 0x08, 0x61, 00, 0x61,
  0x08, 0x61, 00, 0x61, 0x08, 0x61, 00, 0x61, 0x08, 0x61, 00, 0x61,
  0x08, 0x81, 00, 0x61, 0x08, 0x61, 00, 0x41, 0x08, 0x80, 00, 0x40,
  00, 0x40, 00, 0x40, 00, 0x40, 00, 0x40, 0x08, 0x41, 00, 0x41,
  0x08, 0x80, 00, 0x40, 0x08, 0x40, 00, 0x41, 0x08, 0x40, 00, 0x40,
  00, 0x40, 00, 0x40, 0x08, 0x40, 00, 00, 0x08, 0x40, 00, 0x20,
  0x08, 0x40, 00, 0x20, 0x08, 0x40, 00, 0x20, 0x08, 0x40, 00, 00,
  0x08, 0x40, 00, 0x20, 0x08, 0x40, 00, 00, 0x08, 0x40, 00, 0x20,
  0x08, 0x40, 00, 00, 0x08, 0x40, 00, 0x20, 0x08, 0x40, 00, 00,
  00, 0x01, 00, 0x21, 00, 0x01, 00, 0x21, 00, 0x01, 00, 0x21,
  00, 0x41, 00, 0x41, 00, 0x41, 00, 0x41, 00, 0x41, 00, 0x41,
  0x08, 0x82, 00, 0x40, 00, 0x41, 00, 0x41, 00, 0x41, 00, 0x41,
  00, 0x41, 00, 0x41, 00, 0x41, 00, 0x41, 00, 0x41, 00, 0x41,
  00, 0x41, 00, 0x41, 00, 0x41, 0x08, 0x61, 00, 0x81, 00, 0x61,
  00, 0x41, 00, 0x41, 00, 0x41, 00, 0x61, 00, 0x41, 00, 0x61,
  00, 0x41, 00, 0x41, 00, 0x41, 00, 0x41, 00, 0x41, 00, 0x61,
  00, 0x81, 00, 0x61, 00, 0x41, 00, 0x61, 00, 0x81, 00, 0x61,
  00, 0x82, 00, 0x81, 00, 0x81, 00, 0x61, 00, 0x82, 00, 0x81,
  00, 0x82, 00, 0x81, 00, 0x82, 00, 0x81, 00, 0x81, 00, 0xa2,
  00, 0xc2, 00, 0xa2, 00, 0x82, 0x08, 0xa2, 00, 0xc2, 00, 0xa2,
  00, 0xc2, 00, 0xa2, 00, 0xc2, 00, 0xa2, 00, 0xc2, 00, 0xa2,
  00, 0xc2, 00, 0xa2, 00, 0xc2, 00, 0xa2, 00, 0xc2, 00, 0xa2,
  00, 0xc2, 00, 0xa2, 00, 0xc2, 0x08, 0xe3, 0x01, 0x03, 0x01, 0x03,
  0x01, 0x03, 0x01, 0x03, 00, 0xc3, 00, 0xe3, 0x01, 0x03, 0x09, 0x03,
  0x01, 0x03, 0x01, 0x03, 0x01, 0x03, 0x09, 0x03, 0x01, 0x03, 0x01, 0x23,
  0x01, 0x03, 0x01, 0x23, 0x01, 0x44, 0x01, 0x43, 0x01, 0x84, 0x09, 0xa5,
  0x01, 0x44, 0x09, 0x84, 0x01, 0x85, 0x01, 0x43, 0x01, 0x64, 0x09, 0x64,
  0x01, 0x64, 0x01, 0x64, 0x01, 0x03, 0x01, 0x03, 0x01, 0x03, 0x01, 0x23,
  0x01, 0x43, 0x01, 0x43, 0x01, 0x43, 0x01, 0x43, 0x01, 0x23, 0x01, 0x23,
  0x01, 0x03, 0x09, 0x64, 0x01, 0x44, 0x01, 0x64, 0x01, 0x44, 0x01, 0x43,
  0x01, 0x64, 0x09, 0x64, 0x01, 0xa5, 0x0a, 0x27, 0x01, 0x43, 0x01, 0x43,
  0x01, 0x44, 0x01, 0x24, 0x01, 0x03, 0x01, 0x23, 0x01, 0x03, 0x09, 0x23,
  0x01, 0x44, 0x01, 0x02, 0x01, 0x03, 0x01, 0x03, 0x01, 0x03, 0x01, 0x03,
  0x01, 0x03, 0x01, 0x03, 0x01, 0x03, 0x01, 0x03, 0x01, 0x03, 0x01, 0x03,
  00, 0xc2, 00, 0xa2, 00, 0x82, 00, 0xa2, 00, 0xc2, 00, 0xa2,
  00, 0x81, 0x29, 0x84, 0x08, 0xc3, 00, 0x61, 00, 0x82, 00, 0xa2,
  00, 0xc2, 00, 0xa2, 00, 0x81, 00, 0x61, 00, 0x82, 00, 0x81,
  00, 0x82, 00, 0x81, 00, 0x82, 00, 0x82, 00, 0x82, 00, 0x81,
  00, 0x81, 00, 0x61, 00, 0x82, 00, 0x81, 00, 0x81, 00, 0x61,
  00, 0x82, 00, 0x81, 00, 0x82, 00, 0x81, 00, 0x81, 00, 0x81,
  00, 0x41, 00, 0x61, 00, 0x41, 00, 0x41, 00, 0x41, 0x08, 0x61,
  00, 0x41, 0x08, 0x61, 00, 0x41, 00, 0x21, 00, 0x41, 00, 0x41,
  00, 0x41, 00, 0x41, 00, 0x41, 00, 0x41, 00, 0x41, 00, 0x41,
  00, 0x41, 00, 0x41, 00, 0x41, 00, 0x41, 00, 0x41, 00, 0x41,
  00, 0x41, 00, 0x41, 00, 0x20, 0x18, 0xc2, 0x18, 0xe2, 0x08, 0x20,
  00, 0x41, 00, 0x41, 00, 0x41, 00, 0x41, 00, 0x41, 00, 0x40,
  00, 0x01, 00, 0x21, 00, 0x01, 00, 0x21, 00, 00, 0x08, 0x21,
  00, 00, 00, 00, 00, 0x41, 0x08, 0x41, 00, 00, 0x08, 0x21,
  00, 0x01, 00, 0x21, 00, 0x01, 00, 00, 00, 00, 00, 00,
  0x08, 0x40, 00, 00, 0x08, 0x40, 00, 00, 0x08, 0x40, 00, 00,
  0x08, 0x20, 00, 0x20, 0x08, 0x40, 00, 0x40, 0x08, 0x41, 00, 0x41,
  0x08, 0x61, 00, 0x61, 0x08, 0x80, 00, 0x40, 0x08, 0x40, 00, 0x40,
  00, 0x40, 00, 0x40, 0x08, 0x81, 00, 0x41, 00, 0x40, 00, 0x41,
  0x08, 0x61, 00, 0x61, 0x08, 0x81, 00, 0x41, 0x08, 0x81, 00, 0x61,
  0x08, 0x61, 00, 0x61, 0x08, 0x81, 00, 0x41, 0x08, 0x80, 00, 0x60,
  0x08, 0x61, 00, 0x61, 0x08, 0x61, 00, 0x61, 0x08, 0x81, 00, 0x41,
  0x08, 0x61, 00, 0x61, 0x08, 0x81, 00, 0x41, 0x08, 0x61, 00, 0x61,
  0x08, 0x81, 00, 0x81, 0x08, 0x81, 00, 0x61, 0x08, 0xc2, 00, 0x81,
  0x08, 0xc1, 00, 0xa1, 0x08, 0xc1, 00, 0xa1, 0x08, 0xc1, 00, 0xa1,
  0x08, 0xc2, 00, 0xa2, 0x08, 0xa2, 00, 0xa2, 0x08, 0xc2, 00, 0xa2,
  00, 0xc1, 00, 0xc2, 0x08, 0xc2, 00, 0xc2, 0x08, 0xa2, 00, 0xa2,
  0x09, 0x02, 00, 0xe2, 0x09, 0x02, 00, 0xc2, 0x09, 0x02, 00, 0xc2,
  0x09, 0x02, 00, 0xe2, 0x08, 0xe3, 00, 0xa2, 00, 0xc1, 00, 0xc2,
  0x09, 0x03, 0x01, 0x03, 0x09, 0x02, 00, 0xc2, 0x09, 0x43, 0x01, 0x43,
  0x01, 0x02, 0x01, 0x03, 0x09, 0x64, 0x01, 0x23, 0x01, 0x02, 0x01, 0x03,
  0x09, 0x02, 0x01, 0x02, 0x09, 0x43, 0x01, 0x44, 0x09, 0xa4, 0x01, 0x63,
  0x01, 0x43, 0x01, 0x63, 0x09, 0x44, 0x01, 0x23, 0x09, 0x43, 0x01, 0x44,
  0x09, 0x43, 0x01, 0x44, 0x09, 0x63, 0x01, 0x63, 0x09, 0x64, 0x01, 0x23,
  0x09, 0x44, 0x01, 0x23, 0x09, 0x63, 0x01, 0x63, 0x09, 0x42, 0x01, 0x22,
  0x09, 0x43, 0x01, 0x43, 0x09, 0x83, 0x01, 0x63, 0x09, 0x43, 0x01, 0x44,
  0x09, 0x64, 0x01, 0x23, 0x09, 0xc5, 0x01, 0xc5, 0x09, 0x43, 0x01, 0x64,
  0x09, 0x84, 0x01, 0x23, 0x09, 0x42, 0x01, 0x22, 0x09, 0x02, 0x01, 0x02,
  0x09, 0x23, 0x01, 0x23, 0x09, 0x44, 0x01, 0x23, 0x09, 0x02, 00, 0xe2,
  0x09, 0x02, 00, 0xe2, 0x01, 0x02, 0x01, 0x03, 0x11, 0x64, 0x01, 0x23,
  0x08, 0xa2, 00, 0x82, 0x08, 0xc1, 00, 0xc2, 0x08, 0xc1, 00, 0xa1,
  0x08, 0xc2, 00, 0x82, 0x08, 0xc1, 00, 0xa1, 0x08, 0xc1, 00, 0xa1,
  0x08, 0xc1, 00, 0xa1, 0x08, 0xc1, 00, 0xa1, 0x08, 0xc1, 00, 0xa1,
  0x08, 0xc1, 00, 0xa1, 0x08, 0xc1, 00, 0xa1, 0x08, 0xc1, 00, 0xa1,
  0x08, 0xc1, 00, 0xa1, 00, 0x81, 00, 0x82, 00, 0x81, 00, 0x82,
  0x08, 0xc1, 00, 0xa1, 0x08, 0x60, 0x08, 0xa1, 0x10, 0xc1, 00, 0x81,
  0x08, 0x81, 00, 0x61, 0x08, 0x81, 00, 0x41, 00, 0x40, 00, 0x40,
  0x08, 0x61, 00, 0x61, 0x08, 0x80, 00, 0x40, 0x08, 0x80, 00, 0x40,
  0x08, 0x40, 00, 0x40, 0x08, 0x41, 00, 0x41, 0x08, 0x40, 00, 0x40,
  0x08, 0x61, 00, 0x41, 00, 0x40, 00, 0x40, 0x08, 0x61, 00, 0x41,
  0x08, 0x41, 00, 0x41, 0x10, 0x20, 0x6b, 0x0a, 0x62, 0xa9, 0x08, 00,
  0x08, 0x81, 00, 0x40, 0x08, 0x40, 00, 00, 0x08, 0x41, 00, 0x41,
  0x08, 0x40, 00, 0x20, 0x08, 0x40, 00, 00, 0x08, 0x40, 00, 00,
  0x08, 0x40, 00, 0x20, 0x08, 0x40, 00, 0x20, 0x08, 0x20, 00, 00,
  0x08, 0x40, 00, 00, 0x08, 0x40, 00, 0x20, 0x08, 0x40, 00, 0x20,
  00, 00, 0x08, 0x21, 00, 0x01, 00, 0x21, 00, 0x41, 00, 0x40,
  00, 00, 0x20, 0xc2, 0x10, 0x83, 0x08, 0x20, 00, 0x41, 00, 0x41,
  00, 0x41, 00, 0x41, 00, 0x41, 00, 0x41, 00, 0x41, 00, 0x41,
  00, 0x41, 00, 0x40, 00, 0x82, 00, 0x40, 00, 0x41, 00, 0x41,
  00, 0x41, 00, 0x61, 00, 0x41, 00, 0x41, 00, 0x82, 0x08, 0x81,
  00, 0x41, 00, 0x61, 00, 0x41, 00, 0x61, 00, 0x41, 0x08, 0x61,
  00, 0x82, 00, 0x61, 00, 0x41, 00, 0x41, 00, 0x41, 00, 0x61,
  00, 0x41, 00, 0x41, 00, 0x81, 00, 0x61, 00, 0x41, 00, 0x61,
  00, 0x42, 00, 0x62, 00, 0x41, 00, 0x61, 00, 0x82, 00, 0x81,
  00, 0x82, 00, 0xa2, 00, 0xc3, 00, 0x81, 00, 0x81, 00, 0xa2,
  00, 0x82, 00, 0xa2, 00, 0x82, 00, 0xa2, 00, 0xc2, 00, 0xc2,
  00, 0xc2, 00, 0xc2, 00, 0xc2, 00, 0xa2, 00, 0xc2, 00, 0xa2,
  00, 0xc2, 00, 0xa2, 00, 0xc2, 00, 0xa2, 00, 0xc2, 00, 0xa2,
  00, 0xc3, 00, 0xe3, 00, 0xc2, 00, 0xa2, 00, 0xc3, 00, 0xe3,
  0x01, 0x03, 0x01, 0x03, 00, 0xc3, 00, 0xe3, 0x01, 0x44, 0x01, 0x64,
  0x01, 0x03, 0x01, 0x03, 0x01, 0x03, 0x01, 0x03, 00, 0xc3, 00, 0xc2,
  0x01, 0x03, 0x01, 0x03, 0x01, 0x03, 0x01, 0x23, 0x01, 0x04, 0x09, 0x44,
  0x01, 0x44, 0x01, 0x23, 0x01, 0x64, 0x09, 0x64, 0x01, 0x84, 0x01, 0x43,
  0x01, 0x03, 0x01, 0x23, 0x01, 0x44, 0x01, 0x64, 0x01, 0xc5, 0x01, 0x84,
  0x01, 0x44, 0x09, 0x65, 0x01, 0xc5, 0x01, 0xa5, 0x01, 0xc5, 0x01, 0x84,
  0x01, 0x85, 0x01, 0x64, 0x01, 0x84, 0x01, 0x64, 0x01, 0x44, 0x01, 0x44,
  0x01, 0x64, 0x09, 0xa5, 0x01, 0xe6, 0x01, 0x84, 0x01, 0x44, 0x01, 0x43,
  0x01, 0x03, 0x01, 0x23, 0x01, 0x03, 0x01, 0x02, 00, 0xc3, 00, 0xe3,
  0x01, 0x04, 0x01, 0x24, 0x01, 0x03, 0x01, 0x03, 0x01, 0x03, 0x01, 0x03,
  00, 0xc2, 00, 0xa2, 0x01, 0x03, 0x01, 0x03, 00, 0xc2, 0x08, 0xe3,
  00, 0xc2, 00, 0xa2, 00, 0xc2, 00, 0xa2, 00, 0x82, 00, 0x81,
  00, 0xc2, 00, 0xa2, 00, 0x82, 00, 0x82, 00, 0x81, 00, 0xa2,
  00, 0x82, 00, 0x81, 00, 0x82, 00, 0x62, 00, 0x82, 00, 0x81,
  00, 0x82, 00, 0x82, 00, 0x82, 00, 0x81, 00, 0x82, 00, 0x82,
  00, 0x82, 00, 0x61, 00, 0x82, 00, 0x61, 00, 0x81, 00, 0x61,
  00, 0x82, 0x08, 0x81, 0x10, 0x80, 0x73, 0x6b, 0x29, 0x65, 0x10, 0x40,
  00, 0x81, 00, 0x81, 00, 0x41, 00, 0x61, 00, 0x41, 00, 0x41,
  00, 0x41, 00, 0x41, 00, 0x41, 0x08, 0x81, 00, 0x41, 00, 0x41,
  00, 0x41, 00, 0x41, 00, 0x41, 00, 0x41, 00, 0x41, 00, 0x40,
  00, 0x41, 00, 0x41, 00, 0x41, 00, 0x41, 00, 0x41, 00, 0x41,
  00, 0x41, 00, 0x41, 00, 0x41, 0x10, 0x81, 00, 0x41, 0x08, 0x20,
  00, 0x41, 00, 0x41, 00, 0x41, 00, 0x41, 00, 0x41, 00, 0x41,
  00, 0x41, 00, 0x40, 00, 00, 0x08, 0x21, 00, 00, 00, 00,
  00, 0x01, 00, 0x21, 00, 00, 00, 0x20, 00, 0x01, 00, 0x21,
  00, 00, 00, 00, 00, 0x41, 00, 0x40, 00, 00, 00, 00,
  0x08, 0x40, 00, 0x20, 0x08, 0x40, 00, 00, 0x08, 0x40, 00, 00,
  0x08, 0x40, 00, 00, 0x08, 0x40, 00, 0x20, 0x08, 0x61, 00, 0x41,
  00, 0x40, 00, 0x41, 0x08, 0x61, 00, 0x41, 00, 0x40, 00, 0x40,
  0x08, 0x61, 00, 0x61, 0x08, 0x61, 00, 0x61, 0x08, 0x61, 00, 0x41,
  0x08, 0x61, 00, 0x61, 0x08, 0x81, 00, 0x41, 0x10, 0xa2, 00, 0x41,
  0x08, 0x81, 00, 0x61, 0x08, 0x61, 00, 0x61, 0x08, 0x81, 00, 0x61,
  0x08, 0x61, 00, 0x61, 0x08, 0x81, 00, 0x61, 0x08, 0x61, 00, 0x61,
  0x08, 0x81, 00, 0x41, 0x08, 0x81, 00, 0x61, 0x08, 0x81, 00, 0x41,
  0x08, 0x81, 00, 0x61, 00, 0x81, 00, 0x82, 0x08, 0x81, 00, 0x81,
  0x08, 0xc1, 00, 0xa1, 0x08, 0xc1, 00, 0xa1, 0x08, 0xc2, 00, 0xa2,
  0x08, 0xc1, 00, 0xa1, 00, 0xc1, 00, 0xc2, 00, 0xc1, 00, 0xc2,
  0x08, 0xe2, 00, 0xc2, 0x08, 0xa2, 00, 0xa2, 0x08, 0xc1, 00, 0xc2,
  0x09, 0x02, 00, 0xe2, 0x09, 0x02, 00, 0xe2, 0x09, 0x02, 00, 0xc2,
  0x09, 0x02, 00, 0xc2, 0x09, 0x02, 00, 0xe2, 0x09, 0x03, 0x01, 0x03,
  0x01, 0x02, 0x01, 0x03, 0x09, 0x03, 0x01, 0x03, 0x09, 0x23, 0x01, 0x23,
  0x01, 0x44, 0x01, 0x44, 0x09, 0x44, 0x01, 0x23, 0x09, 0x02, 00, 0xc2,
  0x09, 0x02, 00, 0xe2, 0x01, 0x02, 0x01, 0x03, 0x09, 0x44, 0x01, 0x23,
  0x09, 0x43, 0x01, 0x23, 0x09, 0xa4, 0x01, 0x63, 0x09, 0x43, 0x01, 0x23,
  0x01, 0x43, 0x01, 0x44, 0x09, 0xa4, 0x01, 0xa4, 0x09, 0x64, 0x01, 0x23,
  0x09, 0x84, 0x01, 0x84, 0x11, 0xa4, 0x01, 0x63, 0x09, 0x83, 0x01, 0x63,
  0x01, 0xa4, 0x01, 0xc5, 0x09, 0xa4, 0x01, 0xa4, 0x09, 0xa5, 0x01, 0x64,
  0x09, 0xc4, 0x01, 0xa4, 0x09, 0x63, 0x01, 0x63, 0x09, 0x43, 0x01, 0x23,
  0x09, 0x43, 0x01, 0x44, 0x09, 0x23, 00, 0xe2, 0x09, 0x02, 00, 0xc2,
  0x09, 0x44, 0x01, 0x23, 0x09, 0x03, 0x01, 0x03, 0x09, 0x23, 00, 0xe2,
  0x09, 0x02, 00, 0xe2, 0x09, 0x02, 00, 0xc2, 0x08, 0xe2, 00, 0xc2,
  0x08, 0xc2, 00, 0x82, 0x08, 0xc1, 00, 0xa1, 0x08, 0xc1, 00, 0xa1,
  0x08, 0xc1, 00, 0xa1, 0x08, 0xc1, 00, 0xa1, 0x08, 0xc1, 00, 0xa1,
  0x08, 0xc1, 00, 0xa1, 0x08, 0xc2, 00, 0x81, 00, 0x81, 00, 0x82,
  00, 0x81, 00, 0x82, 0x08, 0xc2, 00, 0xa2, 0x08, 0xc1, 00, 0xa1,
  00, 0x81, 00, 0x82, 0x08, 0x81, 00, 0x81, 0x08, 0x81, 00, 0x81,
  0x08, 0x81, 00, 0x41, 0x10, 0xa1, 0x19, 0x23, 0x10, 0xc2, 00, 0x41,
  0x08, 0x81, 00, 0x41, 0x08, 0x61, 00, 0x41, 0x08, 0x61, 00, 0x41,
  00, 0x40, 00, 0x41, 0x08, 0x61, 00, 0x61, 00, 0x40, 00, 0x41,
  0x08, 0x41, 00, 0x41, 0x08, 0x40, 00, 00, 0x08, 0x40, 00, 0x40,
  0x08, 0x40, 00, 0x20, 00, 0x40, 00, 0x40, 00, 0x40, 00, 0x40,
  0x08, 0x40, 00, 0x40, 00, 0x40, 00, 0x40, 0x08, 0x40, 00, 0x40,
  0x08, 0x40, 00, 0x40, 0x08, 0x40, 00, 00, 0x08, 0x40, 00, 0x20,
  0x08, 0x40, 00, 0x20, 0x08, 0x40, 00, 00, 0x08, 0x40, 00, 00,
  0x08, 0x40, 00, 0x20, 0x08, 0x40, 00, 00, 0x08, 0x40, 00, 0x20,
  0x08, 0x20, 00, 0x20, 0x10, 0x81, 00, 0x20, 0x08, 0x40, 00, 00,
  00, 0x01, 00, 0x21, 00, 0x01, 00, 0x21, 00, 0x01, 00, 0x21,
  00, 0x41, 00, 0x40, 00, 0x41, 00, 0x41, 00, 0x41, 00, 0x41,
  00, 0x41, 00, 0x41, 00, 0x41, 00, 0x41, 00, 0x41, 00, 0x41,
  00, 0x41, 00, 0x41, 00, 0x41, 0x08, 0x61, 00, 0x81, 00, 0x61,
  00, 0x41, 00, 0x61, 00, 0x81, 00, 0x61, 00, 0x42, 00, 0x62,
  00, 0x81, 00, 0x61, 00, 0x41, 00, 0x41, 00, 0x41, 00, 0x61,
  00, 0x41, 00, 0x61, 00, 0x41, 00, 0x61, 00, 0x41, 00, 0x41,
  00, 0x82, 00, 0x40, 00, 0x41, 00, 0x41, 00, 0x41, 00, 0x61,
  00, 0x41, 00, 0x61, 00, 0x82, 00, 0x81, 00, 0x82, 00, 0x81,
  00, 0x82, 0x08, 0xa2, 00, 0x82, 00, 0xa2, 00, 0xc2, 00, 0xa2,
  00, 0x82, 00, 0xa2, 00, 0xc2, 00, 0xa2, 00, 0xc2, 00, 0xa2,
  00, 0xc3, 00, 0xe3, 00, 0xc2, 00, 0xa2, 00, 0xc2, 00, 0xa2,
  0x01, 0x03, 0x01, 0x02, 00, 0xc2, 00, 0xa2, 0x01, 0x03, 0x09, 0x03,
  00, 0xc2, 00, 0xa2, 00, 0xc2, 00, 0xa2, 00, 0xc2, 0x11, 0x23,
  0x01, 0x03, 0x01, 0x03, 0x01, 0x03, 0x01, 0x03, 0x01, 0x03, 0x01, 0x03,
  0x01, 0x04, 0x09, 0x44, 0x01, 0x03, 0x01, 0x02, 00, 0xc3, 00, 0xe3,
  00, 0xc3, 00, 0xe3, 0x01, 0x03, 0x01, 0x03, 0x01, 0x03, 0x09, 0x03,
  0x01, 0x03, 0x01, 0x23, 0x01, 0x44, 0x01, 0x02, 0x01, 0x04, 0x01, 0x24,
  0x01, 0x84, 0x01, 0x64, 0x01, 0xa5, 0x01, 0x84, 0x01, 0x44, 0x09, 0x84,
  0x01, 0xc5, 0x01, 0xc5, 0x01, 0x44, 0x01, 0x23, 0x01, 0x44, 0x01, 0x24,
  0x01, 0xa5, 0x09, 0xe6, 0x02, 0x67, 0x12, 0x87, 0x01, 0xa5, 0x09, 0xa5,
  0x01, 0xc5, 0x01, 0x84, 0x01, 0x44, 0x01, 0x64, 0x01, 0x44, 0x01, 0x43,
  0x01, 0x44, 0x01, 0x44, 0x01, 0x03, 0x01, 0x03, 0x01, 0x03, 0x01, 0x03,
  0x01, 0x03, 0x01, 0x03, 0x01, 0x04, 0x09, 0x44, 0x01, 0x03, 00, 0xc2,
  00, 0xc2, 00, 0xa2, 00, 0xc3, 00, 0xe3, 0x01, 0x03, 0x01, 0x02,
  00, 0xc2, 00, 0xa2, 00, 0x82, 00, 0xa2, 00, 0xc2, 00, 0xa2,
  00, 0x82, 00, 0xa2, 00, 0xc2, 00, 0xa2, 00, 0x82, 00, 0x82,
  00, 0x82, 00, 0xa2, 00, 0x82, 00, 0x81, 00, 0x82, 00, 0x82,
  00, 0x82, 00, 0x82, 00, 0x82, 00, 0x62, 00, 0x81, 00, 0x61,
  00, 0x82, 00, 0x81, 00, 0x82, 00, 0x81, 00, 0x81, 00, 0x61,
  00, 0x82, 00, 0x81, 00, 0x81, 00, 0x81, 00, 0x41, 00, 0x61,
  00, 0x41, 00, 0x41, 00, 0x41, 00, 0x41, 00, 0x41, 00, 0x41,
  00, 0x41, 00, 0x41, 00, 0x41, 00, 0x41, 00, 0x41, 00, 0x41,
  00, 0x41, 00, 0x41, 00, 0x41, 00, 0x41, 00, 0x41, 00, 0x41,
  00, 0x41, 00, 0x41, 00, 0x41, 00, 0x40, 00, 0x41, 00, 0x41,
  00, 0x41, 00, 0x41, 00, 0x41, 00, 0x41, 00, 0x41, 00, 0x41,
  00, 0x41, 00, 0x41, 00, 0x41, 00, 0x41, 00, 0x41, 00, 0x40,
  00, 0x41, 00, 0x40, 00, 0x01, 00, 0x21, 00, 0x41, 00, 0x41,
  00, 00, 00, 0x20, 00, 0x01, 00, 0x21, 00, 0x01, 00, 00,
  00, 00, 00, 0x20, 00, 00, 00, 00, 00, 00, 00, 0x20,
  0x08, 0x40, 00, 00, 0x08, 0x40, 00, 0x20, 0x10, 0x61, 0x08, 0x61,
  0x08, 0x40, 00, 0x20, 0x08, 0x40, 00, 0x40, 00, 0x40, 00, 0x40,
  0x08, 0x61, 00, 0x41, 00, 0x40, 00, 0x40, 0x08, 0x81, 00, 0x41,
  0x08, 0x61, 00, 0x41, 0x10, 0x81, 00, 0x61, 0x08, 0x61, 00, 0x61,
  00, 0x81, 00, 0x82, 0x08, 0x81, 00, 0x61, 0x08, 0x81, 00, 0x41,
  0x08, 0x61, 00, 0x61, 0x08, 0x81, 00, 0x41, 0x08, 0x81, 00, 0x41,
  0x08, 0x81, 00, 0x61, 0x08, 0x61, 00, 0x61, 0x08, 0x81, 00, 0x41,
  0x08, 0x60, 0x08, 0xa1, 0x08, 0x81, 00, 0x41, 0x08, 0x61, 00, 0x61,
  0x08, 0x81, 00, 0x81, 0x08, 0x81, 00, 0x41, 00, 0x81, 00, 0x82,
  0x08, 0x81, 00, 0x41, 0x08, 0xc1, 00, 0xa1, 0x08, 0xc1, 00, 0xa1,
  0x08, 0xc1, 00, 0xc2, 0x10, 0xe2, 00, 0xc2, 0x09, 0x02, 00, 0xe2,
  0x09, 0x02, 00, 0xc2, 0x09, 0x02, 00, 0xc2, 00, 0xc1, 00, 0xc2,
  0x01, 0x02, 0x01, 0x03, 0x09, 0x02, 00, 0xc2, 0x09, 0x02, 00, 0xc2,
  00, 0xc1, 00, 0xc2, 0x09, 0x02, 00, 0xc2, 00, 0xc1, 00, 0xc2,
  0x09, 0x02, 00, 0xc2, 0x09, 0x02, 00, 0xe2, 0x09, 0x03, 0x01, 0x03,
  0x09, 0x02, 00, 0xe2, 0x09, 0x02, 00, 0xc2, 0x09, 0x02, 00, 0xe2,
  0x09, 0x02, 00, 0xc2, 0x09, 0x44, 0x01, 0x23, 0x09, 0x83, 0x01, 0x63,
  0x09, 0x44, 0x01, 0x23, 0x09, 0x44, 0x01, 0x23, 0x01, 0x43, 0x01, 0x63,
  0x01, 0x84, 0x01, 0xa5, 0x09, 0x84, 0x01, 0x64, 0x01, 0x63, 0x09, 0xc5,
  0x11, 0xe6, 0x01, 0x64, 0x09, 0x63, 0x01, 0x63, 0x09, 0x84, 0x01, 0x84,
  0x09, 0xc4, 0x01, 0xa4, 0x0a, 0x05, 0x01, 0xe5, 0x09, 0x84, 0x01, 0x84,
  0x09, 0xa4, 0x01, 0x63, 0x09, 0xc5, 0x01, 0xc5, 0x09, 0x84, 0x01, 0x64,
  0x11, 0x64, 00, 0xe2, 0x01, 0x02, 0x01, 0x43, 0x09, 0x43, 0x01, 0x23,
  0x11, 0x63, 0x09, 0x64, 0x09, 0x03, 0x01, 0x03, 0x09, 0x02, 00, 0xe2,
  0x09, 0x02, 00, 0xc2, 0x09, 0x02, 00, 0xe2, 0x09, 0x02, 00, 0xc2,
  0x08, 0xc1, 00, 0xa1, 0x08, 0xc2, 00, 0xa2, 0x08, 0xc1, 00, 0xa1,
  0x08, 0xc1, 00, 0xa1, 0x08, 0xc1, 00, 0xa1, 0x08, 0xc2, 00, 0xa2,
  0x08, 0xa2, 00, 0xa2, 0x08, 0xc1, 00, 0xa1, 0x08, 0xc1, 00, 0xa1,
  0x08, 0xc1, 00, 0xa1, 0x08, 0xc1, 00, 0xa1, 0x08, 0x81, 00, 0x81,
  0x08, 0x81, 00, 0x61, 0x08, 0x81, 00, 0x81, 0x08, 0x61, 00, 0x41,
  0x08, 0xc1, 00, 0xa1, 0x08, 0x81, 00, 0x61, 0x08, 0x81, 00, 0x41,
  0x08, 0x61, 00, 0x41, 0x08, 0x61, 00, 0x41, 00, 0x40, 00, 0x41,
  0x08, 0x81, 00, 0x41, 0x08, 0x61, 00, 0x41, 00, 0x40, 00, 0x40,
  0x08, 0x40, 00, 0x20, 0x08, 0x40, 00, 00, 0x08, 0x40, 00, 0x20,
  0x08, 0x40, 00, 00, 0x08, 0x40, 00, 0x20, 0x08, 0x41, 00, 0x41,
  00, 0x40, 00, 0x40, 0x08, 0x40, 00, 0x40, 0x08, 0x40, 00, 00,
  0x08, 0x40, 00, 0x40, 0x08, 0x40, 00, 0x20, 0x08, 0x40, 00, 0x41,
  0x08, 0x40, 00, 0x20, 0x08, 0x40, 00, 00, 0x08, 0x40, 00, 00,
  0x08, 0x40, 00, 00, 0x08, 0x40, 00, 0x20, 0x08, 0x40, 00, 00,
  0x08, 0x40, 00, 0x20, 0x08, 0x40, 00, 0x20, 0x08, 0x20, 00, 0x20,
  00, 0x01, 00, 0x21, 00, 00, 0x08, 0x21, 00, 0x41, 00, 0x40,
  00, 0x01, 00, 0x21, 00, 0x41, 00, 0x41, 00, 0x41, 00, 0x41,
  00, 0x41, 00, 0x41, 00, 0x41, 00, 0x41, 00, 0x41, 00, 0x61,
  00, 0x41, 00, 0x61, 00, 0x81, 00, 0x61, 00, 0x41, 0x08, 0x82,
  00, 0x82, 00, 0x61, 00, 0x82, 00, 0x82, 00, 0x81, 00, 0x61,
  00, 0x42, 00, 0x62, 00, 0x82, 00, 0x82, 00, 0x81, 00, 0x61,
  00, 0x82, 00, 0x81, 00, 0x41, 00, 0x61, 00, 0x82, 00, 0x81,
  00, 0x61, 0x10, 0xc2, 00, 0x82, 00, 0x61, 00, 0x41, 00, 0x61,
  00, 0x81, 00, 0x61, 00, 0x81, 00, 0x81, 00, 0x81, 00, 0x61,
  00, 0x81, 00, 0x61, 00, 0x81, 0x08, 0xc2, 00, 0x82, 00, 0x82,
  00, 0x82, 00, 0xa2, 00, 0xc2, 00, 0xa2, 00, 0xc3, 00, 0xc2,
  00, 0xe2, 00, 0xe2, 00, 0xc2, 00, 0xa2, 00, 0xc2, 00, 0xa2,
  00, 0xc2, 00, 0xa2, 00, 0xc2, 00, 0xa2, 00, 0xc3, 00, 0xe3,
  00, 0xc2, 00, 0xa2, 00, 0xc3, 00, 0xe3, 00, 0xc3, 00, 0xe3,
  00, 0xc2, 0x08, 0xe2, 00, 0xc2, 00, 0xa2, 00, 0xc2, 0x08, 0xe3,
  00, 0xc3, 00, 0xe3, 00, 0xc2, 0x08, 0xe3, 0x01, 0x03, 00, 0xc2,
  0x01, 0x03, 0x01, 0x03, 0x01, 0x03, 0x01, 0x23, 0x01, 0x44, 0x09, 0x43,
  0x01, 0x03, 00, 0xe3, 0x01, 0x43, 0x01, 0x43, 0x01, 0x44, 0x01, 0x64,
  0x09, 0xc5, 0x01, 0x84, 0x01, 0x44, 0x01, 0x43, 0x01, 0x64, 0x09, 0xa5,
  0x01, 0xc6, 0x01, 0x44, 0x01, 0x84, 0x01, 0x64, 0x01, 0x85, 0x01, 0x84,
  0x01, 0x44, 0x01, 0x24, 0x01, 0x44, 0x01, 0x24, 0x01, 0x44, 0x01, 0x43,
  0x01, 0x85, 0x01, 0x43, 0x01, 0x84, 0x01, 0x64, 0x01, 0x85, 0x01, 0x43,
  0x01, 0x43, 0x01, 0x43, 0x01, 0x44, 0x01, 0x24, 0x01, 0x44, 0x01, 0x43,
  0x01, 0x44, 0x01, 0x23, 0x01, 0x03, 0x01, 0x23, 0x01, 0x03, 00, 0xc2,
  00, 0xc2, 00, 0xa2, 00, 0xc2, 00, 0xa2, 00, 0xc3, 00, 0xc2,
  00, 0x82, 00, 0xa2, 00, 0x82, 00, 0xa2, 00, 0xc3, 00, 0x81,
  00, 0x82, 00, 0x82, 00, 0x81, 00, 0xa2, 00, 0x82, 0x08, 0xa2,
  00, 0x82, 0x08, 0xa2, 00, 0xc3, 00, 0x81, 00, 0x81, 0x08, 0xc2,
  00, 0x82, 00, 0xa2, 00, 0x82, 00, 0x82, 00, 0x82, 00, 0x62,
  00, 0x81, 00, 0x61, 00, 0x82, 00, 0x61, 00, 0x81, 00, 0x61,
  00, 0x82, 00, 0x81, 00, 0x81, 00, 0x61, 00, 0x81, 00, 0x61,
  00, 0x41, 00, 0x61, 00, 0x41, 00, 0x41, 00, 0x41, 00, 0x41,
  00, 0x41, 00, 0x41, 00, 0x41, 00, 0x41, 00, 0x41, 00, 0x41,
  00, 0x41, 00, 0x41, 00, 0x41, 0x10, 0x82, 00, 0x41, 00, 0x41,
  00, 0x41, 00, 0x41, 00, 0x41, 00, 0x40, 00, 0x41, 00, 0x41,
  00, 0x41, 00, 0x41, 00, 0x41, 00, 0x41, 00, 0x41, 00, 0x41,
  00, 0x41, 00, 0x41, 00, 0x41, 00, 0x40, 00, 0x41, 0x08, 0x41,
  00, 0x01, 00, 0x21, 00, 0x41, 00, 0x41, 00, 00, 0x08, 0x20,
  00, 0x01, 00, 0x21, 00, 00, 00, 00, 00, 00, 0x08, 0x21,
  00, 00, 00, 0x20, 00, 0x01, 00, 0x21, 00, 00, 00, 00,
  0x08, 0x40, 00, 0x20, 0x08, 0x40, 00, 00, 0x08, 0x40, 00, 00,
  0x08, 0x40, 00, 00, 00, 0x40, 00, 0x40, 0x08, 0x61, 00, 0x41,
  00, 0x40, 00, 0x40, 0x08, 0x80, 00, 0x40, 00, 0x40, 00, 0x41,
  0x08, 0x81, 00, 0x41, 0x08, 0x81, 00, 0x81, 00, 0x80, 0x08, 0xc2,
  0x08, 0x81, 00, 0x41, 0x08, 0xc1, 00, 0xa1, 0x08, 0x81, 00, 0x61,
  0x08, 0xc1, 00, 0xa1, 0x08, 0x81, 00, 0x81, 0x08, 0xc1, 00, 0xa1,
  0x08, 0x81, 00, 0x61, 0x08, 0x81, 00, 0x41, 00, 0x81, 00, 0x82,
  0x08, 0xa2, 00, 0x61, 0x08, 0x81, 00, 0x61, 0x08, 0x81, 00, 0x61,
  0x08, 0x81, 00, 0x41, 0x08, 0x81, 00, 0x61, 0x08, 0x81, 00, 0x61,
  0x08, 0x81, 00, 0x81, 00, 0x81, 00, 0x82, 0x08, 0xc1, 00, 0xa1,
  0x08, 0xc1, 00, 0xa1, 0x08, 0xa2, 00, 0xa2, 0x08, 0xc1, 00, 0xa1,
  0x09, 0x02, 00, 0xe2, 00, 0xc1, 00, 0xc2, 0x08, 0xc1, 00, 0xa1,
  0x11, 0x02, 00, 0xc1, 0x09, 0x02, 00, 0xe2, 0x09, 0x02, 00, 0xe2,
  0x08, 0xc1, 00, 0xc2, 0x09, 0x02, 00, 0xc2, 0x09, 0x02, 00, 0xc2,
  0x08, 0xe2, 00, 0xe2, 0x08, 0xc2, 00, 0xc2, 0x09, 0x02, 00, 0xe2,
  0x09, 0x02, 0x01, 0x02, 0x01, 0x02, 0x01, 0x02, 0x09, 0x02, 00, 0xc2,
  0x01, 0x02, 0x01, 0x43, 0x09, 0x43, 0x01, 0x44, 0x11, 0x64, 0x01, 0x23,
  0x01, 0x43, 0x01, 0x63, 0x09, 0x23, 0x01, 0x23, 0x09, 0x84, 0x01, 0x84,
  0x09, 0xa4, 0x01, 0x63, 0x09, 0x83, 0x01, 0x63, 0x01, 0xa4, 0x01, 0xc5,
  0x09, 0x83, 0x01, 0x63, 0x01, 0x63, 0x01, 0x84, 0x09, 0xa5, 0x01, 0x64,
  0x09, 0x64, 0x01, 0x64, 0x09, 0x84, 0x01, 0x64, 0x09, 0x43, 0x01, 0x44,
  0x09, 0xa4, 0x01, 0x63, 0x09, 0x44, 0x01, 0x64, 0x09, 0xa5, 0x01, 0x64,
  0x01, 0x43, 0x01, 0x44, 0x09, 0x84, 0x01, 0x64, 0x09, 0x43, 0x01, 0x03,
  0x09, 0x43, 0x01, 0x23, 0x09, 0x43, 0x01, 0x44, 0x09, 0x23, 00, 0xe2,
  0x09, 0x02, 00, 0xe2, 0x09, 0x02, 00, 0xc2, 0x09, 0x02, 00, 0xc2,
  0x08, 0xc1, 00, 0xa1, 00, 0xc1, 00, 0xc2, 0x08, 0xc1, 00, 0xa1,
  0x08, 0xc1, 00, 0xa1, 0x08, 0xc1, 00, 0xa1, 0x08, 0xc2, 00, 0xa2,
  0x08, 0xc1, 00, 0xa1, 0x08, 0xc1, 00, 0xa1, 0x08, 0xc1, 00, 0xa1,
  0x08, 0xc1, 00, 0xa1, 0x08, 0xc1, 00, 0xa1, 0x08, 0xc1, 00, 0xa1,
  0x08, 0x81, 00, 0x81, 0x08, 0x81, 00, 0x41, 0x08, 0xa2, 00, 0x61,
  00, 0x81, 00, 0x82, 0x08, 0x81, 00, 0x61, 0x08, 0x81, 00, 0x41,
  0x08, 0x81, 00, 0x41, 0x08, 0x61, 00, 0x61, 0x08, 0x61, 00, 0x61,
  0x08, 0x61, 00, 0x61, 0x08, 0x80, 00, 0x40, 0x08, 0x80, 00, 0x40,
  0x08, 0x40, 00, 0x40, 0x08, 0x40, 0x08, 0x82, 0x08, 0x40, 00, 0x40,
  0x08, 0x40, 00, 0x20, 0x08, 0x40, 00, 0x40, 0x08, 0x81, 00, 0x40,
  00, 0x40, 00, 0x40, 0x08, 0x40, 00, 0x20, 0x08, 0x40, 00, 00,
  0x08, 0x40, 00, 00, 0x08, 0x40, 00, 0x40, 0x08, 0x40, 00, 00,
  0x08, 0x40, 00, 00, 0x08, 0x40, 00, 0x20, 0x08, 0x40, 00, 00,
  0x08, 0x40, 00, 0x20, 0x08, 0x40, 00, 00, 0x08, 0x40, 00, 00,
  0x10, 0x81, 0x08, 0x61, 0x08, 0x40, 00, 0x20, 0x08, 0x40, 00, 00,
  00, 00, 00, 0x20, 00, 0x01, 00, 0x21, 00, 0x01, 00, 0x21,
  00, 0x41, 00, 0x40, 00, 0x41, 00, 0x41, 00, 0x41, 00, 0x41,
  00, 0x41, 00, 0x41, 00, 0x41, 00, 0x41, 00, 0x41, 00, 0x41,
  00, 0x81, 00, 0x61, 00, 0x41, 00, 0x61, 00, 0x82, 00, 0x81,
  00, 0x81, 00, 0x81, 0x08, 0xe3, 0x08, 0xa2, 00, 0x82, 00, 0x82,
  00, 0x82, 00, 0x81, 00, 0x82, 00, 0x81, 00, 0x82, 0x08, 0x81,
  00, 0x82, 00, 0x81, 00, 0x81, 00, 0x61, 00, 0x41, 00, 0x61,
  00, 0x82, 00, 0x81, 00, 0x81, 00, 0x81, 00, 0x81, 00, 0x61,
  00, 0x81, 00, 0x61, 00, 0x82, 00, 0x81, 00, 0x81, 00, 0x61,
  00, 0x82, 00, 0x81, 00, 0x81, 00, 0x61, 00, 0x82, 00, 0x82,
  00, 0x82, 00, 0xa2, 00, 0x82, 00, 0xa2, 00, 0xc2, 00, 0xa2,
  00, 0xc2, 00, 0xa2, 00, 0x82, 00, 0xa2, 00, 0xc2, 00, 0xa2,
  0x42, 0x67, 0x21, 0x22, 00, 0xc3, 00, 0xe3, 00, 0xc2, 00, 0xa2,
  00, 0xc2, 00, 0xa2, 00, 0xc2, 00, 0xa2, 00, 0xc2, 00, 0xa2,
  00, 0xc2, 00, 0xa2, 00, 0xc2, 00, 0xa2, 00, 0xc2, 00, 0xa2,
  00, 0xc3, 00, 0xe3, 00, 0xc3, 00, 0xe3, 00, 0xc2, 00, 0xa2,
  0x01, 0x03, 0x01, 0x23, 0x01, 0x63, 0x09, 0x84, 0x01, 0x64, 0x09, 0x64,
  0x01, 0x44, 0x01, 0x43, 0x01, 0x64, 0x01, 0x64, 0x01, 0x84, 0x01, 0x43,
  0x01, 0x84, 0x01, 0x64, 0x01, 0x64, 0x09, 0xa5, 0x0a, 0x88, 0x02, 0x06,
  0x01, 0x44, 0x09, 0x43, 0x01, 0x84, 0x01, 0x64, 0x01, 0x43, 0x01, 0x43,
  0x01, 0x64, 0x09, 0xa5, 0x01, 0x84, 0x01, 0x43, 0x01, 0x44, 0x01, 0x64,
  0x01, 0x65, 0x01, 0x03, 0x01, 0x04, 0x01, 0x24, 0x01, 0x85, 0x01, 0x44,
  0x01, 0x44, 0x01, 0x64, 0x01, 0x64, 0x09, 0x64, 0x01, 0x03, 0x01, 0x03,
  0x01, 0x03, 0x01, 0x03, 0x01, 0x04, 0x09, 0x44, 0x01, 0x03, 0x01, 0x03,
  0x01, 0x03, 0x01, 0x02, 00, 0xc3, 00, 0xe3, 00, 0xc2, 00, 0xa2,
  00, 0x82, 00, 0xa2, 00, 0xc2, 00, 0xa2, 00, 0x82, 00, 0x82,
  00, 0x82, 00, 0x82, 00, 0x82, 00, 0x82, 00, 0x82, 00, 0xa2,
  00, 0x82, 00, 0xa2, 00, 0x82, 00, 0x81, 00, 0x82, 00, 0xa2,
  00, 0x81, 0x19, 0x03, 0x21, 0x65, 0x08, 0x61, 00, 0x82, 00, 0x82,
  00, 0x82, 00, 0x81, 00, 0x82, 00, 0x81, 00, 0x81, 00, 0x61,
  00, 0x81, 00, 0x61, 00, 0x41, 00, 0x61, 00, 0x41, 00, 0x61,
  00, 0x41, 00, 0x61, 00, 0x41, 00, 0x41, 00, 0x41, 00, 0x41,
  00, 0x41, 00, 0x41, 00, 0x41, 00, 0x41, 00, 0x41, 00, 0x41,
  00, 0x41, 00, 0x41, 00, 0x41, 00, 0x41, 00, 0x41, 00, 0x41,
  00, 0x41, 00, 0x41, 00, 0x41, 00, 0x41, 00, 0x41, 00, 0x41,
  00, 0x41, 00, 0x41, 00, 0x41, 00, 0x41, 00, 0x41, 00, 0x41,
  00, 0x41, 00, 0x41, 00, 0x41, 00, 0x40, 00, 0x41, 00, 0x40,
  00, 0x41, 00, 0x41, 00, 0x41, 00, 0x41, 00, 0x41, 00, 0x40,
  00, 0x40, 00, 0x20, 00, 0x41, 00, 0x41, 00, 00, 00, 0x20,
  00, 00, 0x08, 0x21, 00, 0x01, 00, 0x21, 00, 0x01, 00, 0x21,
  0x08, 0x40, 00, 00, 0x08, 0x40, 00, 0x20, 0x08, 0x40, 00, 00,
  0x08, 0x40, 00, 0x20, 0x08, 0x61, 00, 0x41, 00, 0x40, 00, 0x40,
  0x08, 0x61, 00, 0x41, 00, 0x40, 00, 0x40, 0x08, 0x61, 00, 0x41,
  00, 0x40, 00, 0x41, 0x08, 0x61, 00, 0x41, 0x08, 0x81, 00, 0x61,
  0x08, 0x81, 00, 0x81, 00, 0x81, 00, 0x82, 0x08, 0xc1, 00, 0xa1,
  00, 0x81, 00, 0x82, 0x08, 0xc1, 00, 0xa1, 0x10, 0xc1, 00, 0x81,
  0x08, 0xc1, 00, 0xa1, 0x08, 0x81, 00, 0x61, 0x08, 0x81, 00, 0x41,
  00, 0x81, 00, 0x82, 0x08, 0x81, 00, 0x81, 0x08, 0x81, 00, 0x61,
  0x08, 0x81, 00, 0x41, 0x08, 0x81, 00, 0x61, 0x08, 0x81, 00, 0x41,
  00, 0x81, 00, 0x82, 0x08, 0xc1, 00, 0xa1, 00, 0x81, 00, 0x82,
  0x08, 0xc2, 00, 0xa2, 0x08, 0xc1, 00, 0xa1, 0x08, 0xc1, 00, 0xc2,
  0x09, 0x02, 00, 0xe2, 0x08, 0xc1, 00, 0xa1, 00, 0xc1, 00, 0xc2,
  0x09, 0x02, 00, 0xc2, 0x09, 0x02, 00, 0xe2, 0x08, 0xc1, 00, 0xc2,
  00, 0xc1, 00, 0xc2, 0x09, 0x02, 00, 0xe2, 0x09, 0x02, 00, 0xc2,
  0x09, 0x02, 00, 0xc2, 0x09, 0x02, 00, 0xc2, 0x08, 0xc2, 00, 0xc2,
  0x09, 0x02, 00, 0xe2, 00, 0xc2, 00, 0xc3, 0x09, 0x02, 00, 0xe2,
  0x09, 0x02, 0x01, 0x02, 0x01, 0x02, 0x01, 0x43, 0x09, 0xc4, 0x01, 0xa4,
  0x09, 0x64, 0x01, 0x23, 0x09, 0x84, 0x01, 0x85, 0x09, 0x23, 0x01, 0x23,
  0x09, 0x84, 0x01, 0x64, 0x01, 0x63, 0x01, 0xc5, 0x12, 0x46, 0x01, 0xa5,
  0x09, 0x63, 0x01, 0x63, 0x09, 0xc4, 0x01, 0xa4, 0x09, 0x43, 0x01, 0x03,
  0x01, 0x84, 0x01, 0xc5, 0x09, 0x63, 0x01, 0x22, 0x09, 0x44, 0x01, 0x64,
  0x09, 0x63, 0x01, 0x22, 0x09, 0x43, 0x01, 0x44, 0x09, 0x63, 0x01, 0x63,
  0x09, 0x84, 0x01, 0x64, 0x11, 0xa5, 0x09, 0x64, 0x09, 0x23, 00, 0xe2,
  0x09, 0x02, 00, 0xe2, 0x09, 0x02, 00, 0xc2, 0x09, 0x02, 00, 0xe2,
  0x08, 0xe2, 00, 0xe2, 0x09, 0x02, 00, 0xc2, 0x09, 0x02, 00, 0xc2,
  0x08, 0xc1, 00, 0xc2, 0x08, 0xc2, 00, 0x82, 0x08, 0xc1, 00, 0xa1,
  0x08, 0xc1, 00, 0xa1, 00, 0x81, 00, 0x82, 0x08, 0xc1, 00, 0xa1,
  0x08, 0xc1, 00, 0xa1, 0x08, 0xc1, 00, 0xa1, 0x08, 0xc1, 00, 0xa1,
  0x08, 0xa2, 00, 0xa2, 0x08, 0xc2, 00, 0x81, 0x08, 0xc1, 00, 0xa1,
  00, 0x81, 00, 0x82, 00, 0x81, 00, 0x82, 0x08, 0x81, 00, 0x61,
  0x08, 0x81, 00, 0x61, 0x08, 0x81, 00, 0x41, 0x08, 0x81, 00, 0x41,
  0x08, 0x61, 00, 0x41, 0x08, 0x61, 00, 0x41, 00, 0x40, 00, 0x40,
  0x08, 0x61, 00, 0x41, 0x08, 0x61, 00, 0x61, 0x08, 0x61, 00, 0x41,
  00, 0x40, 00, 0x40, 0x08, 0x41, 00, 0x41, 0x08, 0x40, 00, 0x20,
  00, 0x40, 00, 0x40, 0x08, 0x40, 00, 00, 00, 0x40, 00, 0x40,
  0x08, 0x40, 00, 00, 0x08, 0x40, 00, 00, 0x08, 0x40, 00, 0x20,
  0x08, 0x40, 00, 00, 0x08, 0x40, 00, 0x20, 0x08, 0x40, 00, 0x41,
  0x08, 0x40, 00, 00, 0x08, 0x40, 00, 0x40, 0x08, 0x40, 00, 00,
  0x08, 0x40, 00, 0x40, 0x08, 0x40, 00, 0x20, 0x08, 0x40, 00, 00,
  0x08, 0x40, 00, 0x20, 0x08, 0x40, 00, 00, 0x08, 0x40, 00, 0x20,
  00, 0x41, 00, 0x40, 00, 00, 00, 00, 00, 0x01, 00, 0x21,
  00, 0x01, 00, 0x21, 00, 0x41, 00, 0x41, 00, 0x41, 00, 0x21,
  00, 0x41, 00, 0x41, 00, 0x41, 00, 0x41, 00, 0x41, 00, 0x41,
  00, 0x41, 00, 0x41, 00, 0x42, 00, 0x62, 00, 0x82, 00, 0x61,
  00, 0x41, 00, 0x61, 00, 0x82, 00, 0x81, 00, 0x82, 00, 0x81,
  00, 0x82, 00, 0x82, 00, 0x82, 0x08, 0xa2, 0x21, 0x02, 0x20, 0xe1,
  00, 0xc3, 00, 0x81, 00, 0x82, 00, 0x61, 00, 0x81, 00, 0x61,
  00, 0x82, 00, 0x81, 00, 0x82, 00, 0x82, 00, 0x82, 00, 0x81,
  00, 0x82, 00, 0x81, 00, 0x82, 00, 0x81, 00, 0x82, 00, 0x81,
  00, 0x82, 00, 0x81, 00, 0x82, 00, 0x81, 00, 0x82, 00, 0x81,
  00, 0x82, 0x08, 0xa2, 00, 0x82, 00, 0xa2, 00, 0xc2, 00, 0xc2,
  00, 0xc2, 00, 0xa2, 00, 0xc3, 00, 0xe3, 0x01, 0x03, 00, 0xc2,
  00, 0xc2, 00, 0xa2, 00, 0xc2, 00, 0xa2, 00, 0x82, 00, 0xa2,
  00, 0xc2, 00, 0xa2, 00, 0xc2, 00, 0xa2, 00, 0xc2, 00, 0xa2,
  00, 0xc2, 00, 0xa2, 00, 0xc2, 0x08, 0xe3, 00, 0xc3, 00, 0xc2,
  00, 0xc2, 00, 0xa2, 00, 0xc3, 00, 0xe3, 00, 0xc3, 00, 0xe3,
  0x01, 0x03, 0x01, 0x03, 0x01, 0x45, 0x09, 0x65, 0x01, 0x84, 0x01, 0x64,
  0x01, 0x44, 0x01, 0x43, 0x01, 0x84, 0x01, 0x64, 0x01, 0x03, 0x01, 0x23,
  0x01, 0x84, 0x01, 0x64, 0x01, 0xa5, 0x09, 0xe6, 0x01, 0x85, 0x01, 0x43,
  0x01, 0x64, 0x01, 0x64, 0x01, 0xc5, 0x01, 0xc5, 0x01, 0x64, 0x09, 0x64,
  0x01, 0x43, 0x01, 0x43, 0x01, 0x44, 0x01, 0x43, 0x01, 0x44, 0x01, 0x64,
  0x01, 0x44, 0x01, 0x23, 0x01, 0x04, 0x01, 0x24, 0x01, 0x44, 0x01, 0x24,
  0x01, 0x64, 0x09, 0x64, 0x01, 0x84, 0x01, 0x64, 0x01, 0x03, 0x01, 0x03,
  0x01, 0x02, 00, 0xe2, 0x01, 0x03, 0x01, 0x02, 0x01, 0x03, 0x01, 0x02,
  00, 0xc2, 00, 0xa2, 00, 0xc2, 00, 0xa2, 00, 0xc2, 00, 0xc2,
  00, 0xc2, 00, 0xa2, 00, 0xc2, 00, 0xa2, 00, 0x82, 00, 0xa2,
  00, 0x82, 00, 0x82, 00, 0x82, 00, 0x81, 00, 0x82, 00, 0xa2,
  00, 0x82, 00, 0x81, 00, 0x81, 00, 0xa2, 00, 0x82, 00, 0x82,
  00, 0x82, 00, 0xa2, 00, 0x82, 00, 0x81, 00, 0x82, 0x08, 0xa2,
  00, 0x82, 00, 0x81, 00, 0x81, 0x08, 0xc2, 00, 0x81, 00, 0x61,
  00, 0x82, 00, 0x61, 00, 0x41, 00, 0x61, 00, 0x82, 00, 0x81,
  00, 0x41, 00, 0x41, 00, 0x41, 00, 0x41, 00, 0x41, 00, 0x41,
  00, 0x41, 00, 0x41, 00, 0x41, 00, 0x41, 00, 0x41, 00, 0x41,
  00, 0x41, 00, 0x41, 00, 0x41, 00, 0x41, 00, 0x41, 00, 0x41,
  00, 0x41, 0x08, 0x41, 00, 0x41, 00, 0x40, 00, 0x41, 00, 0x41,
  00, 0x40, 00, 0x20, 00, 0x41, 00, 0x40, 00, 0x41, 00, 0x40,
  00, 0x41, 00, 0x41, 00, 0x41, 00, 0x40, 00, 0x41, 00, 0x41,
  00, 0x41, 00, 0x40, 00, 0x41, 00, 0x41, 00, 0x41, 00, 0x40,
  00, 0x41, 00, 0x41, 00, 0x41, 00, 0x41, 00, 0x41, 00, 0x41,
  00, 00, 00, 00, 00, 0x01, 00, 0x21, 00, 00, 00, 00,
  0x08, 0x40, 00, 00, 0x08, 0x40, 00, 0x20, 0x08, 0x40, 00, 00,
  0x08, 0x40, 00, 0x40, 0x08, 0x40, 00, 00, 0x08, 0x80, 00, 0x40,
  0x08, 0x40, 00, 00, 00, 0x40, 00, 0x41, 0x08, 0x80, 00, 0x60,
  00, 0x40, 00, 0x41, 0x08, 0x81, 00, 0x41, 0x08, 0x81, 00, 0x41,
  0x08, 0x61, 00, 0x61, 0x08, 0x81, 00, 0x81, 0x08, 0x81, 00, 0x81,
  0x08, 0xc1, 00, 0xa1, 0x10, 0xa1, 0x08, 0xa1, 0xac, 0x6d, 0x9c, 0x4d,
  0x18, 0xc2, 0x10, 0xc2, 0x08, 0xc1, 00, 0x81, 0x08, 0x81, 00, 0x41,
  0x08, 0x81, 00, 0x81, 0x08, 0xc1, 00, 0xa1, 00, 0x81, 00, 0x82,
  00, 0x81, 00, 0x82, 00, 0x81, 00, 0x82, 0x08, 0x81, 00, 0x41,
  0x08, 0x81, 00, 0x81, 0x08, 0x81, 00, 0x41, 0x08, 0x81, 00, 0x81,
  00, 0xc1, 00, 0xc2, 0x08, 0xc1, 00, 0xa1, 0x08, 0xc2, 00, 0xc2,
  0x08, 0xa2, 00, 0xa2, 0x01, 0x02, 0x01, 0x43, 0x09, 0x02, 00, 0xc2,
  0x09, 0x02, 00, 0xc2, 0x08, 0xc1, 00, 0xc2, 0x08, 0xa2, 00, 0xa2,
  0x09, 0x02, 00, 0xe2, 00, 0xc1, 00, 0xc2, 00, 0xc1, 00, 0xc2,
  00, 0xc2, 00, 0xc3, 0x09, 0x02, 00, 0xc2, 0x09, 0x02, 00, 0xe2,
  00, 0xc2, 00, 0xc3, 0x09, 0x23, 0x01, 0x23, 0x09, 0x02, 0x01, 0x02,
  0x09, 0x23, 0x01, 0x23, 0x09, 0x84, 0x01, 0x84, 0x01, 0x43, 0x01, 0x44,
  0x09, 0x43, 0x01, 0x44, 0x09, 0x84, 0x01, 0x85, 0x09, 0x83, 0x01, 0x63,
  0x09, 0x84, 0x01, 0x84, 0x0a, 0x05, 0x0a, 0x46, 0x09, 0x63, 0x01, 0x63,
  0x01, 0x84, 0x01, 0xc5, 0x11, 0xe6, 0x01, 0x64, 0x09, 0x84, 0x01, 0x85,
  0x09, 0x43, 0x01, 0x03, 0x01, 0x43, 0x01, 0x84, 0x09, 0xa4, 0x01, 0x63,
  0x09, 0x43, 0x01, 0x44, 0x09, 0x43, 0x01, 0x23, 0x09, 0x23, 00, 0xe2,
  0x01, 0x43, 0x01, 0x84, 0x09, 0x84, 0x01, 0x64, 0x09, 0x23, 00, 0xe2,
  0x01, 0x02, 0x01, 0x02, 0x09, 0x02, 00, 0xc2, 0x09, 0x02, 00, 0xe2,
  00, 0xc1, 00, 0xc2, 0x09, 0x02, 00, 0xe2, 0x08, 0xa2, 00, 0xa2,
  0x09, 0x02, 00, 0xc2, 0x08, 0xc1, 00, 0xa1, 0x08, 0xc2, 00, 0xa2,
  0x08, 0xc1, 00, 0xa1, 0x08, 0xc1, 00, 0xa1, 0x08, 0xc1, 00, 0xa1,
  0x08, 0xc1, 00, 0xa1, 0x08, 0xc1, 00, 0xa1, 0x08, 0xc1, 00, 0xa1,
  0x08, 0xc1, 00, 0xa1, 0x08, 0xc1, 00, 0xa1, 0x08, 0xc1, 00, 0xa1,
  0x08, 0xc1, 00, 0xa1, 00, 0x81, 00, 0x82, 0x08, 0x81, 00, 0x81,
  0x08, 0xa2, 00, 0x61, 0x08, 0x81, 00, 0x61, 0x08, 0x81, 00, 0x61,
  0x08, 0x61, 00, 0x61, 0x08, 0x61, 00, 0x41, 0x08, 0x61, 00, 0x41,
  0x08, 0x80, 00, 0x40, 0x08, 0x61, 00, 0x41, 00, 0x40, 00, 0x41,
  00, 0x40, 00, 0x40, 0x08, 0x40, 00, 0x20, 00, 0x40, 00, 0x40,
  0x08, 0x40, 00, 0x41, 00, 0x40, 00, 0x40, 0x08, 0x40, 00, 00,
  0x08, 0x40, 00, 00, 0x08, 0x40, 00, 0x20, 0x08, 0x40, 00, 00,
  0x08, 0x40, 00, 0x20, 0x08, 0x40, 00, 00, 0x08, 0x40, 00, 00,
  0x08, 0x41, 00, 0x41, 0x08, 0x40, 00, 0x40, 00, 0x40, 00, 0x40,
  0x08, 0x80, 00, 0x40, 0x08, 0x40, 00, 00, 0x08, 0x40, 00, 00,
  0x08, 0x40, 00, 00, 0x08, 0x40, 00, 0x20, 0x08, 0x40, 00, 00,
  00, 00, 00, 00, 00, 0x01, 00, 0x21, 00, 0x01, 00, 0x21,
  00, 0x41, 00, 0x40, 00, 0x41, 00, 0x40, 00, 0x41, 00, 0x41,
  00, 00, 0x10, 0x61, 0x08, 0x82, 00, 0x21, 00, 0x41, 00, 0x41,
  00, 0x41, 00, 0x61, 00, 0x41, 00, 0x41, 00, 0x41, 00, 0x61,
  00, 0x41, 00, 0x41, 00, 0x42, 00, 0x62, 00, 0x41, 00, 0x61,
  00, 0x81, 00, 0x81, 00, 0x81, 0x08, 0xc1, 0x5a, 0x88, 0x62, 0x87,
  0x08, 0xc2, 0x08, 0x81, 00, 0x82, 0x08, 0x81, 00, 0x81, 00, 0x61,
  00, 0x42, 00, 0x62, 00, 0x81, 00, 0x61, 00, 0x82, 00, 0x81,
  00, 0x81, 0x08, 0xc2, 00, 0x82, 00, 0x82, 00, 0x81, 00, 0x61,
  00, 0x82, 00, 0x81, 00, 0x82, 00, 0x82, 00, 0x82, 00, 0x81,
  00, 0x82, 00, 0xa2, 00, 0x82, 0x08, 0xa2, 00, 0xc2, 0x08, 0xe3,
  0x01, 0x03, 0x09, 0x03, 0x01, 0x03, 00, 0xe3, 00, 0xc3, 00, 0xe3,
  00, 0xc2, 00, 0xa2, 00, 0xc2, 00, 0xa2, 00, 0x82, 00, 0xa2,
  00, 0xc2, 00, 0xa2, 00, 0xc2, 00, 0xa2, 00, 0xc2, 00, 0xa2,
  00, 0xc3, 00, 0xe3, 00, 0xc3, 00, 0xe3, 00, 0xe2, 00, 0xe2,
  00, 0xc3, 00, 0xe3, 0x01, 0x03, 0x01, 0x23, 0x01, 0x03, 0x01, 0x23,
  0x01, 0x44, 0x01, 0x02, 0x01, 0x64, 0x01, 0x64, 0x01, 0x63, 0x09, 0x84,
  0x01, 0x64, 0x01, 0x64, 0x01, 0xc6, 0x01, 0x84, 0x01, 0x64, 0x01, 0x64,
  0x01, 0xc5, 0x01, 0xc5, 0x0a, 0x88, 0x02, 0x06, 0x01, 0x85, 0x01, 0x85,
  0x01, 0xa5, 0x0a, 0x26, 0x01, 0x85, 0x01, 0x43, 0x01, 0x44, 0x01, 0x64,
  0x01, 0x43, 0x01, 0x43, 0x01, 0x44, 0x01, 0x64, 0x01, 0x85, 0x01, 0x43,
  0x01, 0x23, 0x09, 0x64, 0x01, 0x44, 0x01, 0x03, 0x01, 0x03, 0x01, 0x02,
  0x01, 0x23, 0x09, 0x64, 0x01, 0x44, 0x01, 0x44, 0x01, 0x03, 0x01, 0x03,
  0x01, 0x03, 0x01, 0x23, 00, 0xe2, 00, 0xe2, 00, 0xc3, 00, 0xe3,
  00, 0xc2, 00, 0xa2, 00, 0xc2, 00, 0xa2, 00, 0x82, 00, 0xa2,
  00, 0xc2, 00, 0xa2, 00, 0xc2, 00, 0xa2, 00, 0x82, 00, 0x82,
  00, 0x82, 00, 0xa2, 00, 0x82, 00, 0xa2, 00, 0x82, 00, 0xa2,
  00, 0x82, 00, 0xa2, 00, 0x82, 00, 0x82, 00, 0x82, 00, 0x62,
  00, 0x82, 00, 0xa2, 00, 0x82, 00, 0x81, 00, 0x82, 00, 0x81,
  00, 0x81, 0x08, 0xc2, 00, 0x81, 0x08, 0xc2, 00, 0x82, 00, 0x61,
  00, 0x81, 00, 0x61, 00, 0x81, 0x08, 0x81, 00, 0x41, 00, 0x41,
  00, 0x41, 00, 0x61, 00, 0x41, 00, 0x41, 00, 0x41, 00, 0x41,
  00, 0x41, 00, 0x41, 00, 0x41, 00, 0x41, 00, 0x41, 00, 0x41,
  00, 0x41, 00, 0x21, 00, 0x41, 00, 0x41, 00, 0x41, 00, 0x41,
  00, 0x41, 00, 0x40, 00, 0x41, 00, 0x40, 00, 0x41, 00, 0x41,
  00, 0x01, 00, 0x21, 00, 0x41, 00, 0x40, 00, 0x41, 00, 0x40,
  00, 0x41, 00, 0x21, 00, 0x41, 00, 0x41, 00, 0x41, 00, 0x40,
  00, 0x41, 00, 0x41, 00, 0x41, 00, 0x40, 00, 0x41, 00, 0x41,
  00, 00, 00, 0x20, 00, 0x41, 00, 0x41, 00, 0x01, 00, 0x21,
  00, 00, 0x08, 0x21, 00, 00, 00, 00, 00, 00, 00, 00,
  0x08, 0x40, 00, 00, 0x08, 0x40, 00, 0x20, 0x08, 0x40, 00, 0x40,
  0x08, 0x40, 00, 0x20, 0x08, 0x40, 00, 0x40, 0x08, 0x40, 00, 0x20,
  0x08, 0x40, 00, 0x61, 0x10, 0x81, 00, 0x40, 0x08, 0x80, 00, 0x40,
  00, 0x40, 00, 0x40, 0x08, 0x61, 00, 0x41, 0x08, 0x61, 00, 0x41,
  0x08, 0x81, 00, 0x41, 0x08, 0x61, 00, 0x61, 0x08, 0x81, 00, 0x41,
  0x08, 0x81, 00, 0x61, 0x08, 0xc1, 00, 0xa1, 0x08, 0x81, 0x08, 0x81,
  0x08, 0xc1, 00, 0xa1, 0x08, 0x81, 00, 0x61, 0x08, 0x81, 00, 0x41,
  0x08, 0x81, 00, 0x61, 0x08, 0x81, 00, 0x41, 0x08, 0x60, 0x10, 0xe2,
  0x08, 0xc1, 00, 0xa1, 0x08, 0x81, 00, 0x81, 0x08, 0x81, 00, 0x81,
  0x08, 0x81, 00, 0x61, 0x08, 0xc1, 00, 0xa1, 0x08, 0xc1, 00, 0xa1,
  0x08, 0xc1, 00, 0xa1, 0x08, 0xc1, 00, 0xa1, 00, 0xc1, 00, 0xc2,
  0x09, 0x02, 00, 0xc2, 0x09, 0x02, 00, 0xc2, 00, 0xc2, 0x01, 0x03,
  0x09, 0x02, 00, 0xc2, 0x09, 0x02, 00, 0xe2, 0x08, 0xc1, 00, 0xc2,
  00, 0xc1, 00, 0xc2, 0x09, 0x02, 00, 0xc2, 00, 0xc1, 00, 0xc2,
  0x09, 0x02, 00, 0xe2, 0x09, 0x02, 00, 0xe2, 0x09, 0x03, 0x01, 0x03,
  0x09, 0x02, 00, 0xe2, 0x09, 0x02, 00, 0xe2, 0x09, 0x02, 00, 0xe2,
  0x09, 0x44, 0x01, 0x23, 0x09, 0x43, 0x01, 0x44, 0x09, 0x63, 0x01, 0x84,
  0x01, 0x64, 0x09, 0xc5, 0x09, 0xe5, 0x01, 0xa4, 0x09, 0x84, 0x01, 0x85,
  0x09, 0xe6, 0x01, 0xa5, 0x12, 0x06, 0x01, 0xc5, 0x11, 0xe6, 0x01, 0x43,
  0x01, 0xa4, 0x01, 0xc5, 0x09, 0x84, 0x01, 0x64, 0x01, 0x43, 0x01, 0x44,
  0x09, 0x83, 0x01, 0x63, 0x09, 0x84, 0x01, 0x84, 0x09, 0x64, 0x01, 0x23,
  0x01, 0x43, 0x01, 0x63, 0x09, 0x43, 0x01, 0x03, 0x01, 0x02, 0x01, 0x02,
  0x09, 0x43, 0x01, 0x44, 0x09, 0x43, 0x01, 0x23, 0x09, 0x44, 0x01, 0x23,
  0x09, 0x02, 00, 0xe2, 0x09, 0x02, 00, 0xe2, 00, 0xc1, 00, 0xc2,
  0x09, 0x02, 00, 0xc2, 0x08, 0xc1, 00, 0xa1, 0x08, 0xc2, 00, 0xa2,
  0x08, 0xa2, 00, 0xa2, 0x08, 0xc2, 00, 0xc2, 0x08, 0xc1, 00, 0xa1,
  0x08, 0xc2, 00, 0xa2, 0x08, 0xc1, 00, 0xa1, 0x08, 0xc2, 00, 0xa2,
  0x08, 0xc1, 00, 0xa1, 0x08, 0xc1, 00, 0xa1, 0x08, 0xc1, 00, 0xa1,
  0x08, 0xc2, 00, 0xa2, 0x08, 0xc1, 00, 0xa1, 0x08, 0xc1, 00, 0xa1,
  0x08, 0x81, 00, 0x81, 0x08, 0x81, 00, 0x81, 00, 0x81, 00, 0x82,
  0x08, 0x81, 00, 0x41, 0x08, 0x81, 00, 0x61, 0x08, 0x81, 00, 0x41,
  0x08, 0x61, 00, 0x41, 0x08, 0x81, 00, 0x41, 0x08, 0x40, 00, 0x40,
  0x08, 0x61, 00, 0x41, 0x08, 0x41, 00, 0x41, 0x08, 0x61, 00, 0x41,
  0x08, 0x81, 00, 0x40, 0x08, 0x80, 00, 0x40, 0x08, 0x40, 00, 0x20,
  0x10, 0x61, 00, 0x20, 0x08, 0x40, 00, 00, 0x08, 0x40, 00, 00,
  0x08, 0x40, 00, 0x20, 0x08, 0x40, 00, 00, 0x08, 0x40, 00, 0x20,
  0x08, 0x81, 00, 0x40, 0x08, 0x40, 00, 0x20, 0x08, 0x40, 00, 0x40,
  00, 0x40, 00, 0x40, 0x08, 0x80, 00, 0x40, 0x08, 0x40, 00, 00,
  0x21, 0x02, 0x10, 0xc2, 0x08, 0x20, 00, 0x20, 0x08, 0x40, 00, 00,
  0x08, 0x40, 00, 00, 0x08, 0x40, 00, 0x20, 0x08, 0x40, 00, 0x20,
  00, 0x41, 00, 0x41, 00, 0x41, 00, 0x40, 00, 0x41, 00, 0x40,
  00, 0x41, 00, 0x40, 00, 0x41, 00, 0x41, 00, 0x41, 00, 0x40,
  00, 0x41, 00, 0x41, 00, 0x41, 00, 0x40, 00, 0x41, 00, 0x41,
  00, 0x40, 00, 0x61, 00, 0x41, 00, 0x41, 00, 0x41, 00, 0x41,
  00, 0x81, 00, 0x81, 00, 0x41, 00, 0x61, 00, 0x41, 00, 0x61,
  00, 0x41, 00, 0x41, 00, 0x82, 00, 0x81, 00, 0x81, 0x08, 0x61,
  00, 0x81, 0x08, 0xc2, 00, 0x41, 00, 0x61, 00, 0x82, 00, 0x81,
  00, 0x81, 00, 0x61, 00, 0x82, 00, 0x81, 00, 0x82, 00, 0x61,
  00, 0x82, 00, 0x82, 00, 0x82, 00, 0x81, 00, 0x82, 00, 0x81,
  00, 0x81, 00, 0x61, 00, 0x82, 00, 0x81, 00, 0x81, 0x19, 0x03,
  0x09, 0x24, 00, 0xa2, 00, 0x82, 00, 0x82, 00, 0xc2, 0x08, 0xe3,
  00, 0xc2, 00, 0xa2, 0x01, 0x03, 0x01, 0x03, 00, 0xc2, 00, 0xa2,
  0x01, 0x03, 0x01, 0x03, 00, 0xc2, 0x08, 0xe3, 0x01, 0x03, 0x01, 0x03,
  00, 0xc2, 00, 0xa2, 0x01, 0x03, 0x01, 0x03, 00, 0xc3, 00, 0xe3,
  0x01, 0x03, 0x01, 0x03, 0x01, 0x03, 0x01, 0x03, 0x01, 0x03, 0x09, 0x24,
  0x01, 0x44, 0x01, 0x02, 0x01, 0x03, 0x01, 0x23, 0x01, 0x44, 0x01, 0x02,
  0x01, 0x04, 0x09, 0x44, 0x01, 0x44, 0x01, 0x43, 0x01, 0xa5, 0x01, 0x84,
  0x01, 0xa5, 0x09, 0xe6, 0x01, 0x64, 0x09, 0xa5, 0x01, 0x84, 0x1a, 0x06,
  0x02, 0x06, 0x0a, 0x06, 0x01, 0x64, 0x09, 0xa4, 0x02, 0x06, 0x01, 0xc5,
  0x01, 0xc6, 0x01, 0x64, 0x01, 0x84, 0x01, 0x64, 0x01, 0x84, 0x01, 0x64,
  0x01, 0x63, 0x09, 0x84, 0x01, 0xc5, 0x01, 0xa5, 0x01, 0x84, 0x01, 0x64,
  0x09, 0x85, 0x09, 0x44, 0x01, 0x03, 0x01, 0x03, 0x01, 0x03, 0x01, 0x23,
  0x01, 0x43, 0x01, 0x43, 0x01, 0x03, 0x01, 0x03, 0x01, 0x04, 0x09, 0x44,
  0x01, 0x03, 0x01, 0x03, 0x01, 0x02, 00, 0xe2, 00, 0xc3, 00, 0xe3,
  0x01, 0x03, 00, 0xc2, 00, 0x81, 00, 0xa2, 00, 0xc2, 00, 0xa2,
  00, 0x82, 00, 0x82, 00, 0xc2, 00, 0xc2, 00, 0x82, 00, 0x82,
  00, 0x82, 00, 0xa2, 00, 0x82, 00, 0x82, 00, 0x82, 00, 0xa2,
  00, 0x81, 00, 0xa2, 00, 0xc3, 00, 0x81, 00, 0xc2, 0x08, 0xc2,
  00, 0x82, 0x08, 0xa2, 00, 0x82, 00, 0x81, 00, 0x82, 00, 0x81,
  00, 0x82, 00, 0x81, 00, 0x82, 00, 0x81, 00, 0x81, 00, 0x61,
  00, 0x82, 00, 0x81, 00, 0x41, 00, 0x41, 00, 0x82, 00, 0x81,
  00, 0x41, 00, 0x41, 00, 0x41, 00, 0x41, 00, 0x41, 00, 0x41,
  00, 0x41, 00, 0x41, 00, 0x41, 00, 0x41, 00, 0x41, 00, 0x41,
  00, 0x41, 00, 0x40, 00, 0x41, 00, 0x41, 00, 0x41, 00, 0x41,
  00, 0x41, 00, 0x41, 00, 0x41, 00, 0x40, 00, 0x41, 00, 0x41,
  00, 0x41, 00, 0x41, 00, 0x41, 00, 0x41, 00, 0x01, 00, 0x21,
  00, 0x41, 00, 0x41, 00, 0x41, 00, 0x40, 00, 0x41, 00, 0x41,
  00, 0x41, 00, 0x40, 00, 0x41, 00, 0x41, 00, 0x41, 00, 0x41,
  0x08, 0x81, 0x10, 0x61, 00, 00, 00, 0x20, 00, 0x41, 00, 0x40,
  00, 00, 0x08, 0x21, 00, 0x01, 00, 0x21, 00, 00, 00, 00,
  0x08, 0x40, 00, 0x20, 0x08, 0x40, 00, 0x41, 0x08, 0x40, 00, 0x41,
  0x08, 0x40, 00, 00, 0x08, 0x40, 00, 0x20, 00, 0x40, 00, 0x40,
  0x08, 0x40, 00, 0x20, 0x08, 0x40, 00, 0x40, 0x08, 0x40, 00, 0x20,
  0x08, 0x41, 00, 0x41, 0x08, 0x61, 00, 0x61, 0x08, 0x61, 00, 0x61,
  0x08, 0x81, 00, 0x61, 0x08, 0x61, 00, 0x61, 0x08, 0x81, 00, 0x41,
  0x08, 0x61, 00, 0x61, 0x08, 0x81, 00, 0x41, 0x08, 0x81, 00, 0x81,
  0x08, 0x81, 00, 0x61, 0x08, 0x81, 00, 0x41, 0x08, 0x81, 00, 0x61,
  0x08, 0xa2, 00, 0x61, 0x08, 0x81, 00, 0x61, 0x08, 0xc1, 00, 0xa1,
  00, 0x81, 00, 0x82, 0x08, 0x81, 00, 0x81, 00, 0x81, 00, 0x82,
  0x08, 0xc1, 00, 0xa1, 00, 0x81, 00, 0x82, 0x08, 0x81, 00, 0x81,
  0x08, 0xc1, 00, 0xa1, 0x08, 0xc2, 00, 0xc2, 00, 0xc2, 00, 0xc3,
  0x08, 0xe3, 00, 0xa2, 00, 0xc2, 00, 0xc2, 0x09, 0x02, 00, 0xc2,
  0x09, 0x02, 00, 0xe2, 00, 0xc2, 00, 0xc3, 0x09, 0x42, 0x01, 0x02,
  0x09, 0x02, 00, 0xc2, 0x09, 0x03, 0x01, 0x03, 0x09, 0x03, 0x01, 0x03,
  0x09, 0x43, 0x01, 0x23, 0x09, 0x23, 0x01, 0x23, 0x09, 0x43, 0x01, 0x23,
  0x09, 0x43, 0x01, 0x23, 0x01, 0x02, 0x01, 0x43, 0x09, 0xa5, 0x01, 0x64,
  0x09, 0x43, 0x01, 0x44, 0x09, 0x84, 0x01, 0x85, 0x09, 0x64, 0x01, 0x23,
  0x09, 0x84, 0x01, 0xa5, 0x01, 0x84, 0x01, 0xc5, 0x12, 0x67, 0x01, 0xe5,
  0x09, 0x84, 0x01, 0x64, 0x09, 0x83, 0x01, 0x63, 0x01, 0xe4, 0x02, 0x05,
  0x09, 0x64, 0x01, 0x23, 0x01, 0x84, 0x01, 0xc5, 0x09, 0xc4, 0x01, 0xa4,
  0x09, 0x84, 0x01, 0x84, 0x11, 0xe6, 0x01, 0x64, 0x01, 0x43, 0x01, 0x44,
  0x11, 0x64, 00, 0xe2, 0x01, 0x02, 0x01, 0x03, 0x09, 0x43, 0x01, 0x23,
  0x09, 0x23, 0x01, 0x23, 0x09, 0x02, 00, 0xc2, 0x01, 0x02, 0x01, 0x03,
  0x09, 0x43, 0x01, 0x44, 0x09, 0x02, 00, 0xe2, 0x01, 0x02, 0x01, 0x02,
  0x09, 0x02, 00, 0xc2, 0x08, 0xc2, 00, 0xa2, 0x08, 0xc1, 00, 0xa1,
  0x08, 0xc1, 00, 0xa1, 0x08, 0xc2, 00, 0xa2, 0x08, 0xc1, 00, 0xa1,
  0x08, 0xc1, 00, 0xa1, 0x08, 0xc1, 00, 0xa1, 0x08, 0xc1, 00, 0xa1,
  0x39, 0xe5, 0x19, 0x02, 0x08, 0xc1, 00, 0xa1, 0x08, 0xc2, 00, 0xa2,
  0x08, 0xc1, 00, 0xa1, 0x08, 0xc2, 00, 0xa2, 00, 0x81, 00, 0x82,
  0x08, 0x81, 00, 0x81, 00, 0x81, 00, 0x82, 0x08, 0x81, 00, 0x41,
  0x08, 0x81, 00, 0x41, 0x10, 0xc2, 00, 0x81, 0x08, 0x81, 00, 0x61,
  0x08, 0x81, 00, 0x41, 0x08, 0x61, 00, 0x41, 0x08, 0x61, 00, 0x41,
  0x08, 0x61, 00, 0x61, 0x08, 0x80, 00, 0x40, 0x08, 0x61, 00, 0x20,
  0x08, 0x40, 00, 0x40, 0x08, 0x40, 00, 0x40, 0x08, 0x40, 00, 0x40,
  0x08, 0x40, 00, 0x20, 0x08, 0x40, 00, 0x20, 0x08, 0x40, 00, 00,
  0x08, 0x40, 00, 00, 0x08, 0x40, 00, 0x20, 0x08, 0x40, 00, 0x40,
  0x08, 0x40, 00, 0x40, 0x08, 0x61, 00, 0x41, 0x08, 0x80, 00, 0x40,
  0x08, 0x40, 00, 0x40, 00, 0x40, 00, 0x40, 0x08, 0x40, 00, 0x40,
  0x08, 0x40, 00, 0x20, 0x08, 0x40, 00, 00, 0x08, 0x40, 00, 0x20,
  0x08, 0x40, 00, 0x20, 0x08, 0x40, 00, 0x20, 0x08, 0x40, 00, 00,
  00, 0x01, 00, 0x21, 00, 00, 0x10, 0x61, 00, 0x42, 00, 0x21,
  00, 0x41, 00, 0x41, 00, 0x41, 00, 0x40, 00, 0x41, 00, 0x40,
  00, 0x41, 00, 0x41, 00, 0x41, 00, 0x41, 00, 0x41, 00, 0x41,
  00, 0x41, 00, 0x41, 00, 0x41, 00, 0x41, 00, 0x41, 00, 0x41,
  00, 0x81, 00, 0x81, 00, 0x41, 00, 0x61, 00, 0x81, 00, 0x61,
  00, 0x41, 00, 0x61, 00, 0x41, 00, 0x61, 00, 0x82, 0x08, 0x81,
  00, 0x81, 00, 0x61, 00, 0x41, 00, 0x61, 00, 0x42, 00, 0x62,
  00, 0x81, 00, 0x61, 00, 0x41, 00, 0x61, 00, 0x82, 00, 0x81,
  00, 0x82, 00, 0x81, 00, 0x82, 00, 0x81, 00, 0x81, 00, 0x61,
  00, 0x82, 00, 0x81, 00, 0x82, 00, 0x81, 00, 0x82, 00, 0x81,
  00, 0x81, 00, 0xa2, 00, 0xc2, 00, 0xa2, 00, 0xc2, 00, 0xa2,
  00, 0xc2, 00, 0xa2, 00, 0xc2, 0x08, 0xe2, 0x01, 0x03, 0x01, 0x03,
  0x01, 0x03, 0x01, 0x03, 00, 0xe3, 0x09, 0x03, 0x01, 0x03, 0x01, 0x02,
  00, 0xc2, 0x08, 0xe3, 00, 0xc3, 00, 0xe3, 0x01, 0x03, 0x01, 0x02,
  00, 0xc3, 00, 0xe3, 0x01, 0x23, 0x09, 0x23, 0x01, 0x03, 0x01, 0x03,
  0x01, 0x03, 0x01, 0x23, 0x01, 0x04, 0x01, 0x24, 0x01, 0x84, 0x09, 0xa5,
  0x01, 0x44, 0x01, 0x43, 0x01, 0x85, 0x01, 0x43, 0x01, 0x03, 0x01, 0x03,
  0x01, 0x03, 0x01, 0x23, 0x01, 0x63, 0x09, 0x84, 0x02, 0x06, 0x01, 0xc4,
  0x01, 0x84, 0x01, 0x43, 0x01, 0x44, 0x01, 0x64, 0x01, 0x64, 0x09, 0xa5,
  0x01, 0x85, 0x01, 0x43, 0x01, 0x64, 0x01, 0x64, 0x01, 0x85, 0x01, 0xa5,
  0x01, 0x85, 0x01, 0x43, 0x01, 0x44, 0x01, 0x43, 0x01, 0x44, 0x01, 0x64,
  0x01, 0x43, 00, 0xc2, 0x01, 0x03, 0x01, 0x23, 0x01, 0x44, 0x01, 0x02,
  0x01, 0x03, 0x01, 0x03, 0x01, 0x44, 0x01, 0x02, 0x01, 0x03, 0x01, 0x23,
  0x01, 0x03, 0x01, 0x03, 0x01, 0x03, 0x01, 0x03, 0x01, 0x03, 0x01, 0x02,
  0x11, 0x24, 0x08, 0xa2, 00, 0xc2, 00, 0xa2, 00, 0x82, 00, 0x82,
  00, 0x82, 0x08, 0xa2, 00, 0xc2, 00, 0xa2, 00, 0x82, 00, 0xa2,
  00, 0x82, 00, 0xa2, 00, 0x82, 00, 0x82, 00, 0x82, 00, 0xa2,
  0x11, 0x03, 0x08, 0xc2, 00, 0x82, 00, 0x81, 00, 0x82, 00, 0xa2,
  00, 0x82, 00, 0x82, 00, 0x82, 0x08, 0xa2, 00, 0x82, 00, 0x81,
  00, 0x82, 00, 0x82, 00, 0x82, 00, 0x81, 00, 0x81, 00, 0x61,
  00, 0x41, 00, 0x61, 00, 0x81, 00, 0x81, 00, 0x41, 00, 0x61,
  00, 0x41, 00, 0x61, 00, 0x41, 00, 0x41, 00, 0x41, 00, 0x41,
  00, 0x41, 00, 0x41, 00, 0x41, 00, 0x41, 00, 0x40, 0x18, 0xc2,
  00, 0x41, 00, 0x21, 00, 0x41, 00, 0x41, 00, 0x41, 00, 0x41,
  00, 0x41, 00, 0x41, 00, 0x41, 00, 0x41, 00, 0x01, 00, 0x21,
  00, 0x41, 00, 0x41, 00, 0x41, 00, 0x40, 00, 0x41, 00, 0x41,
  00, 0x41, 00, 0x41, 00, 0x41, 00, 0x41, 00, 0x41, 00, 0x41,
  00, 0x41, 00, 0x41, 00, 0x41, 00, 0x41, 00, 0x41, 00, 0x21,
  00, 0x41, 00, 0x41, 00, 0x01, 00, 0x21, 00, 0x41, 00, 0x40,
  00, 0x41, 00, 0x40, 00, 00, 00, 0x20, 00, 00, 00, 00,
  0x08, 0x40, 00, 00, 0x08, 0x40, 00, 0x20, 00, 0x40, 00, 0x40,
  0x08, 0x40, 00, 0x20, 0x08, 0x40, 00, 0x40, 0x08, 0x40, 00, 0x20,
  0x08, 0x41, 00, 0x41, 00, 0x40, 00, 0x40, 0x08, 0x61, 00, 0x41,
  00, 0x40, 00, 0x40, 0x08, 0x61, 00, 0x41, 0x08, 0x61, 00, 0x61,
  0x08, 0x81, 00, 0x81, 0x08, 0x80, 00, 0x40, 0x08, 0x81, 00, 0x41,
  0x08, 0x81, 00, 0x61, 0x08, 0x81, 00, 0x41, 0x08, 0x61, 00, 0x41,
  0x08, 0x81, 00, 0x41, 0x08, 0x81, 00, 0x61, 0x08, 0x81, 00, 0x41,
  0x08, 0x61, 00, 0x41, 0x08, 0x81, 00, 0x41, 0x08, 0x81, 00, 0x61,
  0x08, 0x81, 00, 0x81, 0x08, 0x81, 00, 0x41, 00, 0x81, 00, 0x82,
  00, 0x81, 00, 0x82, 0x08, 0xc1, 00, 0xa1, 0x08, 0xc1, 00, 0xa1,
  0x08, 0xc2, 00, 0xa2, 00, 0xc1, 00, 0xc2, 00, 0xc2, 00, 0xc3,
  00, 0xc1, 00, 0xc2, 0x08, 0xe3, 00, 0xa2, 0x09, 0x02, 00, 0xe2,
  0x09, 0x03, 0x01, 0x03, 0x09, 0x03, 0x01, 0x03, 0x09, 0x02, 00, 0xc2,
  0x09, 0x03, 0x01, 0x03, 0x09, 0x02, 00, 0xc2, 0x09, 0x02, 00, 0xe2,
  0x09, 0x02, 00, 0xc2, 0x09, 0x43, 0x01, 0x03, 0x09, 0x23, 00, 0xe2,
  0x01, 0x02, 0x01, 0x02, 0x01, 0x43, 0x01, 0x63, 0x09, 0x23, 0x01, 0x23,
  0x09, 0x84, 0x01, 0x84, 0x09, 0x43, 0x01, 0x03, 0x09, 0x44, 0x01, 0x23,
  0x09, 0x42, 0x01, 0x22, 0x09, 0x64, 0x01, 0x23, 0x09, 0x64, 0x01, 0x64,
  0x09, 0x83, 0x01, 0x63, 0x09, 0x83, 0x01, 0x63, 0x09, 0x84, 0x01, 0x84,
  0x09, 0xa4, 0x01, 0x63, 0x09, 0x84, 0x01, 0x64, 0x01, 0xc4, 0x02, 0x26,
  0x11, 0xe5, 0x01, 0x63, 0x09, 0x84, 0x01, 0x64, 0x01, 0x63, 0x01, 0x84,
  0x09, 0x64, 0x01, 0x23, 0x09, 0x44, 0x01, 0x23, 0x01, 0x02, 0x01, 0x02,
  0x09, 0x43, 0x01, 0x23, 0x09, 0x43, 0x01, 0x23, 0x09, 0x23, 00, 0xe2,
  0x09, 0x02, 00, 0xc2, 0x08, 0xe3, 00, 0xe3, 0x09, 0x43, 0x01, 0x03,
  0x09, 0x02, 00, 0xe2, 0x09, 0x02, 00, 0xe2, 0x08, 0xc1, 00, 0xa1,
  0x08, 0xa2, 00, 0xa2, 0x08, 0xc1, 00, 0xa1, 0x08, 0x81, 00, 0x81,
  0x08, 0xa2, 00, 0xa2, 0x08, 0xc1, 00, 0xa1, 0x08, 0xc2, 00, 0xa2,
  00, 0x81, 00, 0x82, 0x08, 0xc2, 00, 0xa2, 0x08, 0xc1, 00, 0xa1,
  0x08, 0xc1, 00, 0xa1, 0x08, 0xc1, 00, 0xa1, 0x08, 0xc1, 00, 0xa1,
  00, 0x81, 00, 0x82, 0x08, 0xc1, 00, 0xa1, 0x08, 0x81, 00, 0x61,
  0x08, 0x81, 00, 0x41, 0x08, 0x81, 00, 0x61, 0x08, 0x81, 00, 0x41,
  0x08, 0x81, 00, 0x61, 0x08, 0x61, 00, 0x41, 00, 0x40, 00, 0x40,
  0x08, 0x61, 00, 0x41, 00, 0x40, 00, 0x41, 0x08, 0x61, 00, 0x61,
  0x08, 0x40, 00, 00, 0x08, 0x40, 00, 0x40, 0x08, 0x40, 00, 00,
  0x08, 0x40, 00, 0x40, 0x08, 0x40, 00, 00, 0x08, 0x40, 00, 0x40,
  0x08, 0x40, 00, 00, 0x08, 0x40, 00, 0x40, 0x08, 0x40, 00, 0x20,
  0x08, 0x41, 00, 0x41, 00, 0x40, 00, 0x40, 0x08, 0x81, 00, 0x41,
  00, 0x40, 00, 0x40, 0x08, 0x40, 00, 0x40, 0x08, 0x40, 00, 0x20,
  0x08, 0x40, 00, 00, 0x08, 0x40, 00, 00, 0x08, 0x40, 00, 0x40,
  0x08, 0x40, 00, 0x20, 0x08, 0x40, 00, 0x20, 0x08, 0x40, 00, 0x20,
  00, 0x41, 00, 0x41, 00, 0x01, 00, 0x21, 00, 0x41, 00, 0x41,
  00, 0x01, 00, 0x21, 00, 0x41, 00, 0x41, 00, 0x41, 00, 0x40,
  00, 0x41, 00, 0x41, 00, 0x41, 00, 0x41, 00, 0x41, 00, 0x41,
  00, 0x41, 00, 0x41, 00, 0x41, 00, 0x41, 00, 0x41, 00, 0x41,
  00, 0x41, 00, 0x61, 00, 0x41, 00, 0x41, 00, 0x81, 00, 0x61,
  00, 0x42, 00, 0x62, 00, 0x81, 00, 0x61, 00, 0x41, 00, 0x61,
  00, 0x41, 00, 0x61, 00, 0x41, 00, 0x61, 00, 0x81, 00, 0x61,
  00, 0x41, 00, 0x61, 00, 0x41, 00, 0x61, 00, 0x41, 0x08, 0x62,
  00, 0x82, 00, 0x81, 00, 0x82, 00, 0x81, 00, 0x82, 00, 0x62,
  00, 0x82, 00, 0x81, 00, 0x82, 0x08, 0xa2, 00, 0x82, 00, 0x82,
  00, 0x82, 00, 0xa2, 00, 0xc2, 00, 0xa2, 00, 0xc2, 00, 0xa2,
  00, 0xc2, 00, 0xa2, 00, 0xc3, 00, 0xe3, 00, 0xc2, 00, 0xa2,
  00, 0xc3, 00, 0xc2, 0x01, 0x03, 0x01, 0x03, 00, 0xc3, 00, 0xc2,
  0x01, 0x03, 0x01, 0x03, 00, 0xc2, 00, 0xa2, 00, 0xc3, 00, 0xe3,
  0x01, 0x03, 0x01, 0x03, 00, 0xc2, 0x08, 0xe3, 0x01, 0x03, 0x01, 0x03,
  0x01, 0x03, 0x01, 0x03, 0x01, 0x03, 0x01, 0x23, 0x01, 0x03, 0x01, 0x03,
  0x01, 0x84, 0x01, 0x64, 0x01, 0x02, 00, 0xe2, 0x01, 0x03, 0x01, 0x23,
  0x01, 0x03, 0x01, 0x03, 0x01, 0x03, 0x01, 0x03, 0x01, 0x84, 0x01, 0x64,
  0x01, 0x63, 0x09, 0x84, 0x01, 0x44, 0x01, 0x43, 0x01, 0x64, 0x01, 0x64,
  0x01, 0x64, 0x01, 0x64, 0x01, 0x85, 0x01, 0xa5, 0x01, 0x44, 0x09, 0x84,
  0x01, 0x84, 0x01, 0x64, 0x01, 0x84, 0x01, 0x64, 0x01, 0x44, 0x01, 0x24,
  0x01, 0x64, 0x09, 0xe6, 0x01, 0x65, 0x01, 0x03, 0x01, 0x03, 0x01, 0x02,
  0x01, 0x03, 0x01, 0x03, 0x01, 0x43, 0x01, 0x43, 0x01, 0x04, 0x09, 0x44,
  0x09, 0x03, 00, 0xa2, 00, 0xc3, 00, 0xe3, 0x01, 0x03, 0x01, 0x03,
  0x01, 0x03, 0x01, 0x02, 00, 0xc2, 00, 0xa2, 00, 0xc2, 00, 0xc2,
  00, 0xc2, 00, 0xa2, 00, 0x82, 00, 0x82, 00, 0x81, 0x08, 0xc2,
  00, 0xc3, 00, 0x81, 00, 0x81, 00, 0xa2, 00, 0xc2, 00, 0xa2,
  00, 0x82, 00, 0x81, 00, 0x82, 00, 0xa2, 00, 0x82, 00, 0x81,
  00, 0x82, 00, 0x82, 00, 0x82, 00, 0x81, 00, 0x81, 0x10, 0xc2,
  00, 0x82, 00, 0x61, 00, 0x81, 00, 0x61, 00, 0x41, 00, 0x61,
  00, 0x81, 00, 0x61, 00, 0x81, 00, 0x61, 00, 0x82, 00, 0x81,
  00, 0x41, 00, 0x61, 00, 0x41, 00, 0x61, 00, 0x41, 00, 0x41,
  00, 0x41, 00, 0x41, 00, 0x41, 00, 0x41, 00, 0x41, 00, 0x41,
  00, 0x41, 00, 0x41, 00, 0x41, 00, 0x41, 00, 0x41, 00, 0x40,
  00, 0x41, 00, 0x41, 00, 0x41, 00, 0x41, 00, 0x41, 00, 0x41,
  00, 0x41, 00, 0x40, 00, 0x41, 00, 0x41, 00, 0x41, 00, 0x40,
  00, 0x41, 00, 0x41, 00, 0x41, 00, 0x40, 0x10, 0xc3, 0x08, 0x61,
  00, 0x41, 00, 0x40, 00, 0x41, 00, 0x41, 00, 0x41, 00, 0x40,
  00, 0x41, 00, 0x41, 00, 0x41, 00, 0x40, 00, 0x41, 00, 0x41,
  00, 0x41, 00, 0x40, 00, 0x41, 0x08, 0x21, 00, 00, 00, 00,
  0x08, 0x40, 00, 0x20, 0x08, 0x40, 00, 00, 0x08, 0x40, 00, 0x20,
  0x08, 0x40, 00, 00, 00, 0x40, 00, 0x40, 0x08, 0x40, 00, 0x40,
  0x08, 0x40, 00, 0x40, 0x08, 0x40, 00, 0x40, 0x08, 0x81, 00, 0x40,
  0x08, 0x61, 00, 0x61, 00, 0x40, 00, 0x40, 0x08, 0x61, 00, 0x61,
  0x08, 0x61, 00, 0x61, 0x08, 0x61, 00, 0x61, 0x08, 0x81, 00, 0x41,
  0x08, 0x81, 00, 0x81, 0x08, 0x81, 00, 0x41, 0x08, 0x61, 00, 0x41,
  0x08, 0x81, 00, 0x61, 00, 0x81, 00, 0x82, 0x08, 0x81, 00, 0x41,
  0x08, 0x81, 00, 0x41, 0x08, 0x61, 00, 0x61, 0x08, 0x81, 00, 0x61,
  0x08, 0x81, 00, 0x61, 0x08, 0xc1, 00, 0xa1, 0x08, 0x81, 00, 0x81,
  0x08, 0xc1, 00, 0xa1, 0x08, 0xc1, 00, 0xa1, 0x08, 0xc1, 00, 0xa1,
  0x08, 0xc1, 00, 0xa1, 0x08, 0xc1, 00, 0xa1, 0x08, 0xc2, 00, 0x82,
  00, 0xc1, 00, 0xc2, 0x09, 0x02, 00, 0xe2, 0x09, 0x02, 00, 0xc2,
  00, 0xc2, 00, 0xc3, 0x09, 0x02, 0x01, 0x02, 0x09, 0x02, 00, 0xc2,
  0x09, 0x03, 0x01, 0x03, 0x09, 0x02, 00, 0xc2, 0x09, 0x02, 00, 0xe2,
  0x09, 0x02, 00, 0xe2, 0x09, 0x02, 00, 0xc2, 0x09, 0x02, 00, 0xe2,
  0x09, 0x44, 0x01, 0x23, 0x01, 0x02, 0x01, 0x03, 0x09, 0x43, 0x01, 0x23,
  0x09, 0xa5, 0x01, 0x64, 0x01, 0x02, 0x01, 0x02, 0x01, 0x02, 0x01, 0x03,
  0x09, 0x23, 00, 0xe2, 0x01, 0x02, 0x01, 0x02, 0x09, 0x84, 0x01, 0x84,
  0x09, 0x83, 0x01, 0x63, 0x09, 0x84, 0x01, 0x64, 0x09, 0x83, 0x01, 0x63,
  0x09, 0x84, 0x01, 0x85, 0x09, 0xe5, 0x01, 0xa4, 0x09, 0x64, 0x01, 0x23,
  0x09, 0x23, 0x01, 0x23, 0x09, 0x43, 0x01, 0x44, 0x09, 0x64, 0x01, 0x23,
  0x01, 0x83, 0x01, 0x84, 0x09, 0x63, 0x01, 0x22, 0x09, 0x03, 0x01, 0x03,
  0x09, 0x43, 0x01, 0x23, 0x09, 0xa4, 0x01, 0x63, 0x01, 0x43, 0x01, 0x63,
  0x09, 0x02, 00, 0xe2, 0x09, 0x02, 00, 0xe2, 0x09, 0x02, 00, 0xe2,
  0x09, 0x02, 00, 0xe2, 0x08, 0xe2, 00, 0xe2, 0x08, 0xa2, 00, 0xa2,
  0x08, 0xa2, 00, 0xa2, 0x08, 0xc1, 00, 0xa1, 0x08, 0xc1, 00, 0xa1,
  0x08, 0xc1, 00, 0xa1, 0x08, 0xc1, 00, 0xa1, 0x08, 0xc1, 00, 0xa1,
  0x08, 0xc1, 00, 0xa1, 0x08, 0xc1, 00, 0xa1, 0x10, 0xc1, 00, 0x81,
  0x08, 0xc1, 00, 0xa1, 0x08, 0xc1, 00, 0xa1, 0x08, 0x81, 00, 0x81,
  0x08, 0xc1, 00, 0xa1, 0x08, 0x81, 00, 0x41, 0x08, 0x81, 00, 0x41,
  0x08, 0x81, 00, 0x61, 0x08, 0x81, 00, 0x41, 0x08, 0x81, 00, 0x81,
  0x08, 0x81, 00, 0x61, 0x08, 0x81, 00, 0x61, 0x08, 0x61, 00, 0x41,
  0x08, 0x61, 00, 0x61, 0x08, 0x61, 00, 0x41, 0x08, 0x61, 00, 0x41,
  0x08, 0x41, 00, 0x41, 0x08, 0x40, 00, 0x20, 00, 0x40, 00, 0x40,
  00, 0x40, 00, 0x40, 0x08, 0x61, 00, 0x41, 00, 0x40, 00, 0x40,
  0x08, 0x40, 00, 0x20, 0x08, 0x40, 00, 00, 00, 0x40, 00, 0x40,
  00, 0x40, 00, 0x40, 0x08, 0x40, 00, 0x40, 0x08, 0x40, 00, 0x40,
  0x08, 0x80, 00, 0x40, 0x08, 0x40, 00, 0x20, 0x10, 0x61, 00, 0x20,
  0x08, 0x40, 00, 0x40, 00, 0x40, 00, 0x40, 0x08, 0x40, 00, 0x20,
  0x08, 0x40, 00, 00, 0x10, 0x81, 00, 0x20, 0x08, 0x40, 00, 0x20,
  00, 0x01, 00, 0x21, 00, 0x41, 00, 0x40, 00, 0x01, 00, 0x21,
  00, 0x41, 00, 0x41, 00, 0x41, 00, 0x40, 00, 0x41, 00, 00,
  00, 0x41, 00, 0x40, 00, 0x41, 00, 0x41, 00, 0x41, 00, 0x41,
  00, 0x41, 00, 0x41, 00, 0x41, 00, 0x41, 00, 0x41, 0x08, 0x61,
  00, 0x41, 00, 0x41, 0x08, 0x81, 0x08, 0x61, 00, 0x41, 00, 0x41,
  00, 0x42, 00, 0x62, 00, 0x41, 00, 0x41, 00, 0x41, 00, 0x41,
  00, 0x41, 0x08, 0x61, 00, 0x81, 00, 0x61, 00, 0x41, 00, 0x41,
  00, 0x41, 0x08, 0x61, 00, 0x41, 00, 0x61, 00, 0x41, 00, 0x61,
  00, 0x42, 00, 0x62, 00, 0x82, 00, 0x61, 00, 0x82, 00, 0x81,
  00, 0x82, 00, 0xa2, 00, 0x82, 0x08, 0xa2, 00, 0x82, 00, 0xa2,
  00, 0xc2, 00, 0xa2, 00, 0xc2, 00, 0xa2, 00, 0xc2, 00, 0xa2,
  00, 0xc3, 00, 0xe3, 00, 0xc3, 00, 0xc2, 00, 0xc2, 00, 0xa2,
  00, 0xc2, 00, 0xa2, 00, 0xc3, 00, 0xe3, 0x01, 0x03, 0x01, 0x03,
  00, 0xc3, 00, 0xc2, 00, 0xc3, 00, 0xe3, 0x01, 0x03, 0x01, 0x02,
  0x01, 0x03, 0x01, 0x03, 0x01, 0x03, 00, 0xc2, 00, 0xc3, 00, 0xe3,
  0x01, 0x43, 0x01, 0x43, 0x01, 0x03, 0x01, 0x23, 0x01, 0x44, 0x01, 0x64,
  0x01, 0x44, 0x01, 0x03, 0x01, 0x02, 0x01, 0x23, 0x01, 0x03, 0x01, 0x03,
  0x01, 0x03, 0x01, 0x03, 0x01, 0x23, 0x09, 0x64, 0x01, 0xa4, 0x09, 0x84,
  0x01, 0x64, 0x01, 0x64, 0x01, 0x64, 0x01, 0x64, 0x01, 0x85, 0x09, 0x84,
  0x01, 0x64, 0x09, 0xa5, 0x01, 0x84, 0x01, 0x64, 0x01, 0x44, 0x01, 0x23,
  0x01, 0x04, 0x09, 0x44, 0x01, 0x44, 0x01, 0x43, 0x01, 0x44, 0x01, 0x23,
  0x01, 0x84, 0x01, 0x43, 0x01, 0x44, 0x01, 0x43, 0x01, 0x43, 0x01, 0x43,
  0x01, 0x44, 0x01, 0x24, 0x01, 0x44, 0x09, 0x64, 0x01, 0x64, 0x01, 0x44,
  0x01, 0x03, 0x01, 0x23, 00, 0xc2, 00, 0xa2, 00, 0xc3, 00, 0xc2,
  00, 0xc2, 00, 0xa2, 00, 0xc2, 00, 0xc2, 00, 0xc2, 00, 0xa2,
  00, 0xc2, 00, 0xa2, 00, 0x82, 00, 0x82, 00, 0x82, 00, 0x81,
  00, 0x82, 00, 0x82, 00, 0x82, 00, 0x82, 00, 0x82, 00, 0x81,
  00, 0x82, 00, 0x82, 00, 0x82, 00, 0x81, 00, 0x82, 0x08, 0x82,
  00, 0x82, 00, 0x81, 0x10, 0xc2, 0x18, 0xe2, 00, 0x81, 00, 0x61,
  00, 0xc2, 00, 0x81, 00, 0x81, 00, 0x61, 00, 0x82, 00, 0x81,
  00, 0x82, 00, 0x81, 00, 0x82, 00, 0x81, 00, 0x81, 00, 0x81,
  00, 0x82, 0x08, 0x81, 00, 0x41, 00, 0x61, 00, 0x41, 0x08, 0x61,
  00, 0x41, 0x08, 0x61, 00, 0x41, 00, 0x41, 00, 0x41, 00, 0x41,
  00, 0x41, 00, 0x41, 00, 0x41, 00, 0x41, 00, 0x41, 00, 0x41,
  00, 0x41, 00, 0x41, 00, 0x41, 00, 0x41, 00, 0x41, 00, 0x41,
  00, 0x41, 00, 0x41, 00, 0x41, 00, 0x41, 00, 0x41, 00, 0x41,
  00, 0x41, 00, 0x41, 00, 0x41, 00, 0x41, 00, 0x41, 00, 0x41,
  00, 0x41, 00, 0x41, 00, 0x41, 00, 0x41, 00, 0x41, 00, 0x41,
  00, 0x41, 00, 0x40, 00, 0x41, 00, 0x40, 00, 0x41, 00, 0x41,
  00, 0x41, 00, 0x40, 00, 0x01, 00, 0x21, 00, 00, 00, 0x20,
  0x08, 0x40, 00, 00, 0x08, 0x40, 00, 0x20, 0x08, 0x40, 00, 00,
  0x08, 0x40, 00, 0x20, 0x08, 0x41, 00, 0x41, 0x08, 0x40, 0x21, 0x24,
  0x18, 0xc2, 00, 00, 0x08, 0x40, 00, 00, 0x08, 0x40, 00, 0x40,
  00, 0x40, 00, 0x40, 0x08, 0x61, 00, 0x41, 0x08, 0x41, 00, 0x41,
  0x08, 0x81, 00, 0x41, 0x08, 0x81, 00, 0x41, 0x08, 0x61, 00, 0x61,
  0x08, 0x81, 00, 0x61, 0x08, 0x61, 00, 0x41, 0x08, 0x80, 00, 0x60,
  0x08, 0x61, 00, 0x41, 0x08, 0x61, 00, 0x41, 0x08, 0x81, 00, 0x41,
  0x08, 0x61, 00, 0x41, 0x08, 0x61, 00, 0x41, 0x08, 0x61, 00, 0x61,
  0x08, 0x81, 00, 0x61, 00, 0x81, 00, 0x82, 0x08, 0xc1, 00, 0xa1,
  00, 0x81, 00, 0x82, 0x08, 0xa2, 00, 0xa2, 0x08, 0xc2, 00, 0xc2,
  0x08, 0xc1, 00, 0xa1, 0x08, 0xc1, 00, 0xa1, 0x08, 0xc2, 00, 0xa2,
  00, 0xc1, 00, 0xc2, 00, 0xc2, 00, 0xc3, 0x09, 0x02, 00, 0xc2,
  0x09, 0x02, 00, 0xc2, 00, 0xc1, 00, 0xc2, 0x09, 0x02, 00, 0xc2,
  0x08, 0xc2, 00, 0xc2, 0x09, 0x03, 0x01, 0x03, 0x09, 0x02, 00, 0xe2,
  0x09, 0x03, 0x01, 0x03, 0x09, 0x02, 00, 0xe2, 0x09, 0x03, 0x01, 0x03,
  0x09, 0x43, 0x01, 0x03, 0x09, 0x02, 0x01, 0x03, 0x01, 0x43, 0x01, 0x63,
  0x11, 0x83, 0x01, 0x22, 0x09, 0x02, 00, 0xe2, 0x09, 0x42, 0x01, 0x02,
  0x11, 0x43, 0x01, 0x23, 0x01, 0x43, 0x01, 0x84, 0x09, 0x43, 0x01, 0x44,
  0x09, 0x84, 0x01, 0x84, 0x09, 0xc4, 0x01, 0xa4, 0x09, 0xa5, 0x01, 0x64,
  0x09, 0x84, 0x01, 0x84, 0x09, 0x84, 0x01, 0x84, 0x09, 0x83, 0x01, 0x63,
  0x09, 0x64, 0x01, 0x23, 0x09, 0x44, 0x01, 0x23, 0x01, 0xa3, 0x01, 0xc4,
  0x09, 0x43, 0x01, 0x03, 0x09, 0x44, 0x01, 0x23, 0x09, 0x02, 00, 0xe2,
  0x09, 0x43, 0x01, 0x44, 0x09, 0x83, 0x01, 0x63, 0x09, 0x44, 0x01, 0x23,
  0x09, 0x03, 0x01, 0x03, 0x09, 0x44, 0x01, 0x23, 00, 0xc1, 00, 0xc2,
  0x09, 0x02, 00, 0xc2, 0x08, 0xc2, 00, 0x82, 0x08, 0xc2, 00, 0xc2,
  0x08, 0xc1, 00, 0xa1, 0x08, 0xc2, 00, 0xa2, 0x08, 0xc1, 00, 0xa1,
  00, 0x81, 00, 0x82, 00, 0x81, 00, 0x82, 0x08, 0xc1, 00, 0xa1,
  0x08, 0xc1, 00, 0xa1, 0x08, 0xc1, 00, 0xa1, 0x08, 0xc1, 00, 0xa1,
  0x08, 0xa2, 00, 0x61, 0x41, 0xc4, 0x4a, 0x26, 00, 0x81, 00, 0x81,
  0x08, 0xc1, 00, 0xa1, 0x08, 0x81, 00, 0x81, 00, 0x81, 00, 0x82,
  0x08, 0xc1, 00, 0xa1, 0x08, 0x81, 00, 0x61, 0x08, 0x81, 00, 0x41,
  0x08, 0x81, 00, 0x41, 0x08, 0x81, 00, 0x41, 0x08, 0x61, 00, 0x61,
  0x08, 0x61, 00, 0x41, 00, 0x40, 00, 0x41, 0x08, 0x40, 00, 0x40,
  0x08, 0x40, 00, 0x20, 0x08, 0x40, 00, 0x40, 00, 0x40, 00, 0x40,
  0x08, 0x41, 00, 0x41, 0x08, 0x40, 00, 00, 0x08, 0x41, 00, 0x41,
  00, 0x40, 00, 0x40, 00, 0x40, 00, 0x40, 00, 0x40, 00, 0x40,
  0x08, 0x80, 00, 0x40, 0x08, 0x40, 00, 0x20, 0x08, 0x40, 00, 0x40,
  00, 0x40, 00, 0x40, 0x08, 0x40, 00, 0x40, 0x08, 0x40, 00, 0x20,
  0x08, 0x40, 00, 0x40, 0x08, 0x40, 00, 00, 00, 0x40, 00, 0x41,
  0x08, 0x40, 00, 00, 0x08, 0x40, 00, 00, 0x08, 0x40, 00, 0x20,
  00, 0x41, 00, 0x40, 00, 0x01, 00, 0x21, 00, 0x01, 00, 0x21,
  00, 0x41, 00, 0x40, 00, 0x41, 00, 0x40, 00, 00, 0x10, 0x62,
  00, 0x82, 00, 0x40, 00, 0x41, 00, 0x41, 00, 0x41, 00, 0x41,
  00, 0x41, 00, 0x40, 00, 0x41, 00, 0x41, 00, 0x41, 00, 0x41,
  00, 0x41, 00, 0x61, 00, 0x41, 00, 0x41, 00, 0x41, 00, 0x61,
  00, 0x41, 0x08, 0x61, 00, 0x41, 00, 0x41, 00, 0x41, 00, 0x41,
  00, 0x41, 00, 0x41, 00, 0x41, 00, 0x41, 00, 0x41, 00, 0x61,
  00, 0x41, 00, 0x41, 00, 0x41, 0x08, 0x61, 00, 0x41, 00, 0x61,
  00, 0x81, 00, 0x61, 00, 0x81, 00, 0x61, 00, 0x82, 00, 0x82,
  00, 0xc3, 00, 0x81, 00, 0x82, 00, 0xa2, 00, 0xc2, 00, 0xc2,
  00, 0xc2, 00, 0xa2, 00, 0x82, 00, 0xa2, 00, 0xc2, 00, 0xa2,
  00, 0xc2, 00, 0xa2, 00, 0xc2, 00, 0xa2, 00, 0xc2, 00, 0xa2,
  00, 0xc2, 0x08, 0xe3, 00, 0xc2, 00, 0xa2, 00, 0xc3, 00, 0xe3,
  00, 0xc2, 00, 0xa2, 00, 0xc2, 0x08, 0xe3, 0x01, 0x03, 0x01, 0x23,
  0x01, 0x44, 0x01, 0x44, 0x01, 0x03, 0x01, 0x23, 0x01, 0x44, 0x01, 0x23,
  0x01, 0x04, 0x01, 0x24, 0x09, 0x84, 0x09, 0x23, 0x01, 0x64, 0x01, 0x64,
  0x01, 0x03, 0x01, 0x03, 0x01, 0x03, 0x01, 0x03, 0x01, 0x03, 0x01, 0x03,
  00, 0xc3, 00, 0xe3, 0x01, 0x44, 0x01, 0x64, 0x01, 0x44, 0x01, 0x03,
  0x01, 0x24, 0x01, 0x24, 0x01, 0xc5, 0x09, 0xa5, 0x01, 0x85, 0x01, 0x84,
  0x09, 0xc6, 0x09, 0x84, 0x01, 0x44, 0x01, 0x44, 0x01, 0x84, 0x09, 0xa5,
  0x01, 0x85, 0x01, 0x43, 0x01, 0x44, 0x01, 0x44, 0x01, 0xa4, 0x09, 0xe5,
  0x01, 0x03, 0x01, 0x03, 0x01, 0x03, 0x01, 0x03, 0x01, 0x03, 0x01, 0x02,
  0x01, 0x03, 0x09, 0x43, 0x01, 0x44, 0x01, 0x02, 0x01, 0x03, 0x01, 0x03,
  0x01, 0x03, 0x01, 0x03, 0x01, 0x03, 0x01, 0x03, 00, 0xc3, 0x08, 0xe3,
  0x01, 0x03, 00, 0xc2, 00, 0x82, 00, 0xa2, 00, 0xc2, 00, 0xa2,
  00, 0x82, 00, 0x82, 00, 0xc2, 00, 0xa2, 00, 0x82, 00, 0x81,
  00, 0x82, 00, 0x81, 00, 0x81, 00, 0x61, 00, 0x82, 00, 0x81,
  00, 0x82, 00, 0x81, 00, 0x82, 00, 0x82, 00, 0x81, 00, 0xa2,
  00, 0xc2, 00, 0xa2, 00, 0x81, 00, 0x81, 00, 0xc2, 00, 0xa2,
  00, 0x81, 00, 0x61, 00, 0x82, 00, 0x81, 00, 0x82, 00, 0x81,
  00, 0x82, 00, 0x82, 00, 0x82, 0x08, 0x61, 00, 0x82, 00, 0x81,
  00, 0x41, 00, 0x61, 00, 0x81, 00, 0x81, 00, 0x41, 00, 0x41,
  00, 0x41, 00, 0x41, 00, 0x41, 00, 0x41, 00, 0x41, 00, 0x41,
  00, 0x41, 00, 0x40, 00, 0x41, 00, 0x41, 00, 0x41, 00, 0x41,
  00, 0x41, 00, 0x41, 00, 0x41, 00, 0x41, 00, 0x41, 0x08, 0x61,
  00, 0x41, 00, 0x41, 00, 0x41, 00, 0x41, 00, 0x41, 00, 0x41,
  00, 0x41, 00, 0x41, 00, 0x41, 00, 0x41, 00, 0x41, 00, 0x40,
  00, 0x01, 00, 0x21, 00, 0x41, 00, 0x41, 00, 0x41, 00, 0x41,
  00, 0x41, 00, 0x41, 00, 0x01, 00, 0x21, 00, 0x40, 0x08, 0x61,
  00, 0x40, 00, 0x20, 00, 0x41, 00, 0x40, 00, 00, 00, 00,
  0x08, 0x40, 00, 0x20, 0x08, 0x40, 00, 00, 0x08, 0x40, 00, 0x20,
  0x08, 0x40, 00, 0x20, 0x08, 0x40, 00, 00, 0x08, 0x40, 00, 00,
  0x08, 0x40, 00, 0x20, 0x08, 0x40, 00, 0x40, 0x08, 0x40, 00, 0x20,
  00, 0x40, 00, 0x40, 00, 0x40, 00, 0x40, 0x08, 0x41, 00, 0x41,
  0x08, 0x81, 00, 0x41, 0x08, 0x81, 00, 0x41, 0x08, 0x61, 00, 0x41,
  0x08, 0x61, 00, 0x61, 0x08, 0x80, 00, 0x40, 0x08, 0x61, 00, 0x41,
  00, 0x40, 00, 0x40, 00, 0x40, 00, 0x41, 0x08, 0x61, 00, 0x61,
  0x08, 0x61, 00, 0x41, 0x08, 0x61, 00, 0x61, 0x08, 0x81, 00, 0x41,
  00, 0x81, 00, 0x82, 0x08, 0x81, 00, 0x81, 0x08, 0xc1, 00, 0xa1,
  0x08, 0xc1, 00, 0xa1, 0x08, 0xc1, 00, 0xa1, 0x08, 0xa2, 00, 0xa2,
  0x08, 0xc1, 00, 0xa1, 0x08, 0xc2, 00, 0xa2, 0x08, 0xc2, 00, 0x82,
  0x08, 0xc1, 00, 0xa1, 0x08, 0xc2, 00, 0x81, 0x09, 0x02, 00, 0xe2,
  0x09, 0x02, 00, 0xc2, 0x09, 0x02, 00, 0xe2, 00, 0xc2, 00, 0xc3,
  0x01, 0x02, 0x01, 0x03, 0x09, 0x44, 0x01, 0x23, 0x09, 0x44, 0x01, 0x64,
  0x09, 0x44, 0x01, 0x23, 0x01, 0x44, 0x01, 0x44, 0x09, 0x84, 0x01, 0x64,
  0x09, 0x84, 0x01, 0x64, 0x09, 0x83, 0x01, 0x63, 0x09, 0x43, 0x01, 0x43,
  0x09, 0x43, 0x01, 0x23, 0x09, 0x02, 00, 0xc2, 00, 0xc1, 00, 0xc2,
  0x01, 0x02, 0x01, 0x03, 0x09, 0x64, 0x01, 0x23, 0x09, 0x02, 0x01, 0x02,
  0x01, 0x02, 0x01, 0x43, 0x09, 0x64, 0x01, 0x23, 0x09, 0xc4, 0x01, 0xa4,
  0x09, 0xa5, 0x01, 0x64, 0x09, 0x43, 0x01, 0x44, 0x09, 0x84, 0x01, 0x64,
  0x11, 0xa5, 0x01, 0x23, 0x09, 0x43, 0x01, 0x44, 0x09, 0xc4, 0x01, 0xa4,
  0x09, 0x64, 0x01, 0x23, 0x09, 0x02, 00, 0xc2, 0x01, 0x02, 0x01, 0x03,
  0x09, 0x22, 0x09, 0x64, 0x11, 0x44, 0x01, 0x03, 0x01, 0x02, 0x01, 0x03,
  0x01, 0x02, 0x01, 0x03, 0x09, 0x23, 00, 0xe2, 0x08, 0xc2, 00, 0xc2,
  0x09, 0x02, 00, 0xc2, 0x08, 0xc2, 00, 0xa2, 0x08, 0xc1, 00, 0xa1,
  0x08, 0xc1, 00, 0xc2, 0x08, 0xc2, 00, 0x81, 0x08, 0xc1, 00, 0xa1,
  00, 0x81, 00, 0x82, 0x08, 0x81, 00, 0x81, 00, 0x81, 00, 0x82,
  0x08, 0xc1, 00, 0xa1, 0x08, 0xc1, 00, 0xa1, 0x08, 0xc1, 00, 0xe2,
  0x08, 0xc1, 00, 0xa1, 0x08, 0xc1, 00, 0xa1, 00, 0x81, 00, 0x82,
  0x08, 0xc1, 00, 0xa1, 00, 0x81, 00, 0x82, 0x08, 0xc1, 00, 0xa1,
  00, 0x81, 00, 0x82, 0x08, 0x81, 00, 0x81, 0x08, 0x81, 00, 0x41,
  0x08, 0x81, 00, 0x41, 0x08, 0x81, 00, 0x61, 0x08, 0x81, 00, 0x61,
  0x08, 0x61, 00, 0x61, 0x08, 0x81, 00, 0x41, 0x08, 0x81, 00, 0x40,
  0x08, 0x40, 00, 0x20, 0x08, 0x41, 00, 0x41, 0x08, 0x80, 00, 0x40,
  0x08, 0x40, 00, 0x40, 0x08, 0x40, 00, 0x40, 0x08, 0x81, 00, 0x41,
  0x08, 0x80, 00, 0x40, 0x08, 0x80, 00, 0x60, 0x08, 0x80, 00, 0x40,
  0x08, 0x40, 00, 0x40, 0x08, 0x41, 00, 0x41, 0x08, 0x40, 00, 0x20,
  0x08, 0x40, 00, 0x20, 0x08, 0x40, 00, 0x20, 0x08, 0x40, 00, 0x40,
  0x08, 0x40, 00, 0x20, 0x08, 0x40, 00, 00, 0x08, 0x40, 00, 00,
  0x08, 0x40, 00, 0x20, 0x08, 0x40, 00, 0x20, 0x08, 0x40, 00, 00,
  00, 0x01, 00, 0x21, 00, 0x41, 00, 0x40, 00, 0x01, 00, 0x21,
  00, 0x01, 00, 0x21, 00, 0x41, 00, 0x40, 00, 0x41, 00, 0x41,
  00, 0x41, 00, 0x40, 00, 0x41, 00, 0x41, 00, 0x41, 00, 0x41,
  00, 0x41, 00, 0x41, 00, 0x41, 00, 0x41, 00, 0x41, 00, 0x41,
  00, 0x41, 00, 0x61, 00, 0x41, 0x08, 0x61, 00, 0x41, 00, 0x41,
  00, 0x41, 0x18, 0xc3, 0x19, 0x04, 00, 0x40, 00, 0x41, 00, 0x41,
  00, 0x41, 00, 0x41, 00, 0x41, 00, 0x41, 00, 0x41, 00, 0x41,
  00, 0x41, 00, 0x41, 00, 0x41, 00, 0x61, 00, 0x41, 00, 0x61,
  00, 0x82, 00, 0x81, 00, 0x82, 00, 0x81, 00, 0x82, 00, 0xa2,
  00, 0xc2, 0x19, 0x44, 00, 0xc2, 00, 0xa2, 00, 0x82, 00, 0xa2,
  00, 0x82, 00, 0xa2, 00, 0xc2, 00, 0xa2, 00, 0xc2, 00, 0xa2,
  00, 0x82, 00, 0xa2, 00, 0x82, 00, 0xa2, 00, 0xc3, 00, 0xc3,
  00, 0xc3, 00, 0xe3, 00, 0xc2, 00, 0xa2, 00, 0xc2, 00, 0xa2,
  00, 0xc2, 00, 0xa2, 0x01, 0x03, 00, 0xc2, 00, 0xc3, 00, 0xe3,
  0x11, 0x44, 0x19, 0x65, 0x01, 0x84, 0x01, 0x64, 0x01, 0x85, 0x01, 0x43,
  0x01, 0x03, 0x01, 0x23, 0x01, 0x43, 0x01, 0x43, 0x01, 0x04, 0x01, 0x24,
  0x01, 0x44, 0x01, 0x24, 0x01, 0x03, 0x01, 0x03, 00, 0xc3, 00, 0xe3,
  0x01, 0x03, 0x01, 0x03, 0x01, 0x44, 0x01, 0x02, 0x01, 0x03, 0x01, 0x02,
  0x01, 0x44, 0x01, 0x43, 0x01, 0x03, 0x01, 0x03, 0x01, 0x84, 0x01, 0x64,
  0x01, 0x84, 0x01, 0x64, 0x01, 0x64, 0x01, 0x64, 0x01, 0x85, 0x01, 0xa5,
  0x01, 0x44, 0x01, 0x24, 0x01, 0x84, 0x01, 0x64, 0x01, 0x24, 0x09, 0x44,
  0x19, 0xe6, 0x01, 0x02, 0x01, 0x44, 0x01, 0x02, 0x01, 0x03, 0x01, 0x03,
  0x01, 0x03, 0x01, 0x02, 0x01, 0x03, 0x01, 0x02, 0x01, 0x03, 0x01, 0x03,
  0x01, 0x03, 0x01, 0x03, 00, 0xc2, 00, 0xa2, 0x01, 0x03, 0x01, 0x02,
  0x01, 0x04, 00, 0xc3, 00, 0xc2, 00, 0xa2, 00, 0x81, 00, 0xa2,
  00, 0x81, 0x31, 0xc5, 0x19, 0x64, 00, 0x60, 00, 0x82, 00, 0x82,
  00, 0x82, 00, 0x82, 00, 0x81, 00, 0x61, 00, 0x82, 00, 0x81,
  00, 0x82, 00, 0xa2, 00, 0xc2, 00, 0xa2, 00, 0x82, 0x08, 0xa2,
  00, 0x82, 00, 0x82, 00, 0x82, 0x08, 0xa2, 00, 0x82, 00, 0x81,
  00, 0x82, 00, 0xa2, 00, 0x82, 00, 0x82, 00, 0x82, 00, 0x82,
  00, 0x82, 00, 0x81, 00, 0x82, 00, 0x82, 00, 0x82, 00, 0x81,
  00, 0x81, 00, 0x61, 00, 0x41, 00, 0x61, 00, 0x81, 00, 0x61,
  00, 0x41, 00, 0x41, 00, 0x41, 00, 0x41, 00, 0x41, 00, 0x41,
  00, 0x41, 00, 0x41, 00, 0x41, 00, 0x41, 00, 0x41, 00, 0x41,
  00, 0x41, 00, 0x40, 00, 0x41, 00, 0x41, 00, 0x41, 00, 0x41,
  00, 0x41, 00, 0x41, 00, 0x41, 00, 0x41, 00, 0x41, 00, 0x41,
  00, 0x41, 00, 0x41, 00, 0x41, 00, 0x41, 00, 0x41, 00, 0x41,
  00, 0x41, 00, 0x40, 00, 0x41, 00, 0x41, 00, 0x41, 00, 0x41,
  00, 0x41, 00, 0x40, 00, 0x41, 00, 0x41, 00, 0x41, 00, 0x41,
  00, 0x41, 00, 0x41, 00, 0x41, 00, 0x41, 00, 0x01, 00, 0x21,
  0x08, 0x40, 00, 00, 0x08, 0x20, 00, 00, 0x08, 0x40, 00, 00,
  0x08, 0x40, 00, 0x20, 0x08, 0x40, 00, 00, 0x08, 0x40, 00, 0x20,
  0x08, 0x40, 00, 0x40, 0x08, 0x40, 00, 0x20, 0x08, 0x41, 00, 0x41,
  00, 0x40, 00, 0x40, 0x08, 0x41, 00, 0x41, 00, 0x40, 00, 0x40,
  0x08, 0x61, 00, 0x41, 00, 0x40, 00, 0x41, 0x08, 0x81, 00, 0x41,
  00, 0x40, 00, 0x40, 0x08, 0x61, 00, 0x41, 0x08, 0x61, 00, 0x61,
  0x08, 0x61, 00, 0x41, 00, 0x40, 00, 0x40, 0x08, 0x61, 00, 0x61,
  0x08, 0x61, 00, 0x41, 0x08, 0x61, 00, 0x41, 0x08, 0x61, 00, 0x61,
  0x08, 0x81, 00, 0x81, 0x08, 0xc1, 00, 0xa1, 0x08, 0xc2, 00, 0xc2,
  00, 0xc2, 00, 0xc2, 0x09, 0x02, 00, 0xc2, 0x08, 0xc1, 00, 0xa1,
  0x08, 0xc1, 00, 0xa1, 0x08, 0xa2, 00, 0xa2, 0x08, 0xe3, 00, 0xa2,
  0x08, 0xa2, 00, 0xa2, 0x11, 0x03, 00, 0x81, 0x08, 0xc1, 00, 0xa1,
  00, 0xc1, 00, 0xc2, 00, 0xc1, 00, 0xc2, 0x09, 0x02, 00, 0xc2,
  00, 0xc1, 00, 0xc2, 0x08, 0xa2, 00, 0xa2, 00, 0xc1, 00, 0xc2,
  0x09, 0x03, 0x01, 0x03, 0x09, 0xa4, 0x01, 0x63, 0x09, 0x02, 00, 0xc2,
  0x01, 0x02, 0x01, 0x02, 0x09, 0x44, 0x01, 0x23, 0x09, 0x43, 0x01, 0x23,
  0x09, 0x44, 0x01, 0x23, 0x09, 0x23, 00, 0xe2, 0x09, 0x03, 0x01, 0x03,
  0x01, 0x02, 0x01, 0x02, 0x09, 0x02, 00, 0xc2, 0x09, 0x02, 00, 0xe2,
  0x09, 0x43, 0x01, 0x03, 0x09, 0x02, 00, 0xe2, 0x09, 0x84, 0x01, 0x84,
  0x09, 0x84, 0x01, 0x64, 0x09, 0x84, 0x01, 0x64, 0x01, 0x43, 0x01, 0x44,
  0x01, 0x63, 0x01, 0x84, 0x0a, 0x05, 0x01, 0xe5, 0x09, 0x64, 0x01, 0x23,
  0x09, 0x43, 0x01, 0x23, 0x09, 0x44, 0x01, 0x23, 0x09, 0x23, 00, 0xe2,
  0x01, 0x02, 0x01, 0x02, 0x08, 0xe2, 00, 0xc2, 0x09, 0x23, 00, 0xe2,
  0x09, 0x02, 00, 0xc2, 0x11, 0x03, 00, 0xc2, 0x09, 0x02, 00, 0xc2,
  0x09, 0x02, 00, 0xe2, 0x08, 0xe3, 00, 0xa2, 0x08, 0xc1, 00, 0xa1,
  0x08, 0xc1, 00, 0xa1, 0x08, 0xc1, 00, 0xa1, 00, 0x81, 00, 0x82,
  0x08, 0xc1, 00, 0xa1, 0x10, 0xc1, 00, 0x81, 0x08, 0xc2, 00, 0xa2,
  0x08, 0xc2, 00, 0xa2, 0x08, 0xc1, 00, 0xa1, 0x08, 0xc1, 00, 0xa1,
  0x08, 0xc2, 00, 0xa2, 0x08, 0xc1, 00, 0xa1, 0x08, 0xc1, 00, 0xa1,
  0x08, 0xc1, 00, 0xa1, 0x08, 0xc1, 00, 0xa1, 0x08, 0x81, 00, 0x81,
  0x08, 0xc1, 00, 0xa1, 00, 0x81, 00, 0x82, 0x08, 0x81, 00, 0x81,
  0x08, 0x81, 00, 0x61, 0x08, 0x81, 00, 0x81, 0x08, 0x81, 00, 0x61,
  0x08, 0x81, 00, 0x41, 00, 0x40, 00, 0x40, 0x08, 0x81, 00, 0x41,
  00, 0x40, 00, 0x40, 00, 0x40, 00, 0x41, 0x18, 0xc2, 00, 0x20,
  0x08, 0x40, 00, 0x40, 00, 0x40, 00, 0x40, 0x08, 0x61, 00, 0x41,
  00, 0x40, 00, 0x40, 0x10, 0x60, 0x10, 0xa1, 0x18, 0xc1, 00, 0x40,
  0x08, 0x61, 00, 0x41, 00, 0x40, 00, 0x40, 0x08, 0x40, 00, 0x40,
  0x08, 0x40, 00, 0x20, 0x08, 0x41, 00, 0x41, 0x08, 0x40, 00, 0x20,
  0x08, 0x40, 00, 0x40, 0x08, 0x40, 00, 0x20, 0x08, 0x40, 00, 00,
  0x08, 0x40, 00, 0x20, 0x08, 0x40, 00, 0x20, 0x08, 0x40, 00, 0x20,
  00, 00, 00, 0x20, 00, 0x01, 00, 0x21, 00, 0x01, 00, 0x21,
  00, 0x01, 00, 0x21, 00, 0x41, 00, 0x40, 00, 0x01, 00, 0x21,
  00, 0x41, 00, 0x41, 00, 0x41, 00, 0x41, 00, 0x41, 00, 0x41,
  00, 0x41, 00, 0x41, 00, 0x41, 00, 0x41, 00, 0x41, 00, 0x41,
  00, 0x41, 00, 0x41, 00, 0x41, 00, 0x41, 00, 0x41, 00, 0x61,
  00, 0x41, 00, 0x61, 00, 0x81, 00, 0x61, 00, 0x41, 00, 0x41,
  00, 0x41, 00, 0x61, 00, 0x41, 00, 0x41, 00, 0x41, 00, 0x41,
  00, 0x41, 00, 0x41, 00, 0x41, 0x08, 0x61, 00, 0x81, 00, 0x61,
  00, 0x82, 00, 0x81, 00, 0xc3, 00, 0xc2, 00, 0xc3, 00, 0xc2,
  00, 0xc2, 00, 0xa2, 00, 0xc2, 00, 0xc2, 00, 0xc2, 00, 0xa2,
  00, 0xc2, 00, 0xa2, 00, 0x82, 00, 0xa2, 00, 0xc3, 00, 0xc2,
  00, 0xc2, 00, 0xa2, 00, 0xc2, 00, 0xa2, 00, 0x82, 00, 0x81,
  00, 0x82, 00, 0xa2, 00, 0xc2, 00, 0xa2, 00, 0xc2, 00, 0xa2,
  00, 0xc2, 00, 0xa2, 00, 0xc2, 00, 0xa2, 00, 0xc2, 00, 0xa2,
  0x01, 0x03, 0x01, 0x03, 0x01, 0x03, 0x01, 0x03, 0x01, 0x03, 0x01, 0x03,
  0x01, 0x03, 0x01, 0x03, 0x01, 0x03, 0x01, 0x03, 0x01, 0x03, 0x01, 0x02,
  0x01, 0x04, 0x01, 0x24, 0x01, 0x03, 0x01, 0x02, 0x01, 0x03, 0x09, 0x23,
  0x01, 0x44, 0x01, 0x02, 0x01, 0x03, 0x01, 0x03, 0x01, 0x03, 0x01, 0x02,
  0x01, 0x03, 0x01, 0x03, 0x01, 0x03, 0x01, 0x03, 0x01, 0x44, 0x01, 0x44,
  0x01, 0x04, 0x01, 0x24, 0x09, 0x85, 0x09, 0x43, 0x01, 0x03, 0x01, 0x03,
  0x01, 0x44, 0x01, 0x44, 0x01, 0x85, 0x01, 0x43, 0x01, 0x64, 0x01, 0x64,
  0x01, 0x44, 0x01, 0x44, 0x01, 0x44, 0x01, 0x23, 0x01, 0x03, 0x01, 0x03,
  0x01, 0x03, 0x09, 0x03, 0x01, 0x03, 0x09, 0x03, 0x01, 0x03, 0x01, 0x02,
  00, 0xc2, 00, 0xa2, 00, 0xc2, 00, 0xa2, 00, 0xc2, 00, 0xa2,
  00, 0xc2, 00, 0xa2, 00, 0x82, 00, 0xa2, 00, 0x82, 00, 0x82,
  00, 0x81, 00, 0xa2, 00, 0x82, 00, 0xa2, 00, 0x82, 00, 0x82,
  00, 0x82, 00, 0x82, 00, 0x81, 00, 0x61, 00, 0x82, 00, 0xa2,
  00, 0xc2, 00, 0xa2, 00, 0xc3, 00, 0x81, 00, 0x82, 00, 0x82,
  00, 0xc2, 00, 0xa2, 00, 0x82, 00, 0xa2, 00, 0x82, 00, 0xa2,
  00, 0xc3, 00, 0x81, 00, 0x82, 0x08, 0x62, 00, 0x81, 00, 0x61,
  00, 0x82, 00, 0x61, 00, 0x82, 00, 0x81, 00, 0x82, 00, 0x81,
  00, 0x82, 00, 0x81, 00, 0x82, 00, 0x81, 00, 0x81, 00, 0x61,
  00, 0x41, 00, 0x41, 00, 0x41, 00, 0x41, 00, 0x41, 0x08, 0x61,
  00, 0x41, 00, 0x41, 00, 0x41, 00, 0x41, 00, 0x41, 00, 0x40,
  00, 0x41, 00, 0x41, 00, 0x41, 00, 0x40, 00, 0x41, 00, 0x41,
  00, 0x41, 0x08, 0x61, 00, 0x20, 0x52, 0x68, 0x39, 0xe6, 0x08, 0x20,
  00, 0x41, 00, 0x41, 00, 0x41, 00, 0x41, 00, 0x41, 0x08, 0x21,
  00, 0x41, 00, 0x41, 00, 0x41, 00, 0x41, 00, 0x41, 00, 0x41,
  00, 0x41, 00, 0x41, 00, 0x41, 00, 0x41, 00, 0x41, 00, 0x40,
  00, 00, 00, 00, 00, 0x41, 0x08, 0x40, 00, 00, 00, 00,
  0x08, 0x40, 00, 00, 0x08, 0x40, 00, 00, 0x08, 0x40, 00, 00,
  0x08, 0x40, 00, 00, 0x08, 0x40, 00, 0x20, 0x08, 0x40, 00, 0x40,
  0x08, 0x40, 00, 0x40, 0x08, 0x40, 00, 00, 0x08, 0x40, 00, 00,
  00, 0x40, 00, 0x41, 0x08, 0x80, 00, 0x40, 0x08, 0x61, 00, 0x61,
  0x08, 0x61, 00, 0x61, 0x08, 0x61, 00, 0x61, 0x08, 0x61, 00, 0x61,
  0x08, 0x81, 00, 0x61, 0x08, 0x81, 00, 0x41, 0x08, 0x81, 00, 0x41,
  0x08, 0x61, 00, 0x41, 0x08, 0x80, 00, 0x60, 0x08, 0x61, 00, 0x61,
  0x08, 0x61, 00, 0x41, 0x08, 0x61, 00, 0x61, 00, 0x81, 00, 0x81,
  00, 0x81, 00, 0x82, 0x08, 0xa2, 00, 0x82, 00, 0xc1, 00, 0xc2,
  0x08, 0xc2, 00, 0xa2, 0x08, 0xc1, 00, 0xa1, 0x08, 0xa2, 00, 0xa2,
  0x08, 0xc1, 00, 0xa1, 0x08, 0xc1, 0x11, 0x23, 0x09, 0x02, 00, 0xc2,
  0x09, 0x02, 00, 0xc2, 0x08, 0xc1, 00, 0xa1, 0x08, 0xc1, 00, 0xa1,
  0x08, 0xc1, 00, 0xa1, 0x08, 0xc1, 00, 0xa1, 0x08, 0xc1, 00, 0xa1,
  00, 0xc1, 00, 0xc2, 0x09, 0x02, 00, 0xc2, 0x09, 0x02, 00, 0xe2,
  0x09, 0x02, 00, 0xe2, 0x09, 0x02, 00, 0xe2, 0x01, 0x02, 0x01, 0x02,
  0x09, 0x23, 00, 0xe2, 0x01, 0x02, 0x01, 0x03, 0x09, 0x23, 00, 0xe2,
  0x09, 0x02, 0x01, 0x02, 0x09, 0x42, 0x01, 0x02, 0x01, 0x02, 0x01, 0x02,
  0x11, 0x43, 00, 0xe2, 0x09, 0x02, 00, 0xe2, 0x09, 0x23, 00, 0xe2,
  0x01, 0x02, 0x01, 0x03, 0x09, 0x43, 0x01, 0x03, 0x01, 0x02, 0x01, 0x03,
  0x09, 0x43, 0x01, 0x44, 0x09, 0x44, 0x01, 0x23, 0x09, 0x43, 0x01, 0x23,
  0x09, 0x43, 0x01, 0x23, 0x11, 0x84, 0x01, 0x03, 0x09, 0x83, 0x01, 0x63,
  0x09, 0x84, 0x01, 0x64, 0x09, 0x43, 0x01, 0x23, 0x09, 0x23, 0x01, 0x23,
  0x09, 0x02, 00, 0xc2, 0x09, 0x02, 00, 0xc2, 0x09, 0x02, 00, 0xe2,
  0x08, 0xc1, 00, 0xc2, 00, 0xc2, 00, 0xc3, 0x09, 0x02, 00, 0xc2,
  0x09, 0x02, 00, 0xe2, 0x08, 0xc1, 00, 0xa1, 0x08, 0xc1, 00, 0xa1,
  0x08, 0xc1, 00, 0xa1, 0x08, 0xc1, 00, 0xa1, 0x08, 0xc1, 00, 0xa1,
  0x08, 0xc1, 00, 0xa1, 0x08, 0xc1, 00, 0xa1, 00, 0xc1, 00, 0xc2,
  00, 0xc1, 0x01, 0x02, 0x08, 0xc2, 00, 0x82, 0x08, 0xa2, 00, 0xa2,
  0x08, 0xa2, 00, 0xa2, 0x08, 0xc2, 00, 0xc2, 0x08, 0xa2, 00, 0x82,
  0x08, 0xc1, 00, 0xa1, 00, 0x81, 00, 0x82, 0x08, 0xc1, 00, 0xa1,
  0x08, 0xc1, 00, 0xa1, 0x08, 0xa2, 00, 0x61, 00, 0x81, 00, 0x82,
  0x08, 0x81, 00, 0x81, 0x08, 0xc1, 00, 0xa1, 0x08, 0x81, 00, 0x61,
  0x08, 0x61, 00, 0x61, 0x08, 0x61, 00, 0x41, 0x08, 0x80, 00, 0x81,
  0x08, 0x81, 00, 0x41, 00, 0x40, 00, 0x40, 0x08, 0x80, 00, 0x40,
  00, 0x40, 00, 0x40, 0x08, 0x41, 00, 0x41, 00, 0x40, 00, 0x41,
  0x08, 0x61, 00, 0x41, 0x08, 0x61, 00, 0x61, 0x10, 0x80, 00, 0x40,
  00, 0x40, 00, 0x40, 0x08, 0x40, 00, 0x40, 00, 0x40, 00, 0x40,
  00, 0x40, 00, 0x41, 00, 0x40, 00, 0x40, 0x08, 0x40, 00, 00,
  0x08, 0x40, 00, 00, 0x08, 0x40, 00, 00, 0x08, 0x40, 00, 0x20,
  0x08, 0x40, 00, 00, 0x10, 0x61, 00, 0x20, 0x08, 0x40, 00, 0x20,
  00, 00, 00, 00, 00, 00, 0x08, 0x21, 00, 0x01, 00, 0x21,
  00, 0x41, 00, 0x41, 00, 0x01, 00, 0x21, 00, 0x41, 00, 0x40,
  00, 0x41, 00, 0x41, 00, 0x41, 00, 0x41, 00, 0x41, 0x08, 0x81,
  0x10, 0xc3, 00, 0x40, 00, 0x41, 00, 0x41, 00, 0x41, 00, 0x41,
  00, 0x41, 00, 0x41, 00, 0x41, 00, 0x41, 00, 0x41, 00, 0x41,
  00, 0x41, 00, 0x61, 00, 0x41, 00, 0x61, 00, 0x41, 0x08, 0x61,
  00, 0x41, 00, 0x61, 00, 0x41, 00, 0x41, 00, 0x41, 00, 0x61,
  00, 0x41, 00, 0x61, 00, 0x41, 00, 0x61, 00, 0x42, 00, 0x62,
  00, 0x82, 00, 0x81, 00, 0xc3, 00, 0x81, 00, 0x81, 00, 0xa2,
  00, 0xc2, 00, 0xa2, 00, 0xc3, 00, 0x81, 00, 0x82, 0x08, 0xa2,
  00, 0xc2, 00, 0xa2, 00, 0xc2, 0x08, 0xe3, 00, 0xc3, 00, 0xc2,
  00, 0xc2, 00, 0xa2, 00, 0xc2, 00, 0xa2, 00, 0xc2, 00, 0xa2,
  00, 0xc2, 00, 0xa2, 00, 0x82, 00, 0xa2, 00, 0x82, 00, 0xa2,
  00, 0xc2, 0x08, 0xe3, 00, 0xc2, 00, 0xa2, 00, 0xc2, 00, 0xa2,
  00, 0xc2, 00, 0xa2, 00, 0xe2, 00, 0xe2, 0x01, 0x03, 0x01, 0x03,
  0x01, 0x03, 0x01, 0x02, 00, 0xc2, 0x08, 0xe3, 0x01, 0x43, 0x01, 0x43,
  0x01, 0x44, 0x01, 0x03, 0x01, 0x03, 0x01, 0x03, 00, 0xc2, 00, 0xa2,
  0x01, 0x03, 0x01, 0x02, 00, 0xc3, 00, 0xe3, 0x01, 0x44, 0x01, 0x02,
  0x01, 0x03, 0x01, 0x02, 0x01, 0x03, 0x01, 0x03, 0x01, 0x03, 0x01, 0x02,
  0x01, 0x03, 0x01, 0x23, 0x01, 0x03, 0x01, 0x23, 0x01, 0x63, 0x09, 0x84,
  0x01, 0x44, 0x01, 0x02, 0x01, 0x03, 0x01, 0x23, 0x01, 0x44, 0x01, 0x64,
  0x01, 0x84, 0x01, 0x64, 0x01, 0x44, 0x01, 0x02, 0x01, 0x44, 0x09, 0x43,
  0x01, 0x03, 0x01, 0x03, 0x01, 0x03, 0x01, 0x02, 0x01, 0x03, 00, 0xc2,
  00, 0xc2, 00, 0xc2, 00, 0xc2, 00, 0xa2, 00, 0xc2, 0x08, 0xe3,
  00, 0xc2, 00, 0xa2, 00, 0xc3, 00, 0x81, 00, 0x81, 00, 0xa2,
  00, 0x82, 00, 0xa2, 00, 0x82, 00, 0xa2, 00, 0x82, 00, 0xa2,
  00, 0x81, 0x08, 0xc2, 00, 0x82, 0x08, 0xa2, 00, 0xc2, 0x09, 0x03,
  00, 0xc3, 0x08, 0xe2, 00, 0xc2, 00, 0xa2, 00, 0xe3, 0x09, 0x03,
  00, 0xc2, 00, 0xa2, 00, 0xc2, 00, 0xa2, 00, 0xc2, 00, 0xc2,
  00, 0xc2, 00, 0xa2, 00, 0x82, 00, 0x81, 00, 0x82, 00, 0x81,
  00, 0x82, 0x08, 0xa2, 00, 0x82, 00, 0x82, 00, 0x82, 00, 0x81,
  00, 0x82, 00, 0x82, 0x08, 0xc2, 0x10, 0xc2, 00, 0x82, 00, 0x81,
  00, 0x81, 00, 0x61, 00, 0x41, 00, 0x41, 00, 0x41, 0x08, 0x61,
  00, 0x41, 00, 0x41, 00, 0x41, 00, 0x41, 00, 0x41, 00, 0x41,
  00, 0x41, 00, 0x41, 00, 0x41, 00, 0x41, 00, 0x41, 00, 0x41,
  00, 0x41, 00, 0x61, 00, 0x41, 00, 0x61, 00, 0x41, 00, 0x41,
  00, 0x41, 00, 0x41, 00, 0x41, 00, 0x41, 00, 0x41, 00, 0x41,
  00, 0x41, 00, 0x41, 00, 0x41, 00, 0x41, 00, 0x41, 00, 0x41,
  00, 0x41, 00, 0x40, 00, 0x01, 00, 0x21, 00, 0x01, 00, 0x21,
  00, 0x21, 00, 0x21, 00, 00, 00, 0x20, 00, 00, 00, 0x20,
  0x08, 0x40, 00, 00, 0x08, 0x40, 00, 0x20, 0x08, 0x40, 00, 00,
  0x08, 0x40, 00, 0x20, 0x08, 0x40, 00, 00, 0x08, 0x40, 00, 0x20,
  0x08, 0x40, 00, 0x40, 0x08, 0x40, 00, 0x20, 0x08, 0x40, 0x08, 0x82,
  0x21, 0x03, 00, 00, 0x08, 0x61, 00, 0x41, 0x08, 0x80, 00, 0x40,
  0x08, 0x61, 00, 0x41, 00, 0x40, 00, 0x41, 0x08, 0x81, 00, 0x41,
  0x08, 0x61, 00, 0x61, 0x08, 0x81, 00, 0x82, 0x08, 0x61, 00, 0x61,
  0x08, 0x81, 00, 0x41, 0x08, 0x61, 00, 0x61, 0x08, 0x81, 00, 0x41,
  0x08, 0x81, 00, 0x61, 0x08, 0x81, 00, 0x81, 0x08, 0x61, 00, 0x41,
  00, 0x81, 00, 0x82, 0x08, 0xc1, 00, 0xa1, 0x08, 0xc1, 00, 0xa1,
  0x08, 0xc1, 00, 0xa1, 0x08, 0xc2, 00, 0xa2, 0x08, 0xc1, 00, 0xa1,
  0x08, 0xa2, 00, 0xa2, 0x09, 0x02, 00, 0xc2, 0x09, 0x02, 00, 0xc2,
  0x11, 0x02, 00, 0xc2, 0x09, 0x02, 00, 0xe2, 0x08, 0xc1, 00, 0xc2,
  0x08, 0xc2, 00, 0x82, 0x08, 0xc1, 00, 0xa1, 0x08, 0xc2, 00, 0xa2,
  00, 0xc2, 00, 0xc3, 0x09, 0x02, 00, 0xc2, 0x09, 0x02, 00, 0xe2,
  00, 0xc1, 00, 0xc2, 00, 0xc1, 00, 0xc2, 0x09, 0x03, 0x01, 0x03,
  0x01, 0x02, 0x01, 0x02, 0x09, 0x02, 00, 0xc2, 0x01, 0x02, 0x01, 0x03,
  0x09, 0x43, 0x01, 0x03, 0x09, 0x02, 00, 0xe2, 0x09, 0x03, 0x01, 0x03,
  0x09, 0x02, 00, 0xc2, 0x09, 0x02, 00, 0xc2, 0x09, 0x02, 00, 0xe2,
  0x09, 0x02, 00, 0xc2, 0x09, 0x02, 00, 0xe2, 0x09, 0x03, 0x01, 0x03,
  0x09, 0x43, 0x01, 0x23, 0x09, 0x02, 0x01, 0x02, 0x09, 0x44, 0x01, 0x23,
  0x09, 0x44, 0x01, 0x23, 0x01, 0x02, 0x01, 0x02, 0x09, 0x43, 0x01, 0x44,
  0x09, 0x84, 0x01, 0x64, 0x11, 0x84, 0x01, 0x03, 0x09, 0x44, 0x01, 0x23,
  0x09, 0x44, 0x01, 0x23, 0x09, 0x02, 00, 0xe2, 0x09, 0x02, 00, 0xc2,
  0x11, 0x02, 00, 0xe2, 0x09, 0x02, 00, 0xe2, 0x09, 0x02, 00, 0xe2,
  0x09, 0x02, 00, 0xc2, 0x10, 0xe3, 00, 0xa2, 0x08, 0xc1, 00, 0xa1,
  0x08, 0xa2, 00, 0xa2, 0x08, 0xa2, 00, 0xa2, 0x08, 0xc1, 00, 0xa1,
  0x08, 0xc2, 00, 0xa2, 00, 0xc1, 00, 0xc2, 0x09, 0x02, 00, 0xc2,
  0x09, 0x02, 00, 0xc2, 0x09, 0x02, 00, 0xc2, 0x09, 0x02, 00, 0xe2,
  0x09, 0x02, 00, 0xc2, 0x08, 0xc2, 00, 0x82, 0x08, 0xc1, 00, 0xa1,
  0x08, 0xc1, 00, 0xa1, 0x08, 0xc1, 00, 0xa1, 0x08, 0xc1, 00, 0xa1,
  0x08, 0xc2, 00, 0xa2, 0x08, 0xc1, 00, 0xa1, 0x08, 0xc2, 00, 0xa2,
  0x08, 0xc1, 00, 0xa1, 0x10, 0xa1, 0x10, 0xc2, 0x08, 0xc1, 00, 0xa1,
  00, 0x81, 00, 0x82, 0x08, 0x61, 00, 0x61, 0x08, 0x81, 00, 0x41,
  0x08, 0x61, 00, 0x61, 0x08, 0x61, 00, 0x41, 0x08, 0x41, 00, 0x41,
  0x08, 0x61, 00, 0x41, 0x08, 0x41, 00, 0x41, 0x08, 0x61, 00, 0x41,
  0x08, 0x61, 00, 0x61, 0x08, 0x81, 00, 0x41, 0x08, 0x80, 00, 0x60,
  0x08, 0x81, 00, 0x41, 00, 0x40, 00, 0x40, 0x08, 0x61, 00, 0x61,
  0x08, 0x40, 00, 0x41, 0x08, 0x41, 00, 0x41, 0x08, 0x40, 00, 00,
  0x08, 0x40, 00, 00, 0x08, 0x40, 00, 0x20, 0x08, 0x40, 00, 00,
  0x08, 0x40, 00, 0x20, 0x08, 0x40, 00, 00, 0x08, 0x40, 00, 0x20,
  00, 0x01, 00, 0x21, 00, 0x01, 00, 0x21, 00, 0x41, 00, 0x40,
  00, 0x01, 00, 0x21, 00, 0x41, 00, 0x41, 00, 0x01, 00, 0x21,
  00, 0x41, 00, 0x41, 00, 0x41, 00, 0x40, 00, 0x41, 00, 0x41,
  00, 0x20, 0x08, 0x61, 00, 0x41, 00, 0x41, 00, 0x41, 00, 0x41,
  00, 0x41, 0x08, 0x61, 00, 0x41, 00, 0x21, 00, 0x41, 00, 0x41,
  00, 0x41, 00, 0x41, 00, 0x41, 0x08, 0x61, 00, 0x41, 00, 0x61,
  00, 0x81, 00, 0x61, 00, 0x42, 00, 0x62, 00, 0x82, 00, 0x61,
  00, 0x41, 00, 0x61, 00, 0x82, 00, 0x81, 00, 0x81, 00, 0x81,
  00, 0x82, 00, 0x82, 00, 0x82, 00, 0x81, 00, 0x82, 00, 0xa2,
  00, 0x82, 00, 0xa2, 00, 0x82, 00, 0xa2, 00, 0x82, 00, 0x81,
  00, 0xc2, 00, 0xa2, 00, 0xc2, 00, 0xa2, 00, 0xc2, 00, 0xa2,
  0x08, 0xc2, 0x11, 0x03, 00, 0xc2, 0x08, 0xe3, 00, 0xc2, 00, 0xa2,
  00, 0xc2, 00, 0xa2, 00, 0x82, 00, 0xa2, 00, 0xc2, 00, 0xa2,
  00, 0xc2, 00, 0xa2, 00, 0xc3, 00, 0xe3, 00, 0xc3, 00, 0xe3,
  00, 0xc2, 0x08, 0xe3, 0x01, 0x03, 0x01, 0x03, 0x01, 0x23, 0x09, 0x23,
  0x01, 0x03, 0x01, 0x02, 0x01, 0x03, 0x01, 0x03, 00, 0xc2, 0x08, 0xe3,
  0x01, 0x04, 00, 0xe3, 0x01, 0x03, 0x01, 0x03, 0x01, 0x44, 0x01, 0x02,
  0x01, 0x02, 0x09, 0x23, 00, 0xc3, 00, 0xe3, 00, 0xc3, 00, 0xe3,
  0x01, 0x02, 0x09, 0x23, 00, 0xc3, 00, 0xe3, 0x01, 0x04, 0x01, 0x24,
  0x01, 0x03, 0x01, 0x03, 0x01, 0x03, 0x01, 0x03, 0x01, 0x02, 0x01, 0x23,
  0x01, 0x44, 0x01, 0x23, 0x01, 0x43, 0x01, 0x43, 0x01, 0x44, 0x01, 0x43,
  0x01, 0x44, 0x01, 0x24, 0x01, 0xc5, 0x01, 0x84, 0x01, 0x04, 0x01, 0x24,
  0x01, 0x44, 0x01, 0x02, 0x01, 0x03, 0x01, 0x03, 0x01, 0x03, 0x01, 0x03,
  00, 0xc2, 0x08, 0xe2, 00, 0xc2, 0x08, 0xe3, 0x01, 0x03, 0x01, 0x02,
  00, 0xc3, 00, 0xe3, 00, 0xc2, 00, 0xc2, 00, 0xc2, 00, 0xc2,
  00, 0x82, 00, 0xa2, 00, 0xc2, 00, 0xa2, 00, 0x82, 00, 0xa2,
  00, 0xc2, 00, 0xa2, 00, 0xc2, 00, 0xa2, 0x01, 0x03, 00, 0xe3,
  0x01, 0x04, 0x08, 0xe3, 00, 0xc3, 00, 0xe3, 00, 0xc3, 00, 0xe3,
  0x01, 0x03, 0x01, 0x03, 00, 0xc2, 00, 0xa2, 00, 0x82, 00, 0xa2,
  00, 0x82, 00, 0x81, 00, 0xc2, 00, 0xc2, 00, 0x82, 00, 0x82,
  00, 0x82, 00, 0xa2, 00, 0x82, 00, 0x81, 00, 0x82, 0x08, 0xa2,
  00, 0xc2, 0x08, 0xe2, 0x4a, 0x05, 0x6a, 0xc8, 0x11, 0x03, 0x08, 0xa1,
  00, 0x82, 0x08, 0x81, 00, 0x41, 00, 0x61, 00, 0x41, 0x08, 0x61,
  00, 0x41, 00, 0x41, 00, 0x41, 00, 0x41, 00, 0x41, 00, 0x41,
  00, 0x41, 0x08, 0x61, 00, 0x41, 00, 0x41, 00, 0x41, 0x08, 0x61,
  00, 0x41, 00, 0x41, 00, 0x41, 00, 0x41, 00, 0x41, 00, 0x41,
  00, 0x41, 0x08, 0x61, 00, 0x41, 00, 0x41, 00, 0x41, 00, 0x41,
  00, 0x41, 00, 0x41, 00, 0x41, 00, 0x41, 00, 0x41, 00, 0x40,
  00, 0x41, 00, 0x41, 00, 0x01, 00, 0x21, 00, 0x41, 00, 0x40,
  00, 00, 00, 0x20, 00, 0x41, 0x08, 0x40, 00, 00, 00, 00,
  0x08, 0x40, 00, 0x20, 0x08, 0x40, 00, 00, 0x08, 0x40, 00, 00,
  0x08, 0x40, 00, 0x20, 0x08, 0x40, 00, 0x20, 0x08, 0x40, 00, 0x40,
  00, 0x40, 00, 0x40, 0x08, 0x40, 00, 0x40, 0x08, 0x40, 00, 0x40,
  0x08, 0x61, 00, 0x41, 0x08, 0x81, 00, 0x41, 0x08, 0x61, 00, 0x41,
  0x08, 0x61, 00, 0x41, 0x08, 0x61, 00, 0x41, 0x08, 0x61, 00, 0x41,
  0x08, 0x81, 00, 0x41, 0x08, 0x61, 00, 0x61, 0x10, 0x82, 00, 0x41,
  0x08, 0x61, 00, 0x61, 0x08, 0x81, 00, 0x81, 0x08, 0x81, 0x08, 0x82,
  0x08, 0x81, 00, 0x61, 00, 0x81, 00, 0x82, 0x08, 0xc1, 00, 0xa1,
  0x08, 0xc1, 00, 0xa1, 0x08, 0xc2, 00, 0xa2, 0x08, 0xa2, 00, 0xa2,
  0x08, 0xc1, 00, 0xa1, 0x08, 0xc1, 00, 0xa1, 0x08, 0x81, 00, 0x81,
  0x08, 0xa2, 00, 0xa2, 0x08, 0xc2, 0x08, 0xc2, 0x08, 0xa2, 00, 0xa2,
  00, 0xc2, 00, 0xc3, 0x09, 0x02, 00, 0xe2, 0x09, 0x02, 00, 0xe2,
  00, 0xc1, 00, 0xc2, 0x08, 0xc1, 00, 0xc2, 0x08, 0xe2, 00, 0xe2,
  0x09, 0x02, 00, 0xc2, 0x08, 0xe3, 00, 0xa2, 0x08, 0xc1, 00, 0xc2,
  0x08, 0xe2, 00, 0xa1, 0x09, 0x02, 00, 0xe2, 0x09, 0x02, 00, 0xc2,
  0x09, 0x02, 00, 0xe2, 0x09, 0x02, 00, 0xe2, 0x01, 0x02, 0x01, 0x02,
  0x11, 0x44, 0x01, 0x03, 0x09, 0x43, 0x01, 0x44, 0x09, 0x02, 00, 0xe2,
  0x09, 0x02, 00, 0xc2, 0x09, 0x02, 00, 0xc2, 0x09, 0x23, 00, 0xe2,
  0x09, 0x03, 0x01, 0x03, 0x09, 0x02, 00, 0xc2, 0x11, 0x44, 0x01, 0x03,
  0x09, 0x02, 0x01, 0x02, 0x09, 0x02, 00, 0xe2, 0x01, 0x02, 0x01, 0x03,
  0x09, 0x44, 0x01, 0x23, 0x09, 0x84, 0x01, 0x84, 0x09, 0x84, 0x01, 0x64,
  0x09, 0x83, 0x01, 0x63, 0x09, 0xe5, 0x01, 0xa4, 0x09, 0x43, 0x01, 0x23,
  0x09, 0x02, 0x11, 0x64, 0x11, 0x64, 0x01, 0x23, 0x09, 0x02, 00, 0xe2,
  0x09, 0x02, 00, 0xc2, 0x09, 0x02, 0x01, 0x23, 0x11, 0x43, 00, 0xe2,
  0x08, 0xc2, 00, 0xa2, 0x08, 0xc1, 00, 0xa1, 0x08, 0xc1, 00, 0xa1,
  0x08, 0xa2, 00, 0xa2, 0x08, 0xc2, 00, 0xa2, 0x08, 0xc1, 00, 0xa1,
  00, 0xc1, 00, 0xc2, 00, 0xc2, 00, 0xc3, 0x09, 0x03, 0x01, 0x03,
  0x09, 0x03, 0x01, 0x03, 0x01, 0x02, 0x01, 0x03, 0x09, 0x44, 0x01, 0x23,
  0x09, 0x02, 00, 0xe2, 0x08, 0xc2, 00, 0x82, 0x08, 0xc1, 00, 0xa1,
  0x08, 0xc1, 00, 0xa1, 0x08, 0xc1, 00, 0xa1, 0x08, 0xc1, 00, 0xa1,
  0x08, 0xc1, 00, 0xa1, 0x08, 0xc1, 00, 0xa1, 0x10, 0xa2, 00, 0xa2,
  0x19, 0x02, 0x19, 0x23, 0x9c, 0x0c, 0xcd, 0xd3, 0x39, 0x84, 0x21, 0x03,
  0x10, 0xc2, 0x08, 0x81, 0x08, 0x81, 00, 0x41, 0x08, 0x81, 00, 0x61,
  0x08, 0x81, 00, 0x41, 0x08, 0x61, 00, 0x41, 0x08, 0x61, 00, 0x41,
  0x08, 0x41, 00, 0x41, 0x08, 0x81, 00, 0x41, 0x08, 0x61, 00, 0x61,
  0x08, 0x61, 00, 0x41, 0x08, 0x80, 00, 0x60, 0x08, 0x80, 00, 0x60,
  00, 0x40, 00, 0x41, 0x08, 0x61, 00, 0x41, 0x08, 0x61, 00, 0x41,
  0x08, 0x80, 00, 0x40, 0x08, 0x40, 00, 0x40, 0x08, 0x40, 00, 00,
  0x08, 0x40, 00, 0x20, 0x08, 0x40, 00, 0x20, 0x08, 0x40, 00, 0x20,
  0x08, 0x40, 00, 0x20, 0x08, 0x40, 00, 0x20, 0x08, 0x40, 00, 00,
  00, 00, 00, 0x20, 00, 0x01, 00, 0x21, 00, 0x01, 00, 0x21,
  00, 0x01, 00, 0x21, 00, 0x01, 00, 0x21, 00, 0x41, 00, 0x41,
  00, 0x41, 00, 0x41, 00, 0x41, 00, 0x41, 00, 0x41, 00, 0x41,
  00, 0x41, 00, 0x41, 00, 0x41, 00, 0x41, 00, 0x41, 0x08, 0x61,
  00, 0x41, 00, 0x41, 00, 0x41, 00, 0x41, 00, 0x41, 00, 0x61,
  00, 0x41, 00, 0x61, 00, 0x41, 0x08, 0x61, 00, 0x41, 00, 0x41,
  00, 0x41, 00, 0x41, 00, 0x41, 00, 0x61, 00, 0x62, 0x08, 0x82,
  00, 0x82, 00, 0x81, 00, 0x81, 00, 0x61, 00, 0x41, 00, 0x61,
  00, 0x82, 00, 0x81, 00, 0x82, 00, 0x82, 00, 0x82, 00, 0x81,
  00, 0x82, 00, 0xa2, 00, 0x82, 00, 0x81, 00, 0x82, 00, 0x81,
  00, 0x82, 00, 0xa2, 00, 0x82, 00, 0xa2, 00, 0xc2, 00, 0xa2,
  00, 0xc2, 00, 0xa2, 00, 0xc3, 00, 0xe3, 0x01, 0x03, 0x01, 0x03,
  00, 0xc2, 00, 0xa2, 00, 0xc2, 0x08, 0xe3, 0x01, 0x03, 0x01, 0x02,
  00, 0xc2, 0x08, 0xe3, 00, 0xc2, 00, 0xa2, 00, 0xc3, 00, 0xc2,
  00, 0xc2, 0x19, 0x44, 0x01, 0x04, 00, 0xe3, 00, 0xc2, 0x08, 0xe3,
  0x01, 0x03, 0x09, 0x03, 00, 0xc3, 00, 0xe3, 00, 0xe2, 00, 0xe2,
  0x01, 0x03, 0x01, 0x02, 0x01, 0x03, 0x01, 0x03, 00, 0xc2, 0x08, 0xe2,
  0x01, 0x03, 0x01, 0x02, 00, 0xc3, 00, 0xe3, 0x01, 0x03, 0x01, 0x03,
  0x01, 0x03, 0x01, 0x02, 0x01, 0x03, 0x01, 0x23, 0x01, 0x03, 00, 0xe3,
  00, 0xc2, 0x08, 0xe3, 0x01, 0x03, 0x01, 0x03, 0x01, 0x03, 0x01, 0x03,
  0x01, 0x04, 0x09, 0x44, 0x01, 0x64, 0x09, 0xa5, 0x09, 0xe6, 0x09, 0xa5,
  0x01, 0xc5, 0x01, 0xc5, 0x01, 0xc5, 0x01, 0x84, 0x01, 0x44, 0x01, 0x02,
  0x01, 0x03, 0x01, 0x02, 0x01, 0x03, 0x01, 0x23, 0x01, 0x03, 0x09, 0x23,
  0x01, 0x03, 0x01, 0x03, 00, 0xc2, 00, 0xa2, 00, 0xc2, 00, 0xa2,
  00, 0xc2, 00, 0xa2, 00, 0xc2, 00, 0xa2, 00, 0x81, 0x08, 0xc2,
  00, 0xc2, 00, 0xa2, 00, 0xc2, 00, 0xa2, 00, 0xc2, 0x08, 0xc2,
  00, 0xc2, 00, 0xa2, 00, 0xc2, 00, 0xa2, 00, 0xc3, 00, 0xe3,
  0x01, 0x04, 00, 0xe3, 00, 0xc3, 00, 0xc2, 0x01, 0x03, 0x01, 0x03,
  00, 0xc3, 00, 0xc2, 00, 0xc2, 00, 0xa2, 00, 0x81, 00, 0xa2,
  00, 0xc3, 00, 0x81, 00, 0xc2, 00, 0xa2, 00, 0x82, 00, 0x61,
  00, 0x82, 00, 0x81, 00, 0x82, 00, 0x82, 00, 0x82, 00, 0xa2,
  00, 0xc2, 00, 0xc2, 0x29, 0x43, 0x41, 0xc5, 00, 0xe3, 00, 0xa2,
  00, 0x82, 00, 0x81, 00, 0x81, 00, 0x61, 00, 0x41, 00, 0x61,
  00, 0x82, 00, 0x40, 00, 0x41, 00, 0x41, 00, 0x41, 00, 0x41,
  00, 0x41, 00, 0x41, 00, 0x41, 00, 0x41, 00, 0x41, 00, 0x61,
  00, 0x41, 00, 0x41, 00, 0x41, 00, 0x41, 00, 0x41, 00, 0x41,
  00, 0x41, 00, 0x41, 00, 0x41, 00, 0x41, 00, 0x41, 00, 0x41,
  00, 0x41, 00, 0x41, 00, 0x41, 00, 0x41, 00, 0x41, 00, 0x21,
  00, 0x41, 00, 0x40, 00, 0x41, 00, 0x40, 00, 0x41, 00, 0x40,
  00, 0x41, 00, 0x40, 00, 0x01, 00, 0x21, 00, 0x01, 00, 0x21,
  0x08, 0x40, 00, 00, 0x08, 0x40, 00, 00, 0x08, 0x40, 00, 00,
  0x08, 0x40, 00, 0x20, 0x08, 0x40, 00, 0x20, 0x08, 0x40, 00, 0x20,
  0x08, 0x40, 00, 0x41, 00, 0x40, 00, 0x40, 0x08, 0x61, 00, 0x41,
  00, 0x40, 00, 0x40, 0x08, 0x61, 00, 0x41, 0x08, 0x61, 00, 0x61,
  0x08, 0x81, 00, 0x41, 0x08, 0x61, 00, 0x61, 0x08, 0x61, 00, 0x41,
  0x08, 0x81, 00, 0x41, 0x08, 0x61, 00, 0x41, 0x08, 0x81, 00, 0x61,
  0x08, 0x81, 00, 0x41, 0x08, 0x81, 00, 0x41, 0x08, 0x81, 00, 0x61,
  0x08, 0x81, 00, 0x41, 0x08, 0x81, 00, 0x41, 0x08, 0x61, 00, 0x61,
  0x08, 0x81, 00, 0x81, 0x08, 0x81, 00, 0x81, 0x08, 0xc2, 00, 0xa2,
  0x08, 0xc1, 00, 0xa1, 0x08, 0xc2, 00, 0x81, 00, 0x81, 00, 0x82,
  0x08, 0xc2, 00, 0xa2, 0x08, 0xc1, 00, 0xa1, 0x08, 0xc2, 00, 0xa2,
  0x08, 0xa2, 00, 0xa2, 0x08, 0xc2, 00, 0xc2, 00, 0xc1, 00, 0xc2,
  0x09, 0x02, 00, 0xc2, 0x08, 0xc1, 00, 0xc2, 0x09, 0x02, 00, 0xc2,
  0x09, 0x02, 00, 0xe2, 0x08, 0xc2, 00, 0x82, 00, 0xc1, 00, 0xc2,
  0x08, 0xa1, 0x29, 0xe6, 0x11, 0x43, 00, 0xe2, 0x08, 0xc2, 00, 0xc2,
  0x09, 0x02, 00, 0xe2, 0x09, 0x02, 00, 0xc2, 0x09, 0x02, 00, 0xe2,
  0x09, 0x02, 00, 0xc2, 0x08, 0xe2, 0x09, 0x23, 0x11, 0x03, 00, 0xc2,
  0x09, 0x02, 00, 0xe2, 0x09, 0x02, 00, 0xc2, 0x09, 0x02, 00, 0xc2,
  0x08, 0xc2, 00, 0x82, 0x09, 0x03, 0x01, 0x03, 0x09, 0x02, 00, 0xe2,
  00, 0xc1, 00, 0xc2, 0x09, 0x43, 0x01, 0x43, 0x01, 0x43, 0x01, 0x63,
  0x11, 0xa5, 0x01, 0x64, 0x01, 0x83, 0x01, 0x84, 0x0a, 0x05, 0x01, 0xe5,
  0x09, 0xa5, 0x01, 0x64, 0x09, 0x83, 0x01, 0x63, 0x09, 0x43, 0x01, 0x23,
  0x09, 0x03, 0x01, 0x03, 0x01, 0x02, 0x01, 0x02, 0x09, 0x23, 0x11, 0x64,
  0x09, 0x02, 00, 0xc2, 0x09, 0x02, 00, 0xc2, 0x08, 0xa2, 00, 0x82,
  0x08, 0xc1, 00, 0xa1, 0x08, 0xc1, 00, 0xa1, 0x08, 0xa2, 00, 0xa2,
  0x08, 0xc1, 00, 0xa1, 0x08, 0xc2, 00, 0xa2, 0x08, 0xa2, 00, 0xa2,
  0x08, 0xa2, 00, 0x82, 0x08, 0xc1, 00, 0xa1, 0x09, 0x02, 00, 0xc2,
  0x09, 0x03, 0x01, 0x03, 0x09, 0x02, 00, 0xe2, 0x09, 0x02, 00, 0xe2,
  0x09, 0x02, 00, 0xc2, 0x08, 0xc1, 00, 0xa1, 0x08, 0xc2, 00, 0xa2,
  0x08, 0xc1, 00, 0xa1, 0x08, 0xc2, 00, 0xa2, 0x08, 0xc1, 00, 0xa1,
  0x08, 0xc1, 00, 0xa1, 0x08, 0xc1, 00, 0xa1, 0x08, 0xc2, 00, 0xa2,
  0x08, 0xc1, 00, 0xa1, 0x08, 0xc1, 0x11, 0x03, 0x08, 0xc1, 00, 0xa1,
  0x08, 0xa2, 00, 0x61, 0x08, 0x81, 00, 0x61, 0x08, 0x81, 00, 0x41,
  0x08, 0x81, 00, 0x61, 0x08, 0x81, 00, 0x41, 00, 0x40, 00, 0x41,
  0x08, 0x61, 00, 0x41, 0x08, 0x61, 00, 0x41, 0x08, 0x61, 00, 0x61,
  0x08, 0x61, 00, 0x41, 0x08, 0x61, 00, 0x41, 00, 0x40, 00, 0x40,
  0x08, 0x61, 00, 0x41, 00, 0x40, 00, 0x40, 0x08, 0x81, 00, 0x41,
  00, 0x40, 00, 0x40, 0x08, 0x40, 00, 0x40, 0x08, 0x40, 00, 0x20,
  0x08, 0x40, 00, 0x40, 0x08, 0x40, 00, 0x20, 0x08, 0x40, 00, 00,
  0x08, 0x40, 00, 00, 0x08, 0x40, 00, 00, 0x08, 0x40, 00, 0x20,
  00, 0x01, 00, 0x21, 00, 00, 00, 00, 00, 0x01, 00, 0x21,
  00, 0x41, 00, 0x40, 00, 0x41, 00, 0x41, 00, 0x41, 00, 0x40,
  00, 0x41, 00, 0x41, 00, 0x41, 00, 0x41, 00, 0x41, 00, 0x41,
  00, 0x41, 00, 0x41, 00, 0x41, 00, 0x41, 00, 0x41, 00, 0x41,
  00, 0x41, 00, 0x61, 00, 0x41, 0x08, 0x61, 00, 0x41, 00, 0x41,
  00, 0x41, 00, 0x41, 00, 0x41, 00, 0x61, 00, 0x41, 00, 0x61,
  00, 0x82, 00, 0x81, 00, 0x41, 00, 0x61, 00, 0x82, 00, 0x61,
  00, 0x41, 00, 0x41, 00, 0x82, 00, 0x81, 00, 0x41, 00, 0x61,
  00, 0x81, 00, 0x61, 00, 0x82, 00, 0x81, 00, 0x82, 00, 0xa2,
  00, 0x82, 00, 0x81, 00, 0x82, 00, 0x81, 00, 0x82, 00, 0x81,
  00, 0x82, 00, 0x82, 00, 0x82, 00, 0x81, 00, 0xc2, 00, 0xa2,
  00, 0xc2, 00, 0xa2, 00, 0x82, 0x10, 0xe3, 00, 0x81, 00, 0xa2,
  0x01, 0x03, 0x01, 0x03, 00, 0xc2, 00, 0xa2, 00, 0xc2, 00, 0xa2,
  00, 0xc2, 00, 0xa2, 00, 0xc2, 00, 0xa2, 00, 0x82, 00, 0xa2,
  0x01, 0x03, 00, 0xc2, 00, 0xc2, 00, 0xc2, 00, 0xc3, 00, 0xc2,
  00, 0xc2, 00, 0xa2, 0x01, 0x03, 0x01, 0x02, 0x01, 0x03, 0x09, 0x03,
  00, 0xc2, 00, 0xa2, 0x01, 0x03, 00, 0xe3, 00, 0xc2, 0x08, 0xe3,
  00, 0xc2, 00, 0xa2, 00, 0xc3, 00, 0xe3, 00, 0xc2, 00, 0xa2,
  00, 0xc2, 00, 0xa2, 0x01, 0x03, 0x01, 0x02, 0x01, 0x03, 0x01, 0x02,
  0x01, 0x03, 00, 0xe2, 0x01, 0x03, 0x01, 0x23, 0x01, 0x04, 0x01, 0x24,
  0x01, 0x84, 0x01, 0x43, 0x01, 0x44, 0x09, 0x43, 0x01, 0x84, 0x01, 0x64,
  0x01, 0xc5, 0x01, 0x84, 0x01, 0x44, 0x01, 0x24, 0x01, 0x44, 0x01, 0x23,
  0x01, 0x44, 0x01, 0x43, 0x01, 0x44, 0x01, 0x44, 0x01, 0x04, 00, 0xe3,
  00, 0xc2, 00, 0xa2, 00, 0xc3, 00, 0xe3, 00, 0xc2, 0x08, 0xe3,
  00, 0xc2, 00, 0xa2, 00, 0xc2, 00, 0xa2, 00, 0xc2, 00, 0xa2,
  00, 0xc3, 00, 0x81, 00, 0xc2, 00, 0xa2, 00, 0xc2, 0x08, 0xc2,
  00, 0xc2, 00, 0xa2, 00, 0xc2, 00, 0xa2, 00, 0xc2, 0x08, 0xe3,
  0x01, 0x03, 00, 0xe3, 00, 0xc3, 00, 0xc3, 0x01, 0x04, 00, 0xc3,
  00, 0xc2, 00, 0xa2, 00, 0xc2, 00, 0xa2, 00, 0x82, 00, 0xa2,
  00, 0x82, 00, 0x82, 00, 0x82, 00, 0x82, 00, 0x82, 00, 0x81,
  00, 0x82, 0x08, 0xa2, 00, 0x82, 00, 0x81, 00, 0x82, 00, 0xa2,
  00, 0x82, 00, 0x82, 00, 0xc2, 0x08, 0xc2, 00, 0x82, 00, 0x81,
  00, 0x82, 00, 0x81, 00, 0x41, 00, 0x41, 00, 0x41, 0x10, 0xa2,
  00, 0x41, 00, 0x61, 00, 0x41, 00, 0x41, 00, 0x41, 00, 0x41,
  00, 0x41, 00, 0x61, 00, 0x81, 0x08, 0x81, 00, 0x82, 0x08, 0x81,
  00, 0x41, 00, 0x41, 00, 0x41, 00, 0x41, 00, 0x41, 0x08, 0x61,
  00, 0x41, 00, 0x41, 00, 0x41, 00, 0x41, 00, 0x41, 00, 0x41,
  00, 0x41, 00, 0x41, 00, 0x41, 00, 0x41, 00, 0x41, 00, 0x40,
  00, 0x41, 00, 0x41, 00, 0x41, 00, 0x41, 00, 00, 0x08, 0x21,
  00, 0x41, 00, 00, 00, 0x41, 00, 0x40, 00, 00, 00, 00,
  0x08, 0x40, 00, 00, 0x08, 0x40, 00, 00, 0x08, 0x40, 00, 00,
  0x08, 0x40, 00, 0x20, 0x08, 0x20, 00, 00, 0x08, 0x40, 00, 0x20,
  00, 0x40, 00, 0x40, 00, 0x40, 00, 0x40, 0x08, 0x40, 00, 0x20,
  0x08, 0x61, 00, 0x41, 0x08, 0x41, 00, 0x41, 0x08, 0x61, 00, 0x41,
  0x08, 0x61, 00, 0x41, 0x08, 0x81, 00, 0x41, 0x08, 0x81, 00, 0x41,
  0x08, 0x61, 00, 0x61, 0x08, 0x61, 00, 0x61, 0x08, 0x61, 00, 0x41,
  0x08, 0x81, 00, 0x41, 0x08, 0x61, 00, 0x61, 0x08, 0x61, 00, 0x41,
  0x08, 0x81, 00, 0x41, 0x08, 0x81, 00, 0x41, 0x08, 0x81, 00, 0x61,
  0x08, 0x61, 00, 0x61, 0x08, 0x81, 00, 0x41, 00, 0x81, 00, 0x82,
  0x08, 0xa2, 00, 0x61, 00, 0x81, 00, 0x82, 00, 0x81, 00, 0x82,
  0x08, 0xc1, 00, 0xa1, 0x08, 0xc1, 00, 0xa1, 0x08, 0xc1, 00, 0xa1,
  0x08, 0xa2, 00, 0x82, 00, 0x81, 00, 0x82, 0x08, 0xc2, 00, 0xa2,
  0x09, 0x03, 0x01, 0x03, 0x09, 0x03, 0x01, 0x03, 0x09, 0x02, 00, 0xe2,
  0x09, 0x02, 00, 0xe2, 0x08, 0xa2, 00, 0xa2, 0x09, 0x02, 00, 0xe2,
  0x09, 0x02, 00, 0xe2, 00, 0xc2, 00, 0xc3, 0x08, 0xc1, 00, 0xc2,
  0x09, 0x02, 00, 0xe2, 00, 0xc1, 00, 0xc2, 0x08, 0xe3, 00, 0xa2,
  0x09, 0x02, 00, 0xe2, 0x09, 0x03, 0x01, 0x03, 0x09, 0x02, 00, 0xc2,
  0x09, 0x02, 00, 0xc2, 0x09, 0x03, 0x01, 0x03, 0x09, 0x23, 00, 0xe2,
  00, 0xc1, 00, 0xc2, 0x09, 0x02, 00, 0xc2, 0x01, 0x02, 0x01, 0x03,
  0x09, 0x23, 00, 0xe2, 0x09, 0x42, 0x01, 0x02, 0x01, 0x02, 0x01, 0x03,
  0x09, 0x23, 0x01, 0x23, 0x09, 0x23, 00, 0xe2, 0x09, 0x02, 0x01, 0x02,
  0x01, 0xe4, 0x0a, 0x46, 0x11, 0xa5, 0x01, 0x23, 0x09, 0xc4, 0x01, 0xa4,
  0x01, 0x43, 0x01, 0x44, 0x09, 0x43, 0x01, 0x23, 0x09, 0x02, 00, 0xc2,
  0x09, 0x02, 00, 0xc2, 0x09, 0x02, 00, 0xc2, 0x08, 0xe2, 00, 0xe2,
  0x11, 0x02, 00, 0xe2, 0x09, 0x02, 00, 0xc2, 0x08, 0xc1, 00, 0xc2,
  0x08, 0xa2, 00, 0xa2, 0x08, 0xa2, 00, 0xa2, 0x08, 0xa2, 00, 0xa2,
  0x08, 0xa2, 00, 0xa2, 0x08, 0xc1, 00, 0xc2, 0x09, 0x02, 00, 0xc2,
  0x01, 0x02, 0x01, 0x03, 0x09, 0x02, 00, 0xc2, 0x09, 0x02, 00, 0xe2,
  0x08, 0xc1, 00, 0xa1, 0x08, 0xa2, 00, 0xa2, 0x08, 0xc1, 00, 0xa1,
  0x08, 0xc2, 00, 0xa2, 0x08, 0xc1, 00, 0xa1, 0x08, 0xc1, 00, 0xa1,
  0x08, 0xc1, 00, 0xa1, 0x08, 0xc1, 00, 0xa1, 0x08, 0x81, 00, 0x81,
  0x08, 0xc1, 00, 0xa1, 0x08, 0xa1, 00, 0xa1, 0x08, 0xc1, 00, 0xa1,
  0x08, 0x81, 00, 0x41, 0x08, 0x80, 00, 0x60, 0x08, 0x61, 00, 0x61,
  0x08, 0x61, 00, 0x41, 0x08, 0x61, 00, 0x41, 0x08, 0x61, 00, 0x61,
  0x08, 0x61, 00, 0x41, 0x08, 0x61, 00, 0x61, 0x10, 0x81, 0x08, 0x41,
  0x08, 0x61, 00, 0x61, 00, 0x40, 00, 0x41, 0x08, 0x61, 00, 0x41,
  00, 0x40, 00, 0x40, 00, 0x40, 00, 0x40, 0x18, 0xc1, 00, 0x40,
  00, 0x40, 00, 0x40, 00, 0x40, 00, 0x40, 0x08, 0x40, 00, 00,
  0x08, 0x40, 00, 00, 0x08, 0x40, 0x10, 0xa2, 0x49, 0xc6, 0x08, 00,
  0x08, 0x40, 00, 00, 0x08, 0x40, 00, 0x20, 0x08, 0x40, 00, 0x20,
  00, 00, 00, 00, 00, 0x01, 00, 0x21, 00, 0x01, 00, 0x21,
  00, 00, 0x08, 0x21, 00, 0x01, 00, 0x21, 00, 0x41, 00, 0x40,
  00, 0x41, 00, 0x41, 00, 0x41, 00, 0x41, 00, 0x41, 00, 0x41,
  00, 0x41, 00, 0x41, 00, 0x42, 00, 0x62, 00, 0x41, 00, 0x41,
  00, 0x41, 00, 0x61, 00, 0x41, 00, 0x41, 00, 0x81, 00, 0x61,
  00, 0x41, 00, 0x61, 00, 0x41, 00, 0x41, 00, 0x41, 00, 0x61,
  00, 0x41, 00, 0x61, 00, 0x41, 0x08, 0x61, 00, 0x41, 00, 0x41,
  00, 0x41, 00, 0x41, 00, 0x41, 00, 0x61, 00, 0x41, 00, 0x61,
  00, 0x41, 00, 0x61, 00, 0x81, 0x08, 0x81, 00, 0x82, 00, 0x81,
  00, 0x82, 00, 0x61, 00, 0x81, 0x08, 0xc2, 00, 0x82, 00, 0x81,
  00, 0x82, 00, 0x81, 00, 0x81, 00, 0xa2, 00, 0x82, 00, 0xa2,
  00, 0xc2, 00, 0xc2, 00, 0x82, 00, 0xa2, 00, 0x82, 00, 0x82,
  00, 0x82, 00, 0xa2, 00, 0xc3, 00, 0xe3, 00, 0xc3, 00, 0xc2,
  0x01, 0x03, 0x01, 0x03, 00, 0xc2, 00, 0xa2, 0x01, 0x03, 0x01, 0x02,
  00, 0xc2, 00, 0xa2, 00, 0xc2, 00, 0xa2, 00, 0xc2, 00, 0xa2,
  00, 0xc2, 00, 0xa2, 00, 0xc2, 00, 0xa2, 00, 0xc2, 00, 0xa2,
  00, 0xc2, 0x08, 0xe3, 0x01, 0x03, 0x01, 0x03, 00, 0xc2, 00, 0xa2,
  00, 0xc3, 00, 0xe3, 0x01, 0x04, 0x09, 0x44, 0x01, 0x03, 0x01, 0x03,
  00, 0xc2, 00, 0xa2, 00, 0xc3, 00, 0xe3, 0x01, 0x03, 00, 0xe3,
  00, 0xc3, 00, 0xe3, 0x01, 0x03, 0x01, 0x03, 00, 0xe2, 0x09, 0x23,
  0x01, 0x64, 0x01, 0x64, 0x01, 0x44, 0x01, 0x02, 0x01, 0x02, 0x01, 0x23,
  0x01, 0x44, 0x09, 0xa5, 0x01, 0x85, 0x01, 0x43, 0x01, 0xc5, 0x01, 0xc5,
  0x01, 0x44, 0x01, 0x43, 0x01, 0x44, 0x01, 0x02, 00, 0xc3, 00, 0xe3,
  00, 0xc2, 00, 0xc2, 00, 0xc3, 00, 0xe3, 00, 0xc2, 00, 0xa2,
  00, 0xc3, 00, 0xc2, 00, 0xc2, 00, 0xa2, 00, 0xc2, 00, 0xa2,
  00, 0xc2, 00, 0xa2, 00, 0xc2, 0x08, 0xc2, 00, 0xc2, 00, 0xa2,
  00, 0xc2, 00, 0xa2, 00, 0xc3, 0x08, 0xc2, 00, 0xc3, 00, 0xe3,
  00, 0xc3, 00, 0xe3, 00, 0xc3, 00, 0xe3, 0x01, 0x03, 0x01, 0x03,
  00, 0xc2, 00, 0xa2, 00, 0xc2, 00, 0xa2, 00, 0x82, 00, 0x82,
  00, 0x82, 00, 0xa2, 00, 0x82, 00, 0x82, 00, 0x82, 00, 0x81,
  00, 0x82, 00, 0xa2, 00, 0x82, 00, 0x82, 00, 0x82, 00, 0x81,
  00, 0x82, 00, 0x82, 00, 0x82, 00, 0x81, 00, 0x82, 00, 0x82,
  00, 0x82, 00, 0x40, 00, 0x41, 00, 0x41, 00, 0x41, 00, 0x41,
  00, 0x41, 0x08, 0x61, 00, 0x41, 00, 0x21, 00, 0x41, 00, 0x41,
  00, 0x41, 00, 0x41, 00, 0x41, 00, 0x61, 00, 0x41, 00, 0x41,
  00, 0x41, 00, 0x41, 00, 0x41, 00, 0x41, 00, 0x41, 00, 0x41,
  00, 0x41, 00, 0x41, 00, 0x41, 00, 0x41, 0x08, 0x82, 0x08, 0x40,
  00, 0x41, 00, 0x41, 00, 0x41, 00, 0x41, 00, 0x41, 00, 0x40,
  00, 0x41, 00, 0x41, 00, 0x40, 0x08, 0x81, 0x18, 0xe3, 0x08, 0x20,
  00, 0x41, 00, 0x40, 00, 0x01, 00, 0x21, 00, 00, 00, 0x20,
  0x08, 0x40, 00, 00, 0x08, 0x40, 00, 0x20, 0x08, 0x40, 00, 00,
  0x08, 0x20, 0x10, 0x82, 0x08, 0x40, 00, 00, 0x08, 0x40, 00, 0x20,
  0x08, 0x40, 00, 0x40, 00, 0x40, 00, 0x40, 0x08, 0x80, 00, 0x40,
  00, 0x40, 00, 0x41, 0x08, 0x81, 00, 0x41, 0x18, 0xc1, 0x18, 0xe2,
  0x08, 0x81, 00, 0x41, 0x08, 0x80, 00, 0x60, 0x08, 0x61, 00, 0x41,
  0x08, 0x80, 00, 0x40, 0x08, 0x61, 00, 0x41, 0x08, 0x81, 00, 0x41,
  0x08, 0x81, 00, 0x41, 0x08, 0x80, 00, 0x60, 0x08, 0x61, 00, 0x41,
  0x08, 0x80, 00, 0x40, 0x08, 0x81, 00, 0x41, 0x08, 0x61, 00, 0x41,
  00, 0x81, 00, 0x82, 0x08, 0x81, 00, 0x41, 0x08, 0x81, 00, 0x81,
  00, 0x81, 00, 0x82, 0x08, 0xc1, 00, 0xa1, 0x08, 0xc1, 00, 0xa1,
  0x08, 0xc1, 00, 0xa1, 0x19, 0x03, 00, 0x81, 0x08, 0xc2, 00, 0xa2,
  0x08, 0xc2, 00, 0xa2, 0x08, 0xa2, 00, 0xa2, 0x08, 0xc1, 00, 0xa1,
  0x08, 0xc1, 00, 0xa1, 00, 0xc1, 00, 0xc2, 0x09, 0x02, 00, 0xc2,
  0x09, 0x02, 00, 0xe2, 0x08, 0xc2, 00, 0xc2, 0x09, 0x02, 00, 0xe2,
  0x08, 0xa2, 00, 0xa2, 0x08, 0xc1, 00, 0xa1, 0x08, 0xc1, 00, 0xc2,
  00, 0xc2, 0x01, 0x03, 0x09, 0x02, 00, 0xc2, 0x08, 0xa2, 00, 0x82,
  0x08, 0xe2, 00, 0xc2, 0x09, 0x02, 00, 0xc2, 0x09, 0x02, 00, 0xc2,
  0x09, 0x02, 00, 0xe2, 0x09, 0x03, 0x09, 0x03, 0x09, 0x02, 00, 0xc2,
  0x09, 0x02, 00, 0xc2, 0x01, 0x02, 0x01, 0x02, 0x09, 0x43, 0x01, 0x03,
  0x09, 0x02, 00, 0xe2, 0x09, 0x44, 0x01, 0x23, 0x01, 0x02, 0x01, 0x43,
  0x09, 0xa4, 0x01, 0x63, 0x09, 0x43, 0x01, 0x23, 0x09, 0x44, 0x01, 0x64,
  0x09, 0x83, 0x01, 0x63, 0x12, 0x06, 0x01, 0xc5, 0x09, 0xc4, 0x01, 0xa4,
  0x09, 0x84, 0x01, 0x64, 0x09, 0x43, 0x01, 0x03, 0x09, 0x23, 0x01, 0x23,
  0x11, 0x43, 00, 0xc2, 0x11, 0x23, 00, 0xc2, 0x09, 0x02, 00, 0xe2,
  0x08, 0xc1, 00, 0xc2, 0x09, 0x02, 00, 0xc2, 0x09, 0x02, 00, 0xc2,
  00, 0xc2, 00, 0xc3, 0x08, 0xe2, 00, 0xc2, 0x08, 0xc1, 00, 0xa1,
  0x08, 0xc1, 00, 0xa1, 00, 0xc1, 00, 0xc2, 0x09, 0x02, 00, 0xc2,
  00, 0xc1, 00, 0xc2, 0x09, 0x02, 00, 0xc2, 0x09, 0x02, 00, 0xe2,
  0x09, 0x02, 00, 0xc2, 0x08, 0xc1, 00, 0xa1, 0x08, 0xc1, 00, 0xa1,
  0x08, 0xc1, 00, 0xa1, 0x08, 0xc2, 00, 0xa2, 00, 0x81, 00, 0x82,
  0x08, 0xc1, 00, 0xa1, 0x08, 0xc1, 00, 0xa1, 00, 0x81, 00, 0x82,
  00, 0x81, 00, 0x82, 0x08, 0xc1, 00, 0xa1, 0x08, 0x81, 00, 0x41,
  0x08, 0x81, 00, 0x41, 0x08, 0x61, 00, 0x61, 0x08, 0x61, 00, 0x61,
  00, 0x40, 00, 0x41, 0x08, 0x61, 00, 0x41, 00, 0x40, 00, 0x40,
  0x08, 0x61, 00, 0x41, 0x08, 0x61, 00, 0x41, 0x08, 0x81, 00, 0x41,
  0x08, 0x61, 00, 0x41, 0x08, 0x61, 00, 0x41, 00, 0x40, 00, 0x40,
  0x08, 0x61, 00, 0x41, 00, 0x40, 00, 0x40, 00, 0x40, 00, 0x40,
  0x08, 0x40, 00, 0x20, 0x08, 0x80, 00, 0x40, 0x08, 0x40, 00, 0x40,
  0x08, 0x40, 00, 0x40, 0x08, 0x40, 00, 00, 0x08, 0x20, 00, 0x20,
  0x08, 0x40, 00, 0x20, 0x08, 0x40, 00, 00, 0x08, 0x40, 00, 0x20,
  00, 0x01, 00, 0x21, 00, 0x01, 00, 0x21, 00, 0x01, 00, 0x21,
  00, 0x01, 00, 0x21, 00, 0x41, 00, 0x41, 00, 0x41, 00, 0x41,
  00, 0x41, 00, 0x41, 00, 0x41, 00, 0x41, 00, 0x42, 00, 0x21,
  00, 0x41, 00, 0x41, 00, 0x81, 00, 0x40, 0x49, 0xc5, 0x72, 0xc9,
  00, 0x40, 0x08, 0x61, 00, 0x41, 00, 0x41, 00, 0x41, 0x08, 0x61,
  00, 0x82, 00, 0x40, 00, 0x41, 0x08, 0x61, 00, 0x41, 00, 0x41,
  00, 0x41, 00, 0x41, 00, 0x41, 00, 0x21, 00, 0x41, 00, 0x41,
  00, 0x41, 0x08, 0x61, 00, 0x41, 00, 0x61, 00, 0x81, 00, 0x81,
  00, 0x82, 00, 0x81, 00, 0x81, 00, 0x61, 00, 0x82, 00, 0x81,
  00, 0x82, 0x08, 0x61, 00, 0xc3, 00, 0x81, 00, 0x82, 00, 0x81,
  00, 0x82, 0x08, 0xa2, 0x31, 0xe6, 0x08, 0xa1, 00, 0xc3, 00, 0x81,
  00, 0x82, 00, 0x81, 00, 0x82, 00, 0xa2, 00, 0x82, 00, 0x81,
  00, 0xc2, 00, 0xa2, 00, 0x82, 00, 0xa2, 0x01, 0x03, 0x09, 0x03,
  00, 0xc2, 00, 0xa2, 00, 0xc2, 0x08, 0xe3, 00, 0xc2, 00, 0xa2,
  00, 0xc2, 00, 0xa2, 00, 0xc2, 00, 0xa2, 00, 0xc3, 00, 0xc2,
  00, 0xc2, 00, 0xa2, 00, 0xc2, 0x08, 0xe3, 00, 0xc2, 00, 0xa2,
  00, 0xc3, 00, 0xc2, 00, 0xc2, 00, 0xa2, 00, 0xc2, 00, 0xa2,
  00, 0xc2, 00, 0xa2, 0x01, 0x03, 0x01, 0x03, 0x01, 0x03, 0x01, 0x03,
  0x01, 0x03, 00, 0xe3, 00, 0xe2, 0x09, 0x23, 0x01, 0x85, 0x01, 0x43,
  0x01, 0x03, 0x01, 0x23, 0x01, 0x85, 0x01, 0x44, 0x09, 0xa5, 0x09, 0x63,
  0x01, 0x44, 0x01, 0x23, 0x01, 0x03, 0x01, 0x23, 0x01, 0x64, 0x09, 0x64,
  0x01, 0x03, 0x01, 0x03, 0x01, 0x84, 0x09, 0xa5, 0x01, 0x44, 0x09, 0x84,
  0x01, 0xc6, 0x01, 0x84, 0x01, 0x03, 0x01, 0x23, 0x01, 0x44, 0x01, 0x23,
  0x09, 0x44, 0x09, 0x02, 0x01, 0x04, 0x08, 0xe3, 00, 0xc2, 00, 0xa2,
  00, 0xc2, 00, 0xa2, 00, 0xc3, 0x10, 0xe3, 00, 0xc3, 00, 0xc2,
  00, 0xc2, 00, 0xa2, 00, 0xc2, 00, 0xc2, 00, 0xc3, 00, 0x81,
  00, 0x82, 00, 0xa2, 00, 0x82, 00, 0xa2, 00, 0xc2, 0x08, 0xe3,
  00, 0xc2, 00, 0xa2, 00, 0xc3, 00, 0xe3, 00, 0xc3, 0x11, 0x04,
  00, 0xc2, 00, 0xa2, 00, 0x82, 00, 0x82, 00, 0xc3, 00, 0x81,
  00, 0x82, 00, 0x82, 00, 0x82, 0x08, 0xa2, 00, 0x82, 00, 0x81,
  00, 0x82, 0x08, 0xa2, 00, 0x82, 00, 0x81, 00, 0x82, 00, 0x81,
  00, 0x82, 00, 0x81, 00, 0x82, 00, 0x81, 00, 0x81, 00, 0x61,
  00, 0x81, 00, 0x61, 00, 0x41, 00, 0x41, 00, 0x41, 00, 0x41,
  00, 0x41, 00, 0x41, 00, 0x41, 00, 0x41, 00, 0x41, 0x08, 0x61,
  00, 0x41, 00, 0x21, 00, 0x41, 00, 0x41, 00, 0x41, 00, 0x61,
  00, 0x41, 00, 0x41, 00, 0x41, 00, 0x41, 00, 0x41, 00, 0x41,
  00, 0x41, 00, 0x41, 00, 0x41, 00, 0x41, 00, 0x41, 00, 0x41,
  00, 0x41, 00, 0x40, 00, 0x41, 00, 0x40, 00, 0x41, 00, 0x41,
  00, 0x41, 00, 0x41, 00, 0x41, 00, 0x40, 00, 0x41, 00, 0x40,
  00, 0x41, 00, 0x40, 00, 0x41, 00, 0x40, 00, 00, 00, 00,
  0x08, 0x40, 00, 0x20, 0x08, 0x40, 00, 0x20, 0x08, 0x40, 00, 00,
  0x08, 0x40, 00, 00, 00, 0x40, 00, 0x40, 0x08, 0x40, 00, 0x41,
  0x08, 0x40, 00, 00, 00, 0x40, 00, 0x40, 00, 0x40, 00, 0x40,
  0x08, 0x41, 00, 0x41, 00, 0x40, 00, 0x41, 0x10, 0x80, 0x08, 0x81,
  0x08, 0x61, 00, 0x41, 0x08, 0x81, 00, 0x41, 00, 0x40, 00, 0x40,
  0x08, 0x61, 00, 0x61, 0x08, 0x61, 00, 0x61, 0x08, 0x81, 00, 0x41,
  0x08, 0x61, 00, 0x61, 0x08, 0x61, 00, 0x41, 00, 0x40, 00, 0x40,
  00, 0x40, 00, 0x41, 0x08, 0x81, 00, 0x41, 0x08, 0x81, 00, 0x61,
  0x08, 0x81, 00, 0x41, 0x08, 0x81, 00, 0x61, 00, 0x81, 00, 0x82,
  0x10, 0xc2, 00, 0x81, 0x08, 0xc1, 00, 0xa1, 0x08, 0xc1, 00, 0xa1,
  0x08, 0x81, 00, 0x61, 00, 0x81, 00, 0x81, 0x08, 0xc1, 00, 0xa1,
  0x08, 0xc1, 00, 0xa1, 0x08, 0xc1, 00, 0xa1, 00, 0x81, 00, 0x82,
  0x08, 0xa2, 00, 0xa2, 0x08, 0xc1, 00, 0xc2, 0x01, 0x02, 0x01, 0x03,
  0x09, 0x02, 00, 0xc2, 0x08, 0xa2, 00, 0xa2, 0x09, 0x02, 00, 0xc2,
  0x08, 0xa2, 00, 0xa2, 0x08, 0xc2, 00, 0xa2, 00, 0xc2, 00, 0xc3,
  00, 0xc2, 00, 0xc3, 0x09, 0x02, 00, 0xc2, 00, 0xc1, 00, 0xc2,
  0x08, 0xc2, 00, 0xc2, 0x09, 0x02, 00, 0xc2, 00, 0xc2, 00, 0xc3,
  0x09, 0x02, 00, 0xc2, 0x09, 0x02, 00, 0xe2, 0x09, 0x02, 00, 0xc2,
  0x09, 0x02, 0x01, 0x02, 0x09, 0x03, 0x01, 0x03, 0x09, 0x43, 0x01, 0x23,
  0x09, 0x43, 0x01, 0x43, 0x09, 0x83, 0x01, 0x63, 0x11, 0x84, 0x09, 0x84,
  0x09, 0x23, 00, 0xe2, 0x01, 0x02, 0x01, 0x02, 0x01, 0x02, 0x01, 0x02,
  0x09, 0x03, 0x01, 0x03, 0x01, 0x43, 0x01, 0x44, 0x01, 0x43, 0x01, 0x44,
  0x09, 0xa4, 0x01, 0x63, 0x09, 0x84, 0x01, 0x64, 0x09, 0x64, 0x01, 0x64,
  0x09, 0x43, 0x01, 0x03, 0x09, 0x02, 00, 0xe2, 0x09, 0x02, 00, 0xc2,
  00, 0xc1, 00, 0xc2, 0x09, 0x02, 00, 0xc2, 0x11, 0x03, 00, 0xc2,
  0x11, 0x02, 00, 0xe2, 0x08, 0xc1, 00, 0xc2, 0x08, 0xa2, 00, 0xa2,
  0x08, 0xc1, 00, 0xa1, 0x08, 0xa2, 00, 0xa2, 00, 0xc1, 00, 0xc2,
  0x08, 0xe2, 00, 0xe2, 0x11, 0x03, 00, 0xc2, 0x08, 0xe2, 00, 0xc2,
  0x08, 0xc2, 00, 0x82, 0x08, 0xc1, 00, 0xa1, 0x08, 0xc1, 00, 0xa1,
  0x08, 0xc1, 00, 0xa1, 00, 0x81, 00, 0x82, 0x08, 0xc1, 00, 0xa1,
  0x08, 0xc1, 00, 0xa1, 0x08, 0x81, 00, 0x81, 0x08, 0xc1, 00, 0xa1,
  0x08, 0x81, 00, 0x81, 0x08, 0x81, 00, 0x41, 0x08, 0x81, 00, 0x41,
  0x08, 0x81, 00, 0x61, 0x08, 0x81, 00, 0x41, 0x08, 0x61, 00, 0x41,
  0x08, 0x61, 00, 0x61, 0x08, 0x61, 00, 0x61, 0x08, 0x61, 00, 0x61,
  0x08, 0x61, 00, 0x61, 0x08, 0x61, 00, 0x41, 0x08, 0x81, 00, 0x41,
  0x08, 0x61, 00, 0x41, 0x08, 0x80, 00, 0x60, 00, 0x40, 00, 0x40,
  0x08, 0x61, 00, 0x61, 0x08, 0x61, 00, 0x41, 00, 0x40, 00, 0x40,
  00, 0x40, 00, 0x41, 0x20, 0xc3, 00, 00, 0x08, 0x40, 00, 0x40,
  0x08, 0x40, 00, 00, 0x08, 0x40, 00, 00, 0x08, 0x40, 00, 00,
  0x08, 0x40, 00, 00, 0x08, 0x40, 00, 00, 0x08, 0x40, 00, 0x20,
  00, 0x01, 00, 0x21, 00, 0x41, 0x08, 0x21, 00, 0x41, 00, 0x40,
  00, 0x41, 00, 0x40, 00, 0x41, 00, 0x41, 00, 0x41, 00, 0x21,
  00, 0x41, 00, 0x41, 00, 0x41, 00, 0x41, 00, 0x41, 00, 0x41,
  00, 0x41, 00, 0x41, 00, 0x41, 00, 0x61, 00, 0x41, 0x08, 0x61,
  00, 0x41, 0x08, 0x61, 00, 0x41, 00, 0x41, 00, 0x41, 00, 0x41,
  00, 0x41, 00, 0x41, 00, 0x41, 00, 0x41, 00, 0x41, 00, 0x41,
  00, 0x41, 00, 0x41, 00, 0x41, 00, 0x41, 00, 0x41, 00, 0x41,
  00, 0x41, 00, 0x41, 00, 0x41, 0x08, 0x61, 00, 0x81, 00, 0x61,
  00, 0x41, 00, 0x61, 00, 0x82, 00, 0x81, 00, 0x82, 00, 0x81,
  00, 0x82, 0x08, 0x81, 00, 0x81, 0x08, 0xc2, 00, 0x82, 00, 0x82,
  00, 0x82, 00, 0x81, 00, 0x82, 00, 0x82, 00, 0x82, 00, 0x61,
  00, 0xa2, 00, 0xa2, 00, 0x82, 00, 0x82, 00, 0x82, 00, 0x81,
  00, 0x81, 00, 0xa2, 00, 0xc2, 00, 0xa2, 0x01, 0x03, 0x01, 0x03,
  0x01, 0x03, 00, 0xc2, 00, 0xc2, 00, 0xa2, 00, 0xc2, 0x08, 0xe3,
  00, 0xc2, 00, 0xa2, 00, 0xc2, 00, 0xa2, 00, 0xc2, 00, 0xa2,
  00, 0xc2, 00, 0xc2, 00, 0xc2, 00, 0xa2, 00, 0xc2, 0x08, 0xe2,
  00, 0xc2, 00, 0xa2, 00, 0xc3, 00, 0xe3, 00, 0xc2, 00, 0xa2,
  00, 0xc2, 00, 0xa2, 00, 0xc2, 00, 0xa2, 0x01, 0x03, 0x01, 0x03,
  00, 0xc2, 00, 0xa2, 0x01, 0x03, 0x01, 0x23, 0x01, 0x03, 0x01, 0x03,
  0x01, 0x03, 0x09, 0x64, 0x01, 0x43, 0x01, 0x43, 0x01, 0x44, 0x01, 0x64,
  0x01, 0x44, 0x01, 0x02, 0x01, 0x03, 0x01, 0x03, 0x01, 0x03, 0x01, 0x02,
  0x01, 0x03, 0x01, 0x03, 0x01, 0x03, 0x01, 0x03, 0x01, 0x64, 0x09, 0x64,
  0x01, 0x03, 0x01, 0x03, 0x01, 0x84, 0x09, 0xc5, 0x01, 0x84, 0x01, 0x64,
  0x01, 0x44, 0x01, 0x24, 0x01, 0x04, 0x09, 0x44, 00, 0xc3, 00, 0xe3,
  0x01, 0x03, 0x01, 0x02, 00, 0xc3, 00, 0xc2, 0x01, 0x04, 00, 0xe3,
  00, 0xc3, 00, 0xc2, 00, 0xc2, 00, 0xa2, 00, 0xc2, 00, 0xa2,
  00, 0x82, 00, 0xa2, 00, 0xc2, 00, 0xa2, 00, 0xc2, 00, 0xa2,
  00, 0xc2, 00, 0xa2, 00, 0x82, 00, 0xa2, 00, 0xc2, 00, 0xa2,
  00, 0xc2, 00, 0xa2, 00, 0x82, 00, 0x82, 00, 0x82, 00, 0x82,
  00, 0x82, 00, 0x82, 00, 0x82, 00, 0x81, 00, 0xc2, 00, 0xa2,
  00, 0x82, 00, 0x82, 00, 0x82, 00, 0x82, 00, 0x82, 00, 0x81,
  00, 0x82, 00, 0x81, 00, 0x81, 00, 0x61, 00, 0x81, 00, 0x81,
  00, 0x41, 00, 0x61, 00, 0x41, 00, 0x41, 00, 0x41, 00, 0x41,
  00, 0x41, 00, 0x41, 00, 0x41, 00, 0x41, 00, 0x41, 0x08, 0x61,
  00, 0x41, 0x08, 0x61, 00, 0x41, 00, 0x41, 00, 0x41, 00, 0x41,
  00, 0x41, 00, 0x41, 00, 0x41, 00, 0x41, 00, 0x41, 00, 0x41,
  00, 0x41, 0x08, 0x61, 00, 0x41, 00, 0x41, 00, 0x41, 00, 0x41,
  00, 0x41, 00, 0x41, 0x08, 0x82, 0x08, 0x20, 00, 0x41, 00, 0x41,
  00, 0x41, 00, 0x40, 00, 0x41, 00, 0x40, 00, 0x41, 00, 0x40,
  00, 0x41, 00, 0x40, 00, 00, 00, 00, 00, 00, 00, 00,
  0x08, 0x40, 00, 00, 0x08, 0x40, 00, 00, 00, 0x40, 00, 0x41,
  0x08, 0x40, 00, 0x20, 0x08, 0x40, 00, 00, 0x08, 0x40, 00, 0x20,
  00, 0x40, 00, 0x41, 00, 0x40, 00, 0x40, 00, 0x40, 00, 0x40,
  00, 0x40, 00, 0x41, 0x08, 0x61, 00, 0x41, 0x08, 0x40, 00, 0x40,
  0x08, 0x61, 00, 0x41, 00, 0x40, 00, 0x41, 0x08, 0x81, 00, 0x41,
  0x08, 0x61, 00, 0x61, 0x08, 0x61, 00, 0x41, 00, 0x40, 00, 0x41,
  0x08, 0x81, 00, 0x41, 0x08, 0x61, 00, 0x41, 0x08, 0x61, 00, 0x41,
  0x08, 0x61, 00, 0x41, 0x08, 0x81, 00, 0x61, 0x08, 0x61, 00, 0x61,
  0x08, 0x81, 00, 0x41, 00, 0x81, 00, 0x82, 0x08, 0xc1, 00, 0xa1,
  0x08, 0xa2, 00, 0x61, 00, 0x81, 00, 0x82, 0x08, 0x81, 00, 0x61,
  0x08, 0xc1, 00, 0xa1, 0x08, 0xc1, 00, 0xa1, 0x08, 0xc1, 00, 0xa1,
  00, 0x81, 00, 0x82, 0x08, 0xc1, 0x08, 0xe2, 00, 0x81, 00, 0x82,
  0x08, 0xc1, 00, 0xc2, 0x08, 0xc1, 00, 0xc2, 0x09, 0x03, 0x01, 0x03,
  0x08, 0xe3, 00, 0xa2, 0x08, 0xe3, 00, 0xa2, 00, 0xc1, 00, 0xc2,
  0x08, 0xc2, 00, 0xc2, 0x08, 0xa2, 00, 0xa2, 0x08, 0xc1, 00, 0xc2,
  0x09, 0x02, 00, 0xc2, 0x09, 0x02, 00, 0xc2, 0x09, 0x02, 00, 0xc2,
  0x09, 0x02, 00, 0xc2, 0x09, 0x02, 00, 0xc2, 0x09, 0x02, 00, 0xc2,
  00, 0xc2, 00, 0xc3, 0x09, 0x02, 00, 0xc2, 0x09, 0x02, 00, 0xe2,
  0x09, 0x02, 00, 0xc2, 0x09, 0x43, 0x01, 0x03, 0x09, 0x02, 0x01, 0x02,
  0x09, 0x23, 0x01, 0x23, 0x09, 0x23, 00, 0xe2, 0x01, 0x02, 0x01, 0x03,
  0x09, 0x44, 0x01, 0x64, 0x11, 0x64, 00, 0xe2, 0x09, 0x02, 00, 0xc2,
  0x09, 0x42, 0x01, 0x22, 0x09, 0x02, 0x01, 0x02, 0x09, 0x44, 0x01, 0x23,
  0x09, 0x02, 00, 0xc2, 0x09, 0x02, 00, 0xe2, 0x09, 0x44, 0x01, 0x23,
  0x09, 0x43, 0x01, 0x23, 0x09, 0x44, 0x01, 0x23, 0x01, 0x02, 0x01, 0x03,
  0x09, 0x44, 0x01, 0x23, 0x09, 0x02, 00, 0xe2, 0x09, 0x02, 00, 0xe2,
  0x09, 0x02, 00, 0xc2, 0x08, 0xa2, 00, 0xa2, 00, 0xc1, 00, 0xc2,
  0x09, 0x02, 00, 0xe2, 0x08, 0xc1, 00, 0xa1, 00, 0xc1, 00, 0xc2,
  0x11, 0x03, 00, 0xc2, 0x08, 0xc2, 00, 0x82, 00, 0xc1, 00, 0xc2,
  0x09, 0x02, 00, 0xc2, 0x08, 0xc1, 00, 0xa1, 0x08, 0xc2, 00, 0xa2,
  0x08, 0xc1, 00, 0xa1, 0x08, 0xc1, 00, 0xa1, 0x08, 0xc1, 00, 0xa1,
  0x19, 0x03, 00, 0x81, 0x08, 0xc1, 00, 0xa1, 0x08, 0xc1, 00, 0xa1,
  0x08, 0x81, 00, 0x61, 0x08, 0x81, 00, 0x81, 0x08, 0x81, 00, 0x41,
  0x08, 0x81, 00, 0x41, 0x08, 0x61, 00, 0x41, 0x08, 0x61, 00, 0x41,
  00, 0x40, 00, 0x41, 0x08, 0x61, 00, 0x41, 0x08, 0x61, 00, 0x61,
  0x08, 0x81, 00, 0x41, 0x08, 0x61, 00, 0x61, 00, 0x81, 00, 0x82,
  0x08, 0x61, 00, 0x41, 0x08, 0x61, 00, 0x41, 0x08, 0x80, 00, 0x60,
  0x08, 0x61, 00, 0x41, 00, 0x40, 00, 0x40, 0x08, 0x80, 00, 0x40,
  0x08, 0x41, 00, 0x41, 00, 0x40, 00, 0x40, 0x08, 0x40, 00, 00,
  0x08, 0x40, 00, 00, 0x08, 0x40, 00, 0x20, 0x08, 0x40, 00, 00,
  0x08, 0x40, 00, 00, 0x08, 0x40, 00, 00, 0x08, 0x40, 00, 0x20,
  00, 0x01, 00, 0x21, 00, 0x01, 00, 0x21, 00, 0x41, 00, 0x41,
  00, 0x41, 00, 0x40, 00, 0x41, 00, 0x41, 00, 0x01, 00, 0x21,
  00, 0x41, 00, 0x41, 00, 0x41, 00, 0x41, 00, 0x41, 00, 0x41,
  00, 0x41, 00, 0x41, 00, 0x41, 00, 0x41, 00, 0x41, 00, 0x41,
  00, 0x41, 00, 0x41, 00, 0x41, 0x08, 0x61, 00, 0x41, 00, 0x41,
  00, 0x41, 00, 0x41, 0x08, 0x82, 0x08, 0x40, 00, 0x41, 00, 0x41,
  00, 0x41, 00, 0x21, 00, 0x41, 00, 0x41, 00, 0x41, 00, 0x41,
  00, 0x41, 00, 0x21, 00, 0x41, 00, 0x61, 00, 0x41, 00, 0x61,
  00, 0x81, 00, 0x61, 00, 0x82, 00, 0x81, 00, 0x82, 00, 0x81,
  00, 0xc2, 00, 0x81, 00, 0x82, 00, 0x81, 00, 0x81, 00, 0x61,
  00, 0x82, 00, 0x81, 00, 0x82, 00, 0x82, 00, 0x82, 0x08, 0xa2,
  00, 0x82, 00, 0x81, 00, 0x82, 00, 0x82, 00, 0x82, 00, 0x82,
  00, 0xc2, 00, 0xa2, 00, 0xc2, 0x08, 0xe3, 00, 0xc3, 0x08, 0xe2,
  00, 0xc2, 00, 0xa2, 00, 0xc2, 0x08, 0xe3, 00, 0xc2, 00, 0xa2,
  00, 0xc2, 00, 0xa2, 00, 0xc2, 00, 0xa2, 00, 0xc2, 00, 0xc2,
  00, 0xe2, 00, 0xe2, 00, 0xc2, 00, 0xa2, 00, 0xc2, 00, 0xa2,
  00, 0xc2, 0x08, 0xe3, 00, 0xc2, 00, 0xa2, 0x01, 0x03, 0x01, 0x03,
  00, 0xc2, 00, 0xa2, 00, 0xc3, 00, 0xe3, 0x01, 0x03, 0x01, 0x03,
  0x01, 0x03, 0x01, 0x03, 00, 0xc2, 00, 0xa2, 0x01, 0x03, 0x01, 0x02,
  00, 0xc3, 00, 0xe3, 0x01, 0x03, 0x01, 0x03, 0x01, 0x03, 0x01, 0x23,
  0x01, 0x23, 0x09, 0x64, 0x01, 0x44, 0x01, 0x02, 0x01, 0x03, 0x01, 0x03,
  0x01, 0x03, 0x01, 0x03, 0x01, 0x03, 0x01, 0x02, 0x01, 0x03, 0x01, 0x02,
  0x01, 0x03, 0x01, 0x03, 0x01, 0x03, 0x01, 0x02, 0x01, 0x04, 0x01, 0x24,
  0x01, 0x44, 0x01, 0x43, 0x11, 0x24, 0x21, 0x85, 00, 0xc2, 0x08, 0xe3,
  0x01, 0x04, 00, 0xc3, 00, 0xc3, 00, 0xe3, 00, 0xc2, 00, 0xa2,
  00, 0xc2, 0x11, 0x03, 00, 0xc3, 00, 0xc2, 00, 0xc2, 00, 0xa2,
  00, 0xc2, 00, 0xa2, 00, 0xc2, 00, 0xa2, 00, 0xc2, 00, 0xa2,
  00, 0xc3, 00, 0xc2, 00, 0xc2, 00, 0xa2, 00, 0x81, 00, 0xa2,
  0x01, 0x03, 00, 0xc2, 00, 0x82, 00, 0x82, 00, 0xc2, 0x08, 0xc2,
  00, 0x82, 00, 0x82, 00, 0x82, 00, 0x82, 00, 0x82, 00, 0x81,
  0x11, 0x04, 0x08, 0x61, 00, 0x82, 00, 0x81, 00, 0x82, 00, 0x82,
  00, 0x41, 00, 0x61, 00, 0x82, 00, 0x81, 00, 0x81, 00, 0x81,
  00, 0x41, 00, 0x61, 00, 0x41, 00, 0x41, 00, 0x41, 00, 0x41,
  00, 0x41, 00, 0x41, 00, 0x41, 00, 0x41, 00, 0x41, 00, 0x41,
  00, 0x41, 0x10, 0xa2, 00, 0x81, 00, 0x61, 00, 0x81, 00, 0x61,
  00, 0x41, 00, 0x61, 00, 0x41, 00, 0x61, 00, 0x41, 00, 0x41,
  00, 0x41, 00, 0x21, 00, 0x41, 00, 0x41, 00, 0x42, 00, 0x21,
  00, 0x41, 00, 0x41, 00, 0x41, 00, 0x41, 00, 0x01, 00, 0x21,
  00, 0x41, 00, 0x40, 00, 0x01, 00, 0x21, 00, 0x41, 00, 0x40,
  00, 00, 00, 0x20, 00, 0x01, 00, 0x21, 00, 00, 00, 00,
  0x08, 0x40, 00, 0x20, 0x08, 0x40, 00, 0x41, 0x08, 0x40, 00, 0x20,
  0x08, 0x40, 00, 00, 0x08, 0x40, 00, 0x20, 0x08, 0x40, 00, 0x40,
  00, 0x40, 00, 0x40, 0x08, 0x41, 00, 0x41, 0x08, 0x80, 00, 0x40,
  0x08, 0x61, 00, 0x41, 0x08, 0x61, 00, 0x41, 0x08, 0x61, 00, 0x41,
  0x08, 0x80, 00, 0x60, 00, 0x40, 00, 0x40, 0x08, 0x61, 00, 0x41,
  00, 0x40, 00, 0x41, 0x08, 0x40, 00, 0x20, 0x08, 0x40, 00, 0x40,
  00, 0x40, 00, 0x41, 0x08, 0x61, 00, 0x41, 00, 0x40, 00, 0x40,
  0x08, 0x61, 00, 0x61, 0x08, 0x61, 00, 0x41, 0x08, 0x81, 00, 0x81,
  0x08, 0x81, 00, 0x41, 0x08, 0x81, 00, 0x41, 0x08, 0x61, 00, 0x61,
  0x08, 0xc1, 00, 0xa1, 0x08, 0x81, 00, 0x61, 00, 0x81, 00, 0x82,
  0x08, 0x81, 00, 0x61, 0x08, 0x81, 00, 0x81, 00, 0x81, 00, 0x82,
  0x08, 0xc1, 00, 0xa1, 0x08, 0xc1, 00, 0xa1, 0x08, 0xc1, 00, 0xa1,
  0x08, 0xc2, 00, 0xa2, 0x08, 0xc2, 00, 0xc2, 0x08, 0xc2, 00, 0xc3,
  0x09, 0x02, 00, 0xc2, 00, 0xc1, 00, 0xc2, 0x08, 0xc1, 00, 0xa1,
  00, 0xc1, 00, 0xc2, 0x09, 0x02, 00, 0xe2, 0x08, 0xe3, 00, 0xa2,
  0x08, 0xc1, 00, 0xc2, 0x08, 0xc2, 00, 0xa2, 0x08, 0xc1, 00, 0xc2,
  0x08, 0xc2, 00, 0xc2, 0x09, 0x02, 0x01, 0x23, 0x09, 0x02, 00, 0xc2,
  0x08, 0xe3, 00, 0xa2, 0x08, 0xc2, 00, 0xc2, 0x09, 0x02, 00, 0xc2,
  0x09, 0x02, 00, 0xc2, 00, 0xc1, 00, 0xc2, 0x09, 0x02, 00, 0xe2,
  0x09, 0x02, 00, 0xc2, 0x01, 0x02, 0x01, 0x03, 0x09, 0x44, 0x01, 0x23,
  0x09, 0x43, 0x01, 0x64, 0x09, 0x02, 00, 0xc2, 0x01, 0x02, 0x01, 0x03,
  0x09, 0x43, 0x01, 0x23, 0x01, 0x02, 0x01, 0x02, 0x09, 0x23, 00, 0xe2,
  0x09, 0x43, 0x01, 0x23, 0x09, 0x42, 0x01, 0x02, 0x09, 0x02, 00, 0xe2,
  0x09, 0x02, 00, 0xc2, 0x09, 0x02, 00, 0xe2, 0x09, 0x02, 00, 0xc2,
  0x09, 0x02, 00, 0xe2, 0x08, 0xc1, 00, 0xc2, 0x09, 0x02, 00, 0xe2,
  00, 0xc1, 00, 0xc2, 0x09, 0x02, 00, 0xc2, 0x09, 0x02, 00, 0xe2,
  0x09, 0x02, 00, 0xc2, 0x09, 0x03, 0x01, 0x03, 0x09, 0x02, 00, 0xe2,
  0x09, 0x02, 00, 0xc2, 0x08, 0xa2, 00, 0x82, 00, 0xc1, 00, 0xc2,
  0x09, 0x02, 00, 0xe2, 0x08, 0xc1, 00, 0xa1, 0x08, 0xa2, 00, 0xa2,
  0x08, 0xc1, 00, 0xa1, 0x08, 0xc1, 00, 0xa1, 0x08, 0xc1, 00, 0xa1,
  00, 0x81, 00, 0x82, 0x08, 0xc1, 00, 0xa1, 0x08, 0x81, 00, 0x61,
  0x08, 0x81, 00, 0x41, 0x08, 0x81, 00, 0x41, 0x08, 0x81, 00, 0x82,
  0x08, 0x61, 00, 0x41, 0x08, 0x81, 00, 0x41, 0x08, 0x61, 00, 0x41,
  0x08, 0x81, 00, 0x41, 0x08, 0x81, 00, 0x41, 0x08, 0x61, 00, 0x41,
  00, 0x40, 0x10, 0xc3, 0x10, 0xc2, 00, 0x41, 0x08, 0x81, 00, 0x41,
  0x08, 0x81, 00, 0x41, 0x08, 0x61, 00, 0x61, 0x08, 0x61, 00, 0x61,
  0x08, 0x61, 00, 0x41, 0x10, 0x81, 00, 0x40, 0x08, 0x40, 00, 0x40,
  0x08, 0x40, 00, 00, 0x08, 0x40, 00, 0x20, 0x08, 0x40, 00, 00,
  0x08, 0x40, 00, 00, 0x08, 0x40, 00, 00, 0x08, 0x40, 00, 00,
  0x08, 0x40, 00, 00, 0x08, 0x40, 00, 00, 0x08, 0x40, 00, 0x20,
  00, 0x01, 00, 0x21, 00, 0x41, 00, 0x41, 00, 0x41, 00, 0x41,
  00, 0x41, 00, 0x41, 00, 0x41, 00, 0x41, 00, 0x41, 00, 0x41,
  00, 0x41, 00, 0x41, 00, 0x41, 00, 0x41, 00, 0x41, 00, 0x41,
  00, 0x41, 00, 0x41, 00, 0x41, 00, 0x41, 00, 0x41, 00, 0x41,
  00, 0x41, 00, 0x41, 00, 0x41, 00, 0x41, 00, 0x41, 0x08, 0x21,
  00, 0x41, 00, 0x41, 00, 0x41, 0x08, 0x81, 00, 0x41, 00, 0x41,
  00, 0x41, 00, 0x41, 00, 0x41, 00, 0x41, 00, 0x41, 00, 0x41,
  00, 0x41, 00, 0x41, 00, 0x41, 00, 0x41, 00, 0x41, 0x08, 0x61,
  00, 0x81, 00, 0x61, 00, 0x82, 00, 0x41, 00, 0x41, 00, 0x61,
  00, 0x82, 00, 0x82, 00, 0x81, 00, 0x61, 00, 0x82, 00, 0x81,
  00, 0x81, 00, 0x81, 00, 0x81, 00, 0x61, 00, 0x82, 00, 0x81,
  00, 0x82, 00, 0x81, 00, 0x82, 00, 0x81, 00, 0x82, 00, 0x82,
  00, 0x81, 00, 0xa2, 00, 0xc3, 00, 0xc2, 00, 0xc3, 00, 0x81,
  00, 0xc2, 0x08, 0xe3, 00, 0xc2, 00, 0xa2, 00, 0x82, 00, 0xa2,
  00, 0xa2, 0x08, 0xe3, 0x01, 0x02, 0x01, 0x02, 00, 0xc2, 00, 0xc2,
  00, 0xc2, 00, 0xa2, 00, 0xc2, 0x08, 0xe3, 00, 0xc2, 00, 0xa2,
  00, 0xc3, 00, 0xc2, 00, 0xc3, 00, 0xe3, 0x01, 0x03, 0x01, 0x03,
  00, 0xc2, 00, 0xa2, 00, 0xc3, 00, 0xe3, 0x01, 0x03, 00, 0xe3,
  00, 0xc2, 00, 0xa2, 00, 0xc2, 00, 0xa2, 00, 0xc2, 0x08, 0xe2,
  00, 0xe2, 00, 0xe2, 0x01, 0x03, 0x01, 0x02, 0x01, 0x03, 0x01, 0x23,
  0x01, 0x03, 0x01, 0x02, 0x01, 0x03, 0x01, 0x03, 0x01, 0x04, 0x09, 0x44,
  0x01, 0x43, 00, 0xc2, 00, 0xc2, 0x08, 0xe3, 0x01, 0x03, 0x01, 0x02,
  0x01, 0x03, 0x01, 0x23, 0x01, 0x03, 0x01, 0x03, 0x01, 0x03, 0x01, 0x02,
  00, 0xc3, 00, 0xe3, 0x01, 0x03, 00, 0xc2, 00, 0xc3, 00, 0xe3,
  00, 0xc2, 00, 0xa2, 00, 0xc2, 00, 0xa2, 00, 0xc2, 00, 0xa2,
  00, 0xc3, 00, 0xe3, 00, 0xc3, 00, 0xe3, 0x01, 0x03, 0x01, 0x03,
  00, 0xc2, 00, 0xa2, 00, 0xc3, 00, 0xe3, 00, 0xc3, 00, 0xe3,
  00, 0xc2, 00, 0xa2, 00, 0xc2, 00, 0xa2, 00, 0xc2, 00, 0xa2,
  00, 0xc3, 00, 0xc2, 00, 0xc2, 00, 0xa2, 00, 0xc2, 00, 0xa2,
  00, 0x82, 00, 0xa2, 00, 0x82, 00, 0x81, 00, 0x82, 00, 0x82,
  00, 0x82, 00, 0x82, 00, 0x82, 00, 0x81, 00, 0x81, 00, 0x61,
  00, 0x82, 00, 0x61, 00, 0x41, 00, 0x61, 00, 0x41, 0x08, 0x61,
  00, 0x41, 00, 0x21, 00, 0x41, 0x08, 0x61, 00, 0x41, 00, 0x41,
  00, 0x81, 0x08, 0x61, 00, 0x41, 00, 0x21, 00, 0x41, 00, 0x61,
  00, 0x81, 00, 0x61, 00, 0x82, 00, 0x81, 00, 0x81, 00, 0x61,
  00, 0x81, 00, 0x61, 0x08, 0x81, 0x10, 0xc2, 00, 0x41, 0x08, 0x61,
  00, 0x41, 00, 0x41, 0x10, 0xc3, 00, 0x40, 00, 0x41, 00, 0x41,
  00, 0x41, 00, 0x41, 00, 0x41, 00, 0x40, 00, 0x41, 00, 0x41,
  00, 0x41, 00, 0x41, 00, 0x41, 00, 0x41, 00, 0x01, 00, 0x21,
  00, 00, 00, 0x20, 00, 0x41, 0x08, 0x21, 00, 00, 00, 0x20,
  0x08, 0x40, 00, 00, 0x08, 0x40, 00, 00, 0x08, 0x40, 00, 0x40,
  0x08, 0x40, 00, 0x20, 0x08, 0x41, 00, 0x41, 0x08, 0x40, 00, 00,
  00, 0x40, 00, 0x41, 0x08, 0x40, 00, 0x20, 0x08, 0x61, 00, 0x41,
  00, 0x40, 00, 0x41, 0x08, 0x61, 00, 0x41, 00, 0x40, 00, 0x41,
  0x08, 0x61, 00, 0x41, 00, 0x40, 00, 0x40, 00, 0x40, 00, 0x40,
  0x08, 0x40, 00, 0x20, 0x08, 0x41, 00, 0x41, 0x08, 0x40, 00, 0x40,
  0x08, 0x80, 00, 0x40, 00, 0x40, 00, 0x40, 0x08, 0x61, 00, 0x41,
  0x08, 0x61, 00, 0x41, 0x08, 0x61, 00, 0x41, 00, 0x40, 0x08, 0x81,
  0x10, 0xc2, 00, 0x41, 0x08, 0x80, 00, 0x40, 0x08, 0x61, 00, 0x41,
  0x08, 0x61, 00, 0x61, 0x08, 0xa2, 00, 0x61, 0x08, 0x61, 00, 0x61,
  0x08, 0x81, 00, 0x81, 0x08, 0x81, 00, 0x61, 0x08, 0x81, 00, 0x81,
  0x08, 0x81, 00, 0x81, 0x08, 0xc1, 00, 0xa1, 0x08, 0xa2, 00, 0xa2,
  0x08, 0xc1, 00, 0xe2, 0x08, 0xc1, 00, 0xc2, 0x08, 0xc1, 00, 0xa1,
  0x08, 0xc1, 00, 0xc2, 0x08, 0xe2, 00, 0x81, 0x08, 0xc1, 00, 0xa1,
  0x08, 0xa2, 00, 0xa2, 00, 0xc1, 00, 0xc2, 0x08, 0xe2, 00, 0xe2,
  0x08, 0xe2, 00, 0x81, 0x08, 0xc2, 00, 0xc2, 0x08, 0xa2, 00, 0xa2,
  0x09, 0x02, 00, 0xc2, 00, 0xc1, 00, 0xc2, 0x09, 0x03, 0x01, 0x03,
  0x09, 0x02, 00, 0xe2, 0x09, 0x02, 00, 0xc2, 0x09, 0x02, 00, 0xe2,
  0x08, 0xe2, 00, 0x81, 0x08, 0xa2, 00, 0xa2, 0x08, 0xc2, 00, 0xc2,
  0x09, 0x02, 00, 0xe2, 0x09, 0x02, 00, 0xc2, 0x01, 0x01, 0x01, 0x02,
  0x09, 0x43, 0x01, 0x44, 0x09, 0x43, 0x01, 0x23, 0x11, 0x44, 0x01, 0x03,
  0x09, 0x02, 00, 0xc2, 0x09, 0x02, 0x01, 0x02, 0x09, 0x03, 0x01, 0x03,
  0x09, 0x02, 0x01, 0x02, 0x09, 0x22, 0x01, 0x02, 0x09, 0x03, 0x01, 0x03,
  0x01, 0x02, 0x01, 0x02, 0x09, 0x02, 00, 0xc2, 00, 0xc2, 00, 0xc3,
  0x09, 0x02, 00, 0xc2, 0x10, 0xe2, 00, 0xc2, 0x09, 0x02, 00, 0xe2,
  0x09, 0x02, 00, 0xe2, 0x09, 0x02, 00, 0xc2, 0x09, 0x02, 00, 0xc2,
  0x09, 0x02, 00, 0xe2, 0x08, 0xc1, 00, 0xe2, 0x09, 0x43, 0x01, 0x03,
  00, 0xc2, 00, 0xc3, 0x09, 0x02, 00, 0xc2, 0x08, 0xc1, 00, 0xa1,
  0x08, 0xc1, 00, 0xc2, 0x08, 0xe2, 00, 0xc2, 0x08, 0xa2, 00, 0x82,
  0x08, 0xc2, 00, 0x82, 00, 0x81, 00, 0x82, 00, 0x81, 00, 0x82,
  0x08, 0xc1, 00, 0xa1, 0x08, 0x81, 00, 0x61, 0x08, 0x81, 00, 0x81,
  0x08, 0x81, 00, 0x61, 0x08, 0x81, 00, 0x81, 0x08, 0x61, 00, 0x61,
  0x08, 0x81, 00, 0x61, 0x08, 0x61, 00, 0x61, 0x08, 0x61, 00, 0x41,
  0x08, 0x61, 00, 0x41, 0x08, 0x81, 00, 0x41, 0x08, 0x61, 00, 0x61,
  00, 0x81, 00, 0x82, 0x08, 0x81, 00, 0x61, 00, 0x81, 00, 0x82,
  0x08, 0x81, 00, 0x41, 0x08, 0x81, 00, 0x61, 0x08, 0x61, 00, 0x41,
  0x08, 0x81, 00, 0x41, 00, 0x40, 00, 0x40, 0x08, 0x41, 00, 0x41,
  0x08, 0x40, 00, 0x20, 0x08, 0x40, 00, 00, 0x08, 0x40, 00, 0x20,
  0x08, 0x40, 00, 00, 0x08, 0x40, 00, 00, 0x08, 0x40, 00, 00,
  0x08, 0x40, 00, 00, 0x08, 0x40, 00, 0x20, 0x08, 0x40, 00, 0x20,
  00, 0x01, 00, 0x21, 00, 0x41, 00, 0x40, 00, 0x41, 00, 0x41,
  00, 0x41, 00, 0x40, 00, 0x41, 00, 0x41, 00, 0x40, 0x21, 0x03,
  0x10, 0xc3, 00, 0x40, 00, 0x41, 00, 0x40, 00, 0x41, 00, 0x41,
  00, 0x41, 0x08, 0x41, 00, 0x41, 00, 0x41, 00, 0x41, 00, 0x41,
  00, 0x41, 00, 0x41, 00, 0x41, 00, 0x41, 00, 0x41, 00, 0x41,
  00, 0x41, 00, 0x41, 00, 0x41, 00, 0x41, 00, 0x41, 00, 0x41,
  00, 0x41, 00, 0x41, 00, 0x41, 00, 0x41, 00, 0x41, 00, 0x41,
  00, 0x41, 00, 0x41, 00, 0x41, 00, 0x41, 00, 0x41, 00, 0x41,
  00, 0x81, 00, 0x61, 00, 0x41, 00, 0x61, 00, 0x41, 00, 0x61,
  00, 0x41, 00, 0x41, 00, 0x82, 00, 0x82, 00, 0x81, 00, 0x61,
  00, 0x82, 00, 0x81, 00, 0x81, 00, 0x61, 00, 0x82, 00, 0x81,
  00, 0x82, 00, 0x81, 00, 0x82, 00, 0xa2, 00, 0x82, 00, 0xa2,
  00, 0xc2, 00, 0xa2, 00, 0xc2, 00, 0xa2, 00, 0xc2, 00, 0xa2,
  00, 0xc2, 00, 0xa2, 00, 0xc2, 00, 0xa2, 00, 0x82, 00, 0xa2,
  00, 0xc2, 00, 0xa2, 00, 0xc2, 00, 0xa2, 00, 0xc2, 00, 0xa2,
  00, 0xc2, 00, 0xa2, 00, 0xc2, 00, 0xa2, 00, 0xc2, 00, 0xa2,
  00, 0xc3, 00, 0xe3, 00, 0x82, 00, 0xa2, 00, 0xc3, 00, 0xe3,
  00, 0xc2, 00, 0xa2, 00, 0xc2, 00, 0xa2, 00, 0xc2, 00, 0xa2,
  00, 0xc2, 00, 0xa2, 00, 0xc2, 00, 0xa2, 00, 0xc2, 00, 0xa2,
  0x01, 0x03, 0x01, 0x02, 00, 0xc2, 00, 0xa2, 00, 0xc3, 00, 0xe3,
  0x01, 0x04, 0x09, 0x65, 0x01, 0x23, 00, 0xe2, 0x01, 0x04, 00, 0xe3,
  00, 0xc3, 00, 0xe3, 0x01, 0x03, 0x01, 0x03, 0x01, 0x03, 0x01, 0x03,
  00, 0xc3, 00, 0xe3, 0x01, 0x02, 0x09, 0x43, 00, 0xc3, 00, 0xe3,
  0x01, 0x03, 0x01, 0x03, 0x01, 0x03, 0x01, 0x23, 0x01, 0x03, 0x01, 0x03,
  0x01, 0x03, 0x01, 0x03, 0x01, 0x03, 00, 0xc2, 00, 0xc3, 0x09, 0x03,
  00, 0xc2, 00, 0xa2, 00, 0xc3, 00, 0xe3, 00, 0xc3, 00, 0xe3,
  00, 0xe3, 0x09, 0x03, 00, 0xc2, 0x11, 0x23, 0x09, 0x44, 00, 0xe3,
  00, 0xc2, 00, 0xa2, 00, 0xc2, 00, 0xa2, 00, 0x82, 00, 0xa2,
  00, 0xc2, 00, 0xa2, 00, 0xc3, 00, 0xc2, 00, 0xc3, 00, 0xc2,
  00, 0xc3, 00, 0x81, 00, 0xc2, 0x08, 0xc2, 00, 0x82, 00, 0x81,
  00, 0x82, 00, 0x82, 00, 0x81, 0x10, 0xc2, 00, 0x82, 00, 0x81,
  00, 0x81, 00, 0x61, 00, 0x81, 00, 0x61, 00, 0x41, 00, 0x41,
  00, 0x41, 0x08, 0x62, 00, 0x41, 00, 0x41, 00, 0x41, 00, 0x61,
  00, 0x41, 00, 0x41, 00, 0x82, 00, 0x61, 00, 0x41, 00, 0x61,
  00, 0x82, 00, 0x82, 00, 0x41, 00, 0x61, 00, 0x81, 00, 0x61,
  00, 0x41, 00, 0x41, 00, 0x41, 00, 0x41, 00, 0x41, 00, 0x41,
  00, 0x41, 00, 0x41, 00, 0x41, 00, 0x41, 00, 0x41, 00, 0x41,
  00, 0x41, 00, 0x41, 00, 0x41, 00, 0x41, 00, 0x41, 00, 0x40,
  00, 0x41, 0x08, 0x41, 00, 0x41, 00, 0x40, 00, 0x41, 00, 0x40,
  00, 00, 0x08, 0x21, 00, 0x01, 00, 0x21, 00, 00, 00, 00,
  0x08, 0x40, 00, 00, 0x08, 0x40, 00, 00, 0x08, 0x40, 00, 00,
  0x08, 0x40, 00, 0x40, 0x08, 0x40, 00, 0x40, 0x10, 00, 0x42, 0x07,
  0x31, 0x84, 00, 00, 0x08, 0x40, 00, 0x40, 00, 0x40, 00, 0x40,
  0x08, 0x41, 00, 0x41, 0x08, 0x40, 00, 0x40, 0x08, 0x41, 00, 0x41,
  0x08, 0x40, 00, 0x40, 00, 0x40, 00, 0x41, 00, 0x40, 00, 0x40,
  00, 0x40, 00, 0x41, 0x08, 0x40, 00, 0x40, 0x08, 0x40, 00, 0x40,
  0x08, 0x40, 00, 0x40, 0x08, 0x61, 00, 0x41, 00, 0x40, 00, 0x41,
  0x08, 0x61, 00, 0x41, 00, 0x40, 00, 0x40, 0x08, 0x61, 00, 0x61,
  0x08, 0xa2, 00, 0x61, 0x08, 0x81, 00, 0x61, 0x08, 0x81, 00, 0x61,
  0x08, 0x81, 00, 0x61, 00, 0x81, 00, 0x82, 0x08, 0x81, 00, 0x41,
  0x08, 0x81, 00, 0x61, 00, 0x81, 00, 0x82, 0x08, 0x81, 00, 0x41,
  0x08, 0xc1, 00, 0xa1, 0x08, 0xc1, 00, 0xa1, 0x08, 0xc1, 00, 0xa1,
  0x08, 0xc1, 00, 0xa1, 0x08, 0xe3, 00, 0xa2, 0x08, 0xc2, 00, 0xa2,
  00, 0xc1, 00, 0xc2, 0x08, 0xc2, 00, 0xa2, 0x08, 0xa2, 00, 0xa2,
  0x08, 0xa2, 00, 0xa2, 00, 0xc1, 00, 0xc2, 0x08, 0xe3, 00, 0xa2,
  0x08, 0xc1, 00, 0xc2, 00, 0xc1, 00, 0xc2, 00, 0xc2, 00, 0xc3,
  0x09, 0x02, 00, 0xe2, 0x09, 0x02, 00, 0xc2, 0x08, 0xa2, 00, 0x82,
  0x09, 0x02, 00, 0xe2, 00, 0xc1, 00, 0xc2, 0x08, 0xa2, 00, 0x82,
  00, 0xc1, 00, 0xc2, 0x08, 0xc1, 00, 0xa1, 00, 0xc1, 00, 0xc2,
  0x09, 0x02, 00, 0xc2, 0x09, 0x02, 0x01, 0x03, 0x09, 0x02, 00, 0xe2,
  0x09, 0x63, 0x01, 0x43, 0x09, 0x23, 00, 0xe2, 0x01, 0x02, 0x01, 0x03,
  0x09, 0x02, 00, 0xc2, 0x01, 0x02, 0x01, 0x02, 0x09, 0x23, 00, 0xe2,
  0x09, 0x02, 00, 0xe2, 0x11, 0x03, 00, 0xc2, 0x09, 0x02, 00, 0xc2,
  0x09, 0x02, 0x01, 0x02, 0x09, 0x03, 0x01, 0x03, 0x09, 0x44, 0x01, 0x23,
  0x01, 0x02, 0x01, 0x03, 0x09, 0x23, 00, 0xe2, 0x09, 0x02, 00, 0xe2,
  0x09, 0x02, 00, 0xe2, 0x09, 0x02, 00, 0xc2, 0x09, 0x02, 00, 0xe2,
  0x09, 0x02, 00, 0xe2, 0x09, 0x03, 0x01, 0x03, 0x09, 0x23, 00, 0xe2,
  0x09, 0x02, 00, 0xe2, 0x09, 0x02, 00, 0xe2, 0x08, 0xc1, 00, 0xa1,
  00, 0xc1, 00, 0xc2, 0x09, 0x02, 00, 0xe2, 0x08, 0xe3, 00, 0xa2,
  0x08, 0xc1, 00, 0xa1, 0x08, 0xc1, 00, 0xa1, 00, 0x81, 00, 0x82,
  0x08, 0xc1, 00, 0xa1, 0x08, 0xc1, 00, 0xa1, 0x10, 0xa2, 00, 0x61,
  0x08, 0x81, 00, 0x81, 0x08, 0x81, 00, 0x41, 0x08, 0x81, 00, 0x41,
  0x08, 0x81, 00, 0x41, 0x08, 0x61, 00, 0x41, 0x08, 0x61, 00, 0x61,
  0x08, 0x61, 00, 0x41, 0x08, 0x61, 00, 0x61, 00, 0x81, 00, 0x82,
  0x08, 0x81, 00, 0x61, 0x08, 0x81, 00, 0x41, 0x08, 0x80, 00, 0x81,
  0x08, 0x81, 00, 0x61, 00, 0x40, 00, 0x41, 0x08, 0x80, 00, 0x40,
  00, 0x40, 00, 0x40, 0x08, 0x41, 00, 0x41, 0x08, 0x40, 00, 00,
  0x08, 0x40, 00, 0x40, 0x08, 0x40, 00, 0x20, 0x08, 0x40, 00, 00,
  0x08, 0x40, 00, 0x20, 0x08, 0x40, 00, 00, 0x08, 0x40, 00, 00,
  0x08, 0x40, 00, 00, 0x08, 0x20, 00, 00, 0x08, 0x40, 00, 0x20,
  00, 0x41, 00, 0x40, 00, 0x41, 00, 0x41, 00, 0x01, 00, 0x21,
  00, 0x41, 00, 0x41, 00, 0x41, 00, 0x41, 00, 0x41, 00, 00,
  00, 0x01, 00, 0x21, 00, 0x41, 00, 0x41, 00, 0x41, 00, 0x41,
  00, 0x41, 00, 0x41, 00, 0x41, 00, 0x21, 00, 0x41, 00, 0x41,
  00, 0x41, 00, 0x41, 00, 0x41, 00, 0x41, 00, 0x41, 00, 0x41,
  00, 0x41, 00, 0x41, 00, 0x41, 00, 0x41, 00, 0x41, 00, 0x41,
  00, 0x41, 00, 0x41, 00, 0x41, 00, 0x40, 00, 0x41, 00, 0x41,
  00, 0x41, 00, 0x41, 00, 0x41, 00, 0x41, 00, 0x41, 00, 0x61,
  00, 0x41, 00, 0x61, 00, 0x81, 00, 0x81, 00, 0x41, 00, 0x61,
  00, 0x82, 00, 0x81, 00, 0x81, 00, 0x61, 00, 0x82, 00, 0x81,
  00, 0x81, 00, 0x61, 00, 0x82, 0x08, 0x81, 00, 0x81, 00, 0x61,
  00, 0x82, 0x08, 0xa2, 00, 0x82, 00, 0x81, 00, 0x82, 00, 0x81,
  00, 0x82, 00, 0xa2, 00, 0xc3, 00, 0x81, 00, 0x81, 00, 0xa2,
  00, 0x82, 00, 0xa2, 00, 0xc2, 00, 0xc2, 00, 0xc2, 00, 0xa2,
  00, 0xc2, 00, 0xa2, 00, 0x82, 00, 0xa2, 00, 0xc2, 00, 0xa2,
  00, 0xc2, 00, 0xa2, 00, 0xc2, 00, 0xa2, 00, 0xc3, 00, 0xe3,
  0x01, 0x03, 0x01, 0x03, 00, 0xc2, 00, 0xa2, 00, 0x82, 00, 0xa2,
  00, 0xc2, 00, 0xa2, 00, 0x82, 00, 0xa2, 00, 0xc2, 00, 0xa2,
  00, 0xe2, 00, 0xe2, 00, 0xc2, 00, 0xa2, 00, 0xc2, 00, 0xa2,
  00, 0xc2, 00, 0xa2, 0x01, 0x03, 0x09, 0x03, 0x01, 0x03, 0x01, 0x03,
  0x01, 0x24, 0x01, 0x24, 0x01, 0x04, 0x09, 0x44, 0x01, 0x03, 0x01, 0x03,
  00, 0xc3, 00, 0xe3, 0x01, 0x03, 0x01, 0x23, 0x01, 0x03, 0x01, 0x23,
  0x01, 0x03, 0x01, 0x02, 00, 0xc2, 0x08, 0xe2, 0x01, 0x03, 00, 0xe3,
  00, 0xc3, 00, 0xe3, 0x01, 0x03, 0x01, 0x03, 0x01, 0x44, 0x01, 0x43,
  0x01, 0x65, 0x09, 0x44, 0x01, 0x03, 0x01, 0x03, 00, 0xc3, 00, 0xe3,
  00, 0xc2, 0x08, 0xe3, 0x01, 0x02, 00, 0xe2, 00, 0xc2, 00, 0xa2,
  0x01, 0x03, 0x01, 0x03, 0x01, 0x44, 0x01, 0x02, 0x01, 0x03, 0x01, 0x03,
  00, 0xc2, 0x08, 0xe3, 0x01, 0x03, 00, 0xc2, 00, 0xc2, 00, 0xa2,
  00, 0xc3, 00, 0xc2, 00, 0xc3, 00, 0xe3, 00, 0xc2, 0x08, 0xc2,
  00, 0xc2, 00, 0xa2, 00, 0xc3, 00, 0x81, 00, 0x82, 00, 0x81,
  00, 0x82, 00, 0x82, 00, 0x82, 00, 0x81, 00, 0x82, 0x18, 0xe3,
  00, 0x82, 00, 0x81, 00, 0x81, 00, 0x81, 00, 0x41, 00, 0x61,
  00, 0x41, 00, 0x41, 00, 0x41, 00, 0x41, 00, 0x41, 00, 0x41,
  00, 0x42, 00, 0x62, 00, 0x41, 00, 0x61, 00, 0x82, 00, 0x81,
  00, 0x81, 00, 0x61, 00, 0x41, 00, 0x41, 00, 0x41, 00, 0x41,
  00, 0x41, 0x08, 0x61, 00, 0x41, 00, 0x41, 00, 0x41, 00, 0x41,
  00, 0x41, 00, 0x40, 00, 0x41, 00, 0x41, 00, 0x41, 0x08, 0x81,
  00, 0x41, 0x08, 0x20, 00, 0x41, 00, 0x40, 00, 0x41, 0x08, 0x41,
  00, 0x41, 00, 0x41, 00, 0x41, 00, 0x41, 00, 0x01, 00, 0x21,
  00, 00, 00, 0x20, 00, 00, 00, 00, 00, 00, 00, 00,
  0x08, 0x40, 00, 00, 0x08, 0x40, 00, 0x20, 0x08, 0x40, 00, 00,
  00, 0x40, 00, 0x40, 0x08, 0x41, 00, 0x41, 00, 0x40, 00, 0x40,
  0x08, 0x40, 00, 0x40, 0x08, 0x40, 00, 0x20, 00, 0x40, 00, 0x40,
  00, 0x40, 00, 0x40, 00, 0x40, 00, 0x41, 0x08, 0x81, 00, 0x61,
  00, 0x40, 00, 0x41, 00, 0x40, 00, 0x40, 0x08, 0x81, 00, 0x41,
  00, 0x40, 00, 0x40, 0x08, 0x40, 00, 0x40, 00, 0x40, 00, 0x40,
  0x08, 0x81, 00, 0x41, 0x10, 0x61, 0x10, 0x82, 00, 0x40, 00, 0x41,
  00, 0x40, 00, 0x40, 0x08, 0x61, 00, 0x41, 0x08, 0x61, 00, 0x61,
  0x08, 0x81, 00, 0x41, 0x08, 0x81, 00, 0x41, 0x08, 0x81, 00, 0x81,
  0x08, 0x81, 00, 0x61, 0x08, 0xc1, 00, 0xa1, 0x08, 0x81, 00, 0x61,
  0x08, 0x81, 00, 0x81, 0x08, 0x81, 00, 0x81, 00, 0x81, 00, 0x82,
  00, 0x81, 00, 0x82, 0x08, 0x81, 00, 0x81, 0x08, 0xc1, 00, 0xa1,
  0x08, 0xc2, 00, 0xa2, 0x08, 0xc1, 00, 0xa1, 0x08, 0xc2, 00, 0xa2,
  00, 0x81, 00, 0x82, 0x08, 0xe2, 00, 0xa1, 00, 0xc1, 00, 0xc2,
  0x08, 0xc1, 00, 0xc2, 0x08, 0xc1, 00, 0xa1, 0x09, 0x02, 00, 0xc2,
  0x08, 0xa2, 00, 0xa2, 0x09, 0x02, 00, 0xc2, 0x09, 0x02, 00, 0xc2,
  0x11, 0x03, 00, 0xc2, 00, 0xc1, 00, 0xc2, 0x08, 0xc2, 00, 0xc2,
  0x08, 0xc1, 00, 0xa1, 0x08, 0xc1, 00, 0xa1, 0x08, 0xa2, 00, 0xa2,
  0x09, 0x02, 00, 0xc2, 0x08, 0xa2, 00, 0xa2, 0x08, 0xc1, 00, 0xc2,
  00, 0xc1, 00, 0xc2, 0x01, 0x02, 0x01, 0x02, 0x01, 0x02, 0x01, 0x02,
  0x09, 0x43, 0x01, 0x03, 0x09, 0x23, 0x01, 0x23, 0x09, 0x23, 00, 0xe2,
  0x09, 0x02, 00, 0xc2, 0x01, 0x02, 0x01, 0x43, 0x09, 0x43, 0x01, 0x03,
  0x09, 0x02, 00, 0xc2, 0x09, 0x02, 00, 0xe2, 0x09, 0x03, 0x01, 0x03,
  0x09, 0x02, 00, 0xe2, 0x09, 0x02, 0x01, 0x02, 0x01, 0x02, 0x01, 0x02,
  0x09, 0x43, 0x01, 0x44, 0x01, 0x02, 0x01, 0x03, 0x09, 0x43, 0x01, 0x03,
  0x09, 0x02, 00, 0xe2, 0x09, 0x02, 00, 0xc2, 0x09, 0x02, 00, 0xc2,
  0x01, 0x02, 0x01, 0x03, 0x01, 0x02, 0x01, 0x02, 0x09, 0x03, 0x01, 0x03,
  0x09, 0x02, 00, 0xe2, 0x09, 0x02, 00, 0xe2, 0x09, 0x02, 00, 0xc2,
  0x09, 0x03, 0x01, 0x03, 0x09, 0x02, 00, 0xc2, 0x08, 0xc1, 00, 0xe2,
  0x08, 0xc2, 00, 0x81, 0x08, 0xc2, 00, 0xa2, 0x08, 0xc1, 00, 0xa1,
  0x08, 0xc1, 00, 0xa1, 0x08, 0xa1, 00, 0xa1, 0x08, 0xa2, 00, 0xa2,
  0x08, 0x81, 00, 0x61, 0x08, 0x81, 00, 0x81, 0x08, 0x81, 00, 0x61,
  0x08, 0x81, 00, 0x41, 00, 0x40, 00, 0x41, 0x08, 0x81, 00, 0x41,
  0x08, 0x61, 00, 0x61, 0x08, 0x81, 00, 0x81, 0x08, 0x81, 00, 0x61,
  0x08, 0x81, 00, 0x41, 0x08, 0x61, 00, 0x61, 0x08, 0x61, 00, 0x61,
  0x08, 0x41, 00, 0x41, 0x08, 0x61, 00, 0x61, 0x08, 0x40, 00, 0x20,
  0x08, 0x40, 00, 0x40, 0x08, 0x40, 00, 0x20, 0x08, 0x41, 00, 0x41,
  0x08, 0x40, 00, 00, 0x08, 0x40, 00, 00, 0x08, 0x40, 00, 0x20,
  0x10, 0x81, 0x08, 0x41, 0x08, 0x40, 00, 00, 0x08, 0x40, 00, 0x20,
  0x08, 0x40, 00, 0x20, 0x08, 0x40, 00, 00, 0x08, 0x40, 00, 0x20,
  00, 0x01, 00, 0x21, 00, 0x01, 00, 0x21, 00, 0x41, 00, 0x41,
  00, 0x41, 00, 0x41, 00, 0x41, 00, 0x41, 00, 0x41, 00, 0x41,
  00, 0x41, 00, 0x41, 00, 0x41, 00, 0x40, 00, 0x41, 00, 0x41,
  00, 0x41, 00, 0x41, 00, 0x41, 00, 0x41, 00, 0x41, 00, 0x41,
  00, 0x41, 00, 0x21, 00, 0x41, 00, 0x41, 00, 0x41, 00, 0x41,
  00, 0x41, 00, 0x41, 00, 0x41, 00, 0x41, 00, 0x41, 00, 0x41,
  00, 0x41, 00, 0x41, 0x10, 0xc3, 0x18, 0xc2, 00, 0x41, 00, 0x40,
  00, 0x41, 00, 0x41, 00, 0x41, 00, 0x41, 00, 0x41, 00, 0x61,
  00, 0x41, 00, 0x41, 00, 0x41, 00, 0x41, 00, 0x42, 00, 0x62,
  00, 0x82, 00, 0x81, 00, 0x82, 00, 0x81, 00, 0x81, 00, 0x61,
  00, 0x82, 00, 0x81, 00, 0x82, 00, 0x81, 00, 0x82, 0x08, 0xa2,
  00, 0x82, 00, 0x81, 00, 0x82, 00, 0x81, 00, 0x81, 00, 0xa2,
  00, 0xc3, 00, 0x81, 00, 0x82, 00, 0x82, 00, 0x82, 00, 0xa2,
  00, 0x81, 00, 0x61, 0x29, 0x85, 0x29, 0x43, 00, 0x81, 00, 0xa2,
  00, 0xc2, 00, 0xa2, 00, 0xc2, 00, 0xa2, 00, 0xc2, 00, 0xa2,
  00, 0xc2, 00, 0xa2, 00, 0xc3, 00, 0xe3, 0x01, 0x03, 0x01, 0x03,
  0x01, 0x03, 00, 0xc2, 00, 0xc2, 00, 0xa2, 00, 0x82, 00, 0xa2,
  00, 0xc2, 00, 0xa2, 00, 0x82, 00, 0xa2, 00, 0xc2, 00, 0xa2,
  00, 0xc2, 00, 0xa2, 00, 0xc2, 00, 0xa2, 00, 0xc3, 00, 0xe3,
  00, 0xe2, 00, 0xe2, 00, 0xc3, 00, 0xe3, 00, 0xc3, 00, 0xe3,
  0x01, 0x43, 0x01, 0x43, 0x01, 0x03, 0x01, 0x03, 0x01, 0x03, 0x09, 0x03,
  00, 0xc2, 00, 0xa2, 00, 0xe2, 0x09, 0x23, 0x01, 0x43, 00, 0xe2,
  0x01, 0x03, 00, 0xc2, 00, 0xc3, 00, 0xe3, 0x01, 0x04, 0x09, 0x44,
  0x01, 0x44, 0x01, 0x02, 0x01, 0x03, 0x01, 0x03, 0x01, 0x02, 0x11, 0x64,
  0x01, 0x03, 0x01, 0x03, 0x01, 0x03, 0x01, 0x03, 0x01, 0x03, 0x01, 0x03,
  0x01, 0x03, 0x01, 0x03, 0x01, 0x04, 00, 0xc3, 00, 0xc2, 0x08, 0xe3,
  0x01, 0x03, 0x09, 0x03, 0x01, 0x03, 0x01, 0x23, 0x01, 0x04, 0x09, 0x44,
  0x01, 0x03, 00, 0xc2, 00, 0xc2, 00, 0xa2, 00, 0xc3, 00, 0xc3,
  00, 0xe2, 0x09, 0x23, 00, 0xc2, 00, 0xa2, 00, 0xc2, 00, 0xa2,
  00, 0xc2, 00, 0xa2, 00, 0x82, 00, 0xa2, 00, 0x82, 00, 0x81,
  00, 0x82, 00, 0x82, 00, 0x82, 00, 0x81, 00, 0x82, 00, 0x81,
  00, 0x81, 00, 0x61, 00, 0x81, 00, 0x61, 00, 0x41, 00, 0x61,
  00, 0x82, 00, 0x40, 00, 0x41, 00, 0x41, 00, 0x41, 00, 0x61,
  00, 0x41, 00, 0x61, 00, 0x82, 00, 0x81, 00, 0x81, 00, 0x61,
  0x08, 0x82, 0x10, 0xa2, 00, 0x41, 00, 0x41, 00, 0x41, 00, 0x41,
  00, 0x41, 00, 0x41, 00, 0x41, 00, 0x41, 00, 0x41, 00, 0x41,
  00, 0x41, 00, 0x41, 00, 0x41, 00, 0x40, 00, 0x41, 00, 0x21,
  00, 0x41, 00, 0x40, 00, 0x41, 00, 0x40, 00, 0x01, 00, 0x21,
  00, 0x01, 00, 0x21, 00, 0x01, 00, 0x21, 00, 0x41, 00, 0x40,
  00, 00, 00, 00, 00, 0x01, 00, 0x21, 00, 00, 00, 00,
  0x08, 0x40, 00, 0x20, 0x08, 0x40, 00, 00, 0x08, 0x40, 00, 0x20,
  0x08, 0x41, 00, 0x41, 0x08, 0x40, 00, 0x20, 0x08, 0x40, 00, 00,
  0x08, 0x40, 00, 0x20, 00, 0x40, 00, 0x41, 0x08, 0x40, 00, 0x20,
  00, 0x40, 00, 0x40, 00, 0x40, 00, 0x40, 00, 0x40, 00, 0x40,
  0x08, 0x40, 00, 0x20, 00, 0x40, 00, 0x40, 0x10, 0x82, 00, 0x41,
  0x08, 0x61, 00, 0x61, 0x08, 0x61, 00, 0x41, 0x08, 0x61, 00, 0x41,
  00, 0x40, 00, 0x41, 0x08, 0x40, 00, 0x20, 0x08, 0x80, 00, 0x40,
  0x08, 0x61, 00, 0x41, 00, 0x40, 00, 0x41, 0x08, 0x61, 00, 0x61,
  0x08, 0x61, 00, 0x61, 0x08, 0x61, 00, 0x61, 0x08, 0x81, 00, 0x41,
  0x08, 0xc1, 00, 0xa1, 0x08, 0x81, 00, 0x41, 0x08, 0x81, 00, 0x81,
  0x08, 0x81, 00, 0x61, 0x08, 0xc1, 00, 0xa1, 0x08, 0x81, 00, 0x81,
  0x08, 0x81, 00, 0x41, 0x08, 0x81, 00, 0x81, 0x08, 0xc2, 00, 0xa2,
  0x08, 0xc1, 00, 0xa1, 0x08, 0xc1, 00, 0xa1, 0x08, 0xc1, 00, 0xa1,
  0x10, 0xc1, 00, 0x60, 0x72, 0xc9, 0x5a, 0x67, 0x08, 0xc1, 00, 0xc1,
  0x08, 0xc2, 00, 0xa2, 0x08, 0xa2, 00, 0xa2, 00, 0xc1, 00, 0xc2,
  0x11, 0x03, 00, 0xc2, 00, 0xc1, 00, 0xc2, 0x09, 0x02, 00, 0xc2,
  0x09, 0x02, 00, 0xe2, 0x09, 0x02, 00, 0xc2, 0x08, 0xa2, 00, 0x82,
  0x08, 0xa2, 00, 0xa2, 0x08, 0xc1, 00, 0xa1, 0x08, 0xc2, 00, 0xa2,
  0x08, 0xc1, 00, 0xa1, 00, 0xc1, 00, 0xc2, 0x08, 0xc1, 00, 0xc2,
  0x09, 0x02, 0x01, 0x02, 0x09, 0x02, 00, 0xe2, 0x01, 0x02, 0x01, 0x02,
  0x09, 0x43, 0x01, 0x44, 0x09, 0x42, 0x01, 0x02, 0x01, 0x02, 0x01, 0x03,
  0x09, 0x23, 0x01, 0x23, 0x08, 0xe2, 0x11, 0x64, 0x21, 0x84, 00, 0xc2,
  0x09, 0x02, 00, 0xc2, 0x09, 0x02, 00, 0xe2, 0x01, 0x02, 0x01, 0x03,
  0x09, 0x44, 0x01, 0x23, 0x09, 0x02, 00, 0xe2, 0x01, 0x03, 0x09, 0x44,
  0x09, 0x64, 0x01, 0x23, 0x09, 0x84, 0x01, 0x64, 0x09, 0x44, 0x01, 0x23,
  0x09, 0x02, 00, 0xe2, 0x09, 0x02, 00, 0xe2, 0x01, 0x02, 0x01, 0x03,
  0x09, 0x23, 00, 0xe2, 0x01, 0x02, 0x01, 0x03, 0x08, 0xe3, 00, 0xe3,
  0x11, 0x43, 00, 0xe2, 0x09, 0x02, 00, 0xe2, 0x09, 0x02, 00, 0xe2,
  00, 0xc2, 00, 0xc2, 0x11, 0x03, 00, 0x82, 0x08, 0xc1, 00, 0xa1,
  0x08, 0xc1, 00, 0xa1, 00, 0x81, 00, 0x82, 0x08, 0xc1, 00, 0xa1,
  00, 0x81, 00, 0x82, 00, 0x81, 00, 0x82, 0x08, 0x81, 00, 0x81,
  0x08, 0x81, 00, 0x61, 0x08, 0x81, 00, 0x41, 0x08, 0x81, 0x08, 0x81,
  0x08, 0x81, 00, 0x61, 0x08, 0x61, 00, 0x61, 0x08, 0x81, 00, 0x41,
  0x08, 0x81, 00, 0x81, 0x08, 0x81, 00, 0x61, 0x08, 0x81, 00, 0x41,
  0x08, 0x81, 00, 0x41, 0x08, 0x61, 00, 0x41, 00, 0x40, 00, 0x40,
  00, 0x40, 00, 0x40, 0x08, 0x40, 00, 0x40, 0x08, 0x40, 00, 0x40,
  0x08, 0x40, 00, 0x20, 0x08, 0x40, 00, 00, 0x18, 0xc2, 0x08, 0x41,
  0x08, 0x40, 00, 0x20, 0x08, 0x40, 00, 0x20, 0x08, 0x40, 00, 0x20,
  0x08, 0x40, 00, 0x41, 0x08, 0x40, 00, 0x20, 0x08, 0x40, 00, 00,
  0x08, 0x40, 00, 00, 0x08, 0x40, 00, 0x20, 0x08, 0x40, 00, 00,
  00, 0x41, 00, 0x40, 00, 0x41, 00, 0x41, 00, 0x41, 00, 0x40,
  00, 0x41, 00, 0x41, 00, 0x41, 00, 0x40, 00, 0x41, 00, 0x41,
  00, 0x41, 00, 0x41, 00, 0x41, 00, 0x41, 00, 0x41, 00, 0x40,
  00, 0x41, 00, 0x41, 00, 0x41, 00, 0x41, 00, 0x41, 0x08, 0x21,
  00, 0x41, 00, 0x40, 00, 0x41, 00, 0x41, 00, 0x41, 00, 0x41,
  00, 0x82, 00, 0x40, 00, 0x41, 00, 0x41, 00, 0x41, 00, 0x41,
  00, 0x41, 00, 0x41, 00, 0x41, 00, 0x41, 00, 0x41, 0x08, 0x61,
  00, 0x41, 00, 0x41, 00, 0x41, 00, 0x41, 00, 0x41, 00, 0x41,
  00, 0x41, 00, 0x41, 00, 0x41, 0x08, 0x61, 00, 0x81, 00, 0x61,
  00, 0x81, 0x08, 0x81, 00, 0x81, 00, 0x61, 00, 0x81, 00, 0x81,
  00, 0x81, 00, 0x61, 00, 0x82, 00, 0x81, 00, 0x82, 00, 0x81,
  00, 0x81, 00, 0x61, 00, 0x81, 00, 0x61, 00, 0x82, 00, 0x82,
  00, 0x82, 00, 0xa2, 00, 0xc3, 00, 0x81, 00, 0x82, 00, 0x81,
  00, 0x82, 00, 0xa2, 00, 0x81, 0x08, 0xa2, 00, 0xc2, 00, 0xa2,
  00, 0x82, 00, 0xa2, 00, 0xc2, 00, 0xa2, 00, 0xc2, 00, 0xa2,
  00, 0xc2, 00, 0xa2, 00, 0x82, 00, 0xa2, 00, 0xc2, 00, 0xa2,
  00, 0xc2, 00, 0xa2, 00, 0xc2, 0x08, 0xe3, 00, 0xc2, 00, 0xa2,
  00, 0xc2, 00, 0xa2, 00, 0xc2, 00, 0xa2, 00, 0xc2, 00, 0xa2,
  00, 0xc2, 00, 0xa2, 00, 0x82, 00, 0x81, 00, 0xc3, 00, 0xe3,
  0x01, 0x03, 0x01, 0x02, 00, 0xe2, 00, 0xe2, 00, 0xc3, 00, 0xe3,
  0x01, 0x43, 0x01, 0x43, 0x01, 0x03, 0x01, 0x03, 00, 0xc3, 00, 0xe3,
  0x01, 0x03, 0x01, 0x03, 0x01, 0x03, 00, 0xc2, 00, 0xc2, 0x08, 0xe3,
  00, 0xc3, 00, 0xe3, 00, 0xe2, 00, 0xe2, 0x01, 0x03, 0x01, 0x02,
  0x01, 0x63, 0x01, 0x23, 0x01, 0x44, 0x01, 0x03, 0x01, 0x23, 0x09, 0x64,
  0x01, 0x85, 0x01, 0x44, 0x01, 0x84, 0x09, 0xc5, 0x01, 0x44, 0x01, 0x02,
  0x01, 0x03, 0x01, 0x23, 0x01, 0x03, 0x01, 0x03, 0x01, 0x44, 0x01, 0x02,
  00, 0xc3, 00, 0xe3, 00, 0xc2, 00, 0xa2, 00, 0xc3, 00, 0xc2,
  00, 0xc3, 00, 0xe3, 0x01, 0x03, 0x01, 0x03, 0x01, 0x03, 0x01, 0x03,
  00, 0xc3, 00, 0xc2, 00, 0xa2, 00, 0xa2, 00, 0x82, 00, 0x81,
  00, 0xc3, 00, 0x82, 00, 0x82, 00, 0x81, 00, 0x82, 00, 0x81,
  00, 0x82, 00, 0x81, 00, 0x82, 00, 0x81, 00, 0x81, 00, 0x61,
  00, 0x81, 00, 0x61, 00, 0x41, 00, 0x61, 00, 0x41, 00, 0x61,
  00, 0x41, 0x08, 0x61, 00, 0x41, 00, 0x61, 00, 0x41, 00, 0x61,
  00, 0x42, 00, 0x62, 00, 0x82, 00, 0x81, 00, 0x81, 00, 0x61,
  00, 0x41, 0x08, 0x61, 00, 0x41, 00, 0x21, 00, 0x41, 00, 0x41,
  00, 0x41, 00, 0x41, 00, 0x41, 00, 0x41, 00, 0x41, 00, 0x41,
  00, 0x41, 00, 0x41, 00, 0x41, 00, 0x41, 00, 0x41, 00, 0x41,
  00, 0x41, 00, 0x41, 00, 0x01, 00, 0x21, 00, 0x41, 00, 0x40,
  00, 00, 00, 0x20, 00, 0x41, 00, 0x40, 00, 0x01, 00, 0x21,
  00, 0x41, 00, 0x40, 00, 00, 00, 0x20, 00, 00, 00, 0x20,
  0x08, 0x40, 00, 00, 0x08, 0x40, 00, 0x20, 0x08, 0x40, 00, 0x41,
  0x08, 0x40, 00, 0x20, 0x08, 0x40, 00, 00, 0x08, 0x40, 00, 0x20,
  0x08, 0x40, 00, 00, 0x08, 0x40, 00, 0x20, 0x08, 0x40, 00, 0x40,
  0x08, 0x40, 00, 0x20, 0x08, 0x40, 00, 0x40, 0x08, 0x40, 00, 00,
  0x08, 0x40, 00, 0x40, 00, 0x40, 00, 0x40, 0x08, 0x41, 00, 0x41,
  00, 0x40, 00, 0x40, 0x08, 0x61, 00, 0x41, 00, 0x40, 00, 0x40,
  0x08, 0x61, 00, 0x41, 0x08, 0x40, 00, 0x20, 0x08, 0x61, 00, 0x41,
  0x08, 0x61, 00, 0x61, 0x08, 0x61, 00, 0x41, 0x08, 0x61, 00, 0x41,
  0x08, 0x81, 00, 0x41, 0x08, 0x61, 00, 0x61, 0x08, 0x81, 00, 0x61,
  0x08, 0x81, 00, 0x61, 0x08, 0x81, 00, 0x61, 0x08, 0x81, 00, 0x81,
  0x08, 0x81, 00, 0x41, 00, 0x81, 00, 0x82, 0x08, 0xc2, 00, 0x82,
  0x08, 0x81, 00, 0x81, 0x08, 0x81, 00, 0x41, 00, 0x81, 00, 0x82,
  0x08, 0xc2, 00, 0xc2, 0x08, 0xc1, 00, 0xa1, 0x08, 0x81, 00, 0x81,
  0x08, 0xc1, 00, 0xa1, 0x08, 0xc2, 00, 0xc2, 0x08, 0xc1, 00, 0xa1,
  0x08, 0xc1, 00, 0xc2, 0x09, 0x02, 00, 0xe2, 0x08, 0xc2, 00, 0x82,
  0x08, 0xc1, 00, 0xa1, 0x08, 0xc2, 00, 0xc2, 0x08, 0xa2, 00, 0xa2,
  0x08, 0xc2, 00, 0xc2, 0x08, 0xa2, 00, 0xa2, 0x08, 0xc2, 00, 0xc2,
  0x08, 0xc1, 00, 0xa1, 0x08, 0xc2, 00, 0xa2, 0x08, 0xc1, 00, 0xa1,
  0x08, 0xc1, 00, 0xa1, 0x08, 0xc1, 00, 0xa1, 00, 0xc1, 00, 0xc2,
  0x09, 0x02, 00, 0xe2, 0x09, 0x03, 0x01, 0x03, 0x09, 0x02, 00, 0xe2,
  0x09, 0x03, 0x01, 0x03, 0x09, 0x23, 0x01, 0x23, 0x09, 0x02, 00, 0xe2,
  0x09, 0x02, 00, 0xe2, 0x09, 0x23, 00, 0xe2, 0x09, 0x02, 00, 0xe2,
  0x09, 0x02, 0x01, 0x02, 0x09, 0x02, 00, 0xe2, 0x01, 0x02, 0x01, 0x03,
  0x09, 0x43, 0x01, 0x03, 0x09, 0x64, 0x01, 0x23, 0x01, 0x43, 0x01, 0x44,
  0x09, 0x43, 0x01, 0x23, 0x09, 0x64, 0x01, 0x23, 0x09, 0x84, 0x01, 0x64,
  0x09, 0x43, 0x01, 0x23, 0x09, 0x03, 0x01, 0x03, 0x09, 0x02, 00, 0xe2,
  0x09, 0x02, 00, 0xc2, 00, 0xc1, 00, 0xc2, 0x09, 0x02, 00, 0xc2,
  0x09, 0x02, 00, 0xe2, 0x09, 0x44, 0x01, 0x23, 0x09, 0x42, 0x01, 0x22,
  0x09, 0x02, 00, 0xc2, 0x08, 0xc1, 00, 0xa1, 0x08, 0xc1, 00, 0xa1,
  0x08, 0xc1, 00, 0xa1, 0x08, 0x81, 00, 0x81, 0x08, 0x61, 00, 0x61,
  00, 0x81, 00, 0x82, 0x08, 0x81, 00, 0x41, 0x08, 0x81, 00, 0x81,
  0x08, 0x81, 00, 0x61, 0x08, 0x81, 00, 0x61, 0x08, 0x81, 00, 0x61,
  0x08, 0x81, 00, 0x41, 0x08, 0x61, 00, 0x61, 0x08, 0x81, 00, 0x61,
  0x08, 0x81, 00, 0x61, 0x08, 0x81, 00, 0x41, 0x08, 0x61, 00, 0x41,
  0x08, 0x81, 00, 0x41, 00, 0x40, 00, 0x40, 0x08, 0x61, 00, 0x41,
  0x08, 0x40, 00, 0x20, 0x08, 0x40, 00, 00, 0x08, 0x40, 00, 0x20,
  0x08, 0x40, 00, 0x40, 0x08, 0x40, 00, 0x20, 00, 0x40, 00, 0x40,
  0x08, 0x40, 00, 0x20, 0x08, 0x40, 00, 00, 0x08, 0x40, 00, 0x20,
  0x08, 0x20, 00, 0x20, 0x08, 0x40, 00, 00, 0x08, 0x40, 00, 00,
  0x08, 0x40, 00, 00, 0x08, 0x40, 00, 00, 0x08, 0x40, 00, 0x20,
  00, 00, 0x08, 0x21, 00, 0x01, 00, 0x21, 00, 0x41, 00, 0x41,
  00, 00, 00, 0x20, 00, 0x41, 00, 0x40, 00, 00, 00, 0x20,
  00, 0x41, 00, 0x41, 00, 0x01, 00, 0x21, 00, 0x41, 00, 0x40,
  00, 0x01, 00, 0x21, 00, 0x41, 00, 0x41, 00, 0x41, 00, 0x40,
  00, 0x41, 00, 0x21, 00, 0x41, 00, 0x41, 00, 0x41, 0x08, 0x61,
  00, 0x41, 00, 0x41, 00, 0x41, 00, 0x41, 00, 0x41, 00, 0x41,
  00, 0x41, 00, 0x41, 00, 0x41, 00, 0x41, 00, 0x41, 0x08, 0x61,
  00, 0x41, 00, 0x41, 00, 0x41, 00, 0x61, 00, 0x41, 00, 0x41,
  00, 0x41, 00, 0x61, 00, 0x41, 00, 0x41, 00, 0x41, 00, 0x61,
  00, 0x41, 00, 0x61, 00, 0x81, 00, 0x61, 00, 0x82, 00, 0x81,
  00, 0x82, 00, 0xa2, 00, 0x81, 00, 0xa2, 00, 0xc2, 00, 0xa2,
  00, 0x82, 00, 0x81, 00, 0x81, 00, 0x61, 00, 0x82, 00, 0x81,
  00, 0xc2, 00, 0xc2, 00, 0x82, 00, 0x82, 00, 0x81, 0x08, 0xc2,
  00, 0xc2, 00, 0xa2, 00, 0x82, 0x08, 0xa2, 00, 0x81, 00, 0xa2,
  00, 0xc2, 00, 0xa2, 00, 0xc2, 0x08, 0xc2, 00, 0xc3, 00, 0xc2,
  00, 0x82, 00, 0xa2, 00, 0xc2, 00, 0xa2, 00, 0x82, 00, 0x81,
  00, 0xc2, 00, 0xa2, 00, 0x82, 00, 0xa2, 00, 0x82, 00, 0x82,
  00, 0x82, 00, 0xa2, 00, 0xc2, 00, 0xa2, 00, 0xc2, 00, 0xa2,
  00, 0xc2, 00, 0xa2, 00, 0x82, 00, 0x82, 00, 0x82, 00, 0xa2,
  00, 0x82, 00, 0xa2, 0x01, 0x03, 0x01, 0x02, 00, 0xc2, 00, 0xa2,
  00, 0xc3, 00, 0xe3, 0x01, 0x03, 0x01, 0x23, 0x01, 0x03, 00, 0xc2,
  0x01, 0x03, 0x01, 0x03, 00, 0xe2, 00, 0xe2, 00, 0xc2, 0x08, 0xe3,
  0x01, 0x44, 0x01, 0x02, 0x01, 0x03, 0x01, 0x03, 0x01, 0x03, 0x09, 0x24,
  0x01, 0x04, 0x01, 0x24, 0x01, 0x44, 0x01, 0x02, 0x01, 0x03, 0x01, 0x03,
  00, 0xc3, 00, 0xe3, 0x01, 0x44, 0x01, 0x02, 0x01, 0x85, 0x09, 0xc5,
  0x01, 0x44, 0x01, 0x23, 0x01, 0x03, 0x01, 0x23, 0x01, 0x03, 0x01, 0x03,
  0x01, 0x03, 0x01, 0x03, 00, 0xc3, 00, 0xc2, 0x01, 0x03, 0x01, 0x03,
  00, 0xe2, 0x09, 0x23, 0x01, 0x44, 0x01, 0x02, 0x01, 0x03, 00, 0xc2,
  00, 0xc2, 00, 0xa2, 00, 0x82, 00, 0x82, 00, 0x82, 00, 0x82,
  00, 0x81, 00, 0x61, 00, 0x81, 0x08, 0xc2, 00, 0x81, 00, 0x61,
  00, 0x82, 0x08, 0x81, 00, 0x81, 00, 0x61, 00, 0x82, 00, 0x81,
  00, 0x81, 00, 0x61, 00, 0x41, 00, 0x61, 00, 0x81, 00, 0x61,
  00, 0x82, 00, 0x81, 00, 0x41, 00, 0x41, 00, 0x82, 00, 0x81,
  00, 0x41, 00, 0x41, 00, 0x41, 00, 0x41, 00, 0x41, 00, 0x61,
  00, 0x41, 00, 0x41, 00, 0x41, 00, 0x41, 00, 0x41, 00, 0x41,
  00, 0x41, 00, 0x41, 00, 0x41, 0x18, 0xc3, 0x10, 0x82, 00, 00,
  00, 0x41, 00, 0x41, 00, 0x01, 00, 0x21, 00, 0x41, 0x08, 0x41,
  00, 0x41, 00, 0x21, 00, 0x41, 00, 0x41, 00, 0x41, 00, 0x40,
  00, 0x41, 00, 0x40, 00, 0x01, 00, 0x21, 00, 0x41, 00, 0x41,
  00, 00, 00, 0x20, 00, 0x41, 00, 0x40, 00, 00, 00, 00,
  0x08, 0x40, 00, 00, 0x08, 0x40, 00, 00, 0x08, 0x40, 00, 0x20,
  0x08, 0x40, 00, 0x20, 0x08, 0x40, 00, 0x20, 0x08, 0x40, 00, 00,
  0x08, 0x20, 00, 00, 0x10, 0x81, 00, 0x20, 0x08, 0x40, 00, 00,
  0x08, 0x40, 00, 0x41, 0x08, 0x40, 00, 00, 0x08, 0x41, 00, 0x41,
  0x08, 0x41, 00, 0x41, 0x08, 0x61, 00, 0x41, 00, 0x40, 00, 0x41,
  0x08, 0x61, 00, 0x41, 00, 0x40, 00, 0x41, 00, 0x40, 00, 0x41,
  00, 0x40, 00, 0x41, 0x08, 0x40, 00, 0x40, 0x08, 0x40, 00, 0x40,
  0x08, 0x40, 00, 0x40, 00, 0x40, 00, 0x41, 0x08, 0x61, 00, 0x41,
  0x08, 0x61, 00, 0x41, 0x08, 0x61, 00, 0x41, 0x08, 0x61, 00, 0x61,
  0x08, 0x81, 00, 0x41, 0x08, 0x81, 00, 0x61, 00, 0x81, 00, 0x82,
  0x08, 0xc1, 00, 0xa1, 0x08, 0xc1, 00, 0xa1, 00, 0x81, 00, 0x82,
  0x08, 0xc1, 00, 0xc2, 0x08, 0x81, 00, 0x61, 0x08, 0xc1, 00, 0xa1,
  0x08, 0xc1, 00, 0xa1, 0x08, 0xc1, 00, 0xa1, 0x08, 0xc1, 00, 0xa1,
  0x08, 0xc1, 00, 0xa1, 0x08, 0xc1, 00, 0xa1, 0x08, 0xc1, 00, 0xc2,
  0x08, 0xc1, 00, 0xa1, 0x08, 0xc1, 00, 0xe2, 0x08, 0xa2, 00, 0xa2,
  0x08, 0xc1, 00, 0xa1, 0x08, 0xa2, 00, 0xa2, 0x08, 0xc1, 00, 0xa1,
  0x08, 0xa2, 00, 0xa2, 0x08, 0xc2, 00, 0xa2, 0x08, 0xc1, 00, 0xa1,
  0x08, 0xa2, 00, 0xa2, 0x08, 0xc2, 00, 0xa2, 00, 0xc1, 00, 0xc2,
  0x08, 0xc1, 00, 0xa1, 0x08, 0xc1, 00, 0xa1, 00, 0xc1, 00, 0xc2,
  0x08, 0xc1, 00, 0xc2, 0x09, 0x02, 00, 0xe2, 0x09, 0x02, 00, 0xc2,
  0x09, 0x02, 00, 0xe2, 0x09, 0x03, 0x01, 0x03, 0x01, 0x02, 0x01, 0x03,
  0x11, 0x64, 00, 0xe2, 0x09, 0x02, 00, 0xe2, 0x09, 0x02, 00, 0xe2,
  0x09, 0x02, 00, 0xc2, 0x09, 0x43, 0x01, 0x43, 0x09, 0x23, 0x01, 0x23,
  0x09, 0x44, 0x01, 0x23, 0x09, 0x42, 0x01, 0x22, 0x09, 0x23, 00, 0xe2,
  0x01, 0x02, 0x01, 0x43, 0x09, 0x42, 0x01, 0x22, 0x01, 0x43, 0x01, 0x64,
  0x09, 0x23, 00, 0xe2, 0x09, 0x64, 0x01, 0x23, 0x09, 0x44, 0x01, 0x23,
  0x09, 0x03, 0x01, 0x03, 0x09, 0x43, 0x01, 0x23, 0x09, 0x23, 00, 0xe2,
  0x09, 0x03, 0x01, 0x03, 0x08, 0xe3, 00, 0xa2, 0x08, 0xc1, 00, 0xa1,
  0x08, 0xc1, 00, 0xa1, 0x08, 0xc1, 00, 0xa1, 0x08, 0xc1, 00, 0xa1,
  00, 0x81, 00, 0x82, 0x08, 0x81, 00, 0x41, 00, 0x81, 00, 0x82,
  0x08, 0x81, 00, 0x61, 0x08, 0x81, 00, 0x61, 0x08, 0x81, 00, 0x41,
  0x08, 0x81, 00, 0x41, 0x08, 0x61, 00, 0x61, 0x08, 0x81, 00, 0x61,
  00, 0x81, 00, 0x82, 0x08, 0x81, 00, 0x41, 0x08, 0x61, 00, 0x41,
  0x08, 0x61, 00, 0x61, 0x08, 0x61, 00, 0x61, 0x08, 0x81, 00, 0x41,
  00, 0x40, 00, 0x40, 00, 0x40, 00, 0x41, 0x08, 0x40, 00, 0x40,
  0x08, 0x41, 00, 0x41, 0x08, 0x40, 0x08, 0xa2, 0x18, 0xc2, 00, 0x20,
  0x08, 0x40, 00, 00, 0x08, 0x40, 00, 00, 0x08, 0x40, 00, 0x20,
  0x08, 0x40, 00, 00, 0x08, 0x40, 00, 0x41, 0x08, 0x40, 00, 00,
  0x08, 0x40, 00, 0x41, 0x08, 0x40, 00, 0x20, 0x08, 0x40, 00, 00,
  0x29, 0x03, 0x10, 0x81, 0x08, 0x40, 00, 0x20, 0x08, 0x40, 00, 00,
  00, 0x01, 00, 0x21, 00, 00, 0x08, 0x21, 00, 00, 00, 00,
  00, 0x01, 00, 0x21, 00, 0x01, 00, 0x21, 00, 0x41, 00, 0x40,
  00, 0x01, 00, 0x21, 00, 0x41, 00, 0x40, 00, 0x41, 00, 0x40,
  00, 0x41, 00, 0x41, 00, 0x41, 00, 0x40, 00, 0x41, 00, 0x41,
  00, 0x41, 00, 0x41, 00, 0x41, 00, 0x41, 00, 0x41, 00, 0x41,
  00, 0x41, 00, 0x41, 00, 0x41, 00, 0x41, 00, 0x41, 00, 0x41,
  00, 0x41, 00, 0x41, 00, 0x41, 00, 0x41, 00, 0x41, 00, 0x41,
  00, 0x41, 0x08, 0x61, 00, 0x41, 00, 0x21, 00, 0x41, 00, 0x41,
  00, 0x41, 00, 0x41, 00, 0x41, 00, 0x41, 00, 0x41, 00, 0x61,
  00, 0x41, 00, 0x41, 00, 0x81, 00, 0x81, 00, 0x82, 00, 0x81,
  00, 0x81, 00, 0xa2, 00, 0x82, 0x10, 0xe3, 0x11, 0x44, 0x08, 0xa1,
  00, 0xc2, 00, 0xc2, 00, 0x82, 00, 0x81, 00, 0x82, 0x08, 0x81,
  00, 0x82, 00, 0x81, 00, 0x82, 00, 0x81, 00, 0x81, 00, 0xa2,
  00, 0xc3, 00, 0x81, 00, 0x81, 00, 0xa2, 00, 0xc2, 00, 0xa2,
  00, 0x82, 0x08, 0xa2, 00, 0x82, 00, 0xa2, 00, 0x82, 0x08, 0xa2,
  00, 0xc2, 00, 0xa2, 00, 0x82, 00, 0xa2, 00, 0xc2, 00, 0xa2,
  00, 0xc2, 00, 0xa2, 00, 0xc2, 00, 0xa2, 00, 0xc2, 00, 0xa2,
  00, 0xc3, 00, 0xe3, 00, 0xc2, 00, 0xa2, 00, 0xc2, 00, 0xa2,
  00, 0xc2, 00, 0xa2, 00, 0xc2, 00, 0xa2, 00, 0xc2, 00, 0xa2,
  00, 0xc2, 00, 0xa2, 00, 0xc3, 00, 0xe3, 0x01, 0x03, 00, 0xe3,
  0x01, 0x03, 0x01, 0x03, 0x01, 0x03, 0x01, 0x03, 00, 0xc3, 00, 0xe3,
  0x01, 0x03, 0x09, 0x03, 00, 0xc3, 00, 0xe3, 0x01, 0x03, 0x01, 0x03,
  0x01, 0x03, 0x01, 0x02, 0x01, 0x03, 0x11, 0x44, 0x01, 0x03, 0x01, 0x03,
  0x01, 0x03, 0x11, 0x44, 0x01, 0x04, 0x08, 0xe3, 0x01, 0x03, 0x01, 0x03,
  0x01, 0x03, 0x01, 0x02, 0x01, 0x03, 0x01, 0x03, 0x01, 0x44, 0x01, 0x43,
  0x08, 0xe2, 0x42, 0xa8, 0x09, 0x64, 0x01, 0x02, 0x01, 0x03, 00, 0xc2,
  00, 0xc3, 00, 0xe3, 0x01, 0x44, 0x01, 0x02, 00, 0xc2, 00, 0xc2,
  00, 0xc2, 00, 0xa2, 00, 0xc2, 00, 0xc2, 00, 0x82, 0x10, 0xc2,
  00, 0xc3, 00, 0x81, 00, 0x82, 00, 0x81, 00, 0x82, 00, 0x81,
  00, 0x82, 00, 0x82, 00, 0x81, 00, 0x81, 00, 0x82, 00, 0x81,
  00, 0x82, 00, 0x81, 00, 0x82, 00, 0x81, 00, 0x81, 00, 0x61,
  00, 0x40, 00, 0x61, 00, 0x41, 00, 0x61, 00, 0x81, 00, 0x61,
  00, 0x41, 00, 0x61, 00, 0x82, 00, 0x82, 00, 0x82, 00, 0x61,
  00, 0x41, 00, 0x41, 00, 0x41, 00, 0x41, 00, 0x41, 00, 0x41,
  00, 0x41, 00, 0x41, 00, 0x41, 00, 0x41, 00, 0x41, 00, 0x41,
  00, 0x41, 00, 0x41, 00, 0x41, 00, 0x41, 00, 0x01, 00, 0x21,
  00, 0x01, 00, 0x21, 00, 0x01, 00, 0x21, 00, 0x41, 00, 0x40,
  00, 0x41, 00, 0x41, 00, 0x41, 0x10, 0x82, 00, 0x01, 00, 0x21,
  00, 0x41, 00, 0x41, 00, 0x01, 00, 0x21, 00, 0x41, 00, 00,
  0x18, 0xc2, 0x10, 0x61, 00, 0x01, 00, 00, 00, 0x01, 00, 0x21,
  0x08, 0x40, 00, 00, 0x08, 0x40, 00, 0x20, 0x08, 0x40, 00, 00,
  0x08, 0x40, 00, 0x20, 0x08, 0x40, 00, 00, 0x08, 0x40, 00, 0x20,
  0x08, 0x40, 00, 0x40, 0x08, 0x20, 00, 0x20, 0x08, 0x40, 00, 0x40,
  0x08, 0x40, 00, 00, 0x08, 0x61, 00, 0x41, 0x08, 0x40, 00, 0x20,
  0x08, 0x61, 00, 0x41, 00, 0x40, 00, 0x40, 0x08, 0x61, 00, 0x41,
  00, 0x40, 00, 0x41, 0x08, 0x61, 00, 0x41, 0x08, 0x80, 00, 0x60,
  0x08, 0x61, 00, 0x41, 00, 0x40, 00, 0x40, 0x08, 0x81, 00, 0x41,
  00, 0x40, 00, 0x41, 0x08, 0x61, 00, 0x41, 0x08, 0x61, 00, 0x41,
  0x08, 0x61, 00, 0x41, 0x08, 0x61, 00, 0x61, 0x08, 0x81, 00, 0x41,
  0x08, 0x61, 00, 0x61, 0x08, 0x81, 00, 0x41, 0x08, 0x81, 00, 0x81,
  0x08, 0xc1, 00, 0xc2, 0x08, 0xa1, 0x19, 0x64, 0x31, 0xe5, 00, 0x80,
  0x08, 0xe2, 00, 0x81, 0x08, 0x81, 00, 0x81, 00, 0x81, 00, 0x82,
  0x08, 0xc1, 00, 0xa1, 00, 0x81, 00, 0x82, 0x08, 0xc1, 00, 0xa1,
  00, 0x81, 00, 0x82, 0x08, 0xc1, 00, 0xa1, 0x08, 0xc1, 00, 0xa1,
  0x08, 0xc2, 00, 0xa2, 0x08, 0xc1, 00, 0xa1, 0x08, 0xc2, 00, 0xa2,
  0x08, 0xc1, 00, 0xa1, 0x08, 0xc2, 00, 0xa2, 0x08, 0xc1, 00, 0xa1,
  0x08, 0xc2, 00, 0xa2, 00, 0xc1, 00, 0xc2, 0x08, 0xc2, 00, 0x82,
  0x09, 0x02, 00, 0xc2, 0x11, 0x02, 00, 0xe2, 00, 0xc1, 00, 0xc2,
  0x09, 0x02, 00, 0xc2, 0x08, 0xc1, 00, 0xa1, 00, 0xc1, 00, 0xc2,
  0x09, 0x02, 00, 0xe2, 0x09, 0x02, 00, 0xc2, 0x09, 0x03, 0x01, 0x03,
  0x09, 0x44, 0x01, 0x23, 0x09, 0x02, 00, 0xe2, 0x08, 0xc1, 00, 0xc2,
  0x11, 0x23, 0x09, 0x23, 0x09, 0x02, 00, 0xe2, 0x09, 0x02, 00, 0xe2,
  0x09, 0x03, 0x01, 0x03, 0x01, 0x02, 0x01, 0x02, 0x09, 0x44, 0x01, 0x23,
  0x09, 0x23, 0x01, 0x23, 0x09, 0x43, 0x01, 0x23, 0x11, 0x43, 00, 0xe2,
  0x09, 0x02, 00, 0xc2, 0x09, 0x02, 00, 0xe2, 0x09, 0x02, 00, 0xc2,
  0x09, 0x02, 0x09, 0x64, 0x09, 0x43, 0x01, 0x02, 00, 0xc1, 00, 0xc2,
  0x09, 0x02, 00, 0xc2, 0x08, 0xe3, 00, 0xa2, 0x09, 0x02, 00, 0xc2,
  0x08, 0xa2, 00, 0xa2, 00, 0xc2, 00, 0xc2, 0x10, 0xc2, 00, 0x81,
  0x08, 0xc1, 00, 0xa1, 00, 0x81, 00, 0x82, 0x08, 0xc1, 00, 0xa1,
  00, 0x81, 00, 0x82, 0x08, 0xc1, 00, 0xa1, 0x08, 0x81, 00, 0x61,
  00, 0x81, 00, 0x82, 00, 0x81, 00, 0x82, 0x08, 0xc1, 00, 0xa1,
  0x4a, 0x06, 0x21, 0x02, 0x08, 0x61, 00, 0x61, 0x08, 0x61, 00, 0x61,
  0x08, 0x81, 00, 0x41, 0x08, 0x81, 00, 0x61, 0x08, 0x81, 00, 0x81,
  00, 0x40, 00, 0x41, 0x08, 0x81, 00, 0x41, 00, 0x40, 00, 0x40,
  0x08, 0x80, 00, 0x40, 0x08, 0x40, 00, 00, 0x08, 0x61, 00, 0x41,
  00, 0x40, 00, 0x40, 0x08, 0x41, 00, 0x41, 0x08, 0x40, 00, 00,
  0x08, 0x40, 00, 00, 0x08, 0x40, 00, 0x20, 0x08, 0x40, 00, 0x40,
  0x08, 0x40, 00, 0x20, 0x08, 0x40, 00, 0x40, 0x08, 0x40, 00, 00,
  0x08, 0x40, 00, 0x20, 0x08, 0x40, 00, 00, 0x08, 0x40, 00, 00,
  00, 00, 00, 00, 0x08, 0x40, 00, 00, 0x08, 0x40, 00, 0x20,
  00, 00, 0x08, 0x21, 00, 00, 00, 0x20, 00, 00, 0x08, 0x21,
  00, 0x01, 00, 0x21, 00, 0x01, 00, 0x21, 00, 0x01, 00, 0x21,
  00, 0x41, 00, 0x41, 00, 00, 0x08, 0x21, 00, 0x41, 00, 0x41,
  00, 0x41, 00, 0x40, 00, 0x41, 00, 0x41, 00, 0x41, 0x08, 0x61,
  00, 0x41, 0x08, 0x61, 00, 0x41, 00, 0x41, 00, 0x41, 00, 0x41,
  00, 0x41, 00, 0x41, 00, 0x41, 00, 0x41, 00, 0x41, 00, 0x41,
  00, 0x41, 0x08, 0x61, 00, 0x41, 00, 0x41, 00, 0x41, 00, 0x41,
  00, 0x41, 00, 0x41, 00, 0x41, 0x08, 0x61, 00, 0x82, 00, 0x40,
  00, 0x82, 00, 0x40, 00, 0x41, 0x08, 0x61, 00, 0x81, 00, 0x61,
  00, 0x41, 00, 0x41, 00, 0x41, 00, 0x61, 00, 0x42, 00, 0x62,
  00, 0x82, 00, 0xa2, 00, 0xc3, 00, 0x81, 00, 0x81, 0x08, 0xc2,
  00, 0x82, 00, 0x82, 00, 0x82, 00, 0x81, 00, 0x81, 00, 0x61,
  00, 0x82, 00, 0x82, 00, 0x82, 00, 0x81, 00, 0x82, 00, 0x62,
  00, 0x82, 00, 0x81, 00, 0x82, 00, 0xa2, 00, 0x81, 00, 0x61,
  00, 0x82, 00, 0x81, 00, 0x81, 00, 0x61, 00, 0x82, 00, 0x81,
  00, 0x81, 00, 0xa2, 00, 0x82, 00, 0x82, 0x19, 0x04, 0x10, 0xa2,
  00, 0xc2, 00, 0xa2, 00, 0x82, 0x08, 0xc2, 00, 0xc2, 00, 0xa2,
  00, 0xc3, 00, 0x81, 0x29, 0xc5, 0x29, 0x64, 00, 0x81, 0x08, 0xc2,
  00, 0xc2, 00, 0xa2, 00, 0xc2, 00, 0xa2, 0x01, 0x03, 00, 0xc2,
  00, 0xc2, 00, 0xa2, 0x01, 0x03, 0x01, 0x03, 00, 0xc3, 00, 0xe3,
  0x01, 0x03, 0x01, 0x03, 0x01, 0x03, 0x01, 0x02, 0x01, 0x03, 0x01, 0x03,
  00, 0xc2, 0x08, 0xe3, 0x01, 0x03, 0x01, 0x03, 00, 0xc3, 00, 0xe3,
  0x01, 0x03, 0x01, 0x23, 0x01, 0x03, 0x01, 0x02, 0x01, 0x44, 0x01, 0x44,
  0x01, 0x03, 0x01, 0x03, 0x01, 0x43, 0x01, 0x43, 0x01, 0x43, 00, 0xc2,
  0x01, 0x03, 0x01, 0x03, 00, 0xc2, 00, 0xa2, 00, 0xc3, 00, 0xe3,
  00, 0xc2, 00, 0xa2, 00, 0xc3, 00, 0xe3, 00, 0xc2, 00, 0xa2,
  0x01, 0x03, 00, 0xc2, 00, 0x82, 0x08, 0xa2, 00, 0xc2, 00, 0xc2,
  00, 0x82, 00, 0xa2, 00, 0xc2, 00, 0xa2, 00, 0x81, 00, 0xa2,
  00, 0xc2, 0x08, 0xc2, 00, 0x82, 00, 0x81, 00, 0x82, 00, 0x62,
  00, 0x81, 00, 0x61, 00, 0x82, 00, 0x61, 00, 0x81, 00, 0x61,
  00, 0x81, 00, 0x61, 00, 0x82, 00, 0x81, 00, 0x82, 0x08, 0x61,
  0x5a, 0xa9, 0x31, 0x23, 00, 0x41, 0x08, 0x61, 00, 0x41, 00, 0x61,
  00, 0x41, 00, 0x61, 00, 0x41, 00, 0x41, 00, 0x41, 00, 0x41,
  00, 0x41, 00, 0x41, 00, 0x41, 00, 0x41, 00, 0x41, 00, 0x41,
  00, 0x41, 00, 0x41, 00, 0x41, 00, 0x41, 00, 0x41, 00, 0x41,
  00, 0x41, 00, 0x41, 00, 0x41, 00, 0x41, 00, 0x41, 00, 0x41,
  00, 0x41, 00, 0x41, 00, 0x01, 00, 0x21, 00, 0x41, 00, 0x41,
  00, 0x41, 00, 0x41, 00, 0x41, 0x08, 0x61, 00, 0x41, 00, 0x40,
  00, 0x41, 00, 0x40, 00, 0x01, 00, 0x21, 00, 0x41, 00, 0x41,
  00, 00, 00, 0x20, 00, 0x01, 00, 0x21, 00, 00, 00, 00,
  0x08, 0x40, 00, 00, 0x08, 0x40, 00, 00, 0x08, 0x40, 00, 00,
  0x08, 0x40, 00, 0x20, 0x08, 0x40, 00, 0x20, 0x08, 0x40, 00, 00,
  0x08, 0x40, 00, 00, 0x08, 0x40, 00, 00, 0x08, 0x40, 00, 00,
  0x08, 0x40, 00, 0x40, 0x08, 0x40, 00, 0x41, 0x08, 0x81, 00, 0x40,
  0x08, 0x40, 00, 0x40, 0x08, 0x80, 00, 0x60, 00, 0x40, 00, 0x40,
  0x08, 0x61, 00, 0x41, 0x08, 0x61, 00, 0x61, 0x08, 0x81, 00, 0x41,
  0x08, 0x80, 00, 0x40, 0x08, 0x61, 00, 0x41, 00, 0x40, 00, 0x41,
  0x08, 0x41, 00, 0x41, 0x08, 0x61, 00, 0x41, 00, 0x40, 00, 0x41,
  0x08, 0x80, 00, 0x60, 0x08, 0x80, 00, 0x60, 0x08, 0x61, 00, 0x41,
  0x08, 0x81, 00, 0x61, 0x08, 0x81, 00, 0x41, 00, 0x81, 00, 0x82,
  0x08, 0x82, 00, 0x82, 0x08, 0xc1, 00, 0xc2, 0x08, 0xe2, 00, 0x81,
  0x08, 0xc1, 00, 0xa1, 0x08, 0xc1, 00, 0xa1, 0x08, 0xc1, 00, 0xa1,
  0x08, 0xc1, 00, 0xa1, 0x08, 0x81, 0x08, 0xc3, 0x10, 0xc2, 00, 0x41,
  0x08, 0xc1, 00, 0xa1, 0x08, 0xc1, 00, 0xa1, 0x08, 0xc1, 00, 0xa1,
  0x08, 0x81, 00, 0x61, 00, 0x81, 00, 0x82, 00, 0x81, 00, 0x82,
  0x08, 0xc1, 00, 0xa1, 0x08, 0xc1, 00, 0xa1, 0x08, 0xc1, 00, 0xa1,
  0x08, 0xc1, 00, 0xa1, 0x08, 0xc1, 00, 0xa1, 0x08, 0xc1, 00, 0xa1,
  0x08, 0xa2, 00, 0xa2, 0x08, 0xc1, 00, 0xa1, 0x08, 0xc2, 00, 0xc2,
  0x08, 0xc2, 00, 0xc2, 00, 0xc1, 00, 0xc2, 0x08, 0xe3, 00, 0xa2,
  0x08, 0xc1, 00, 0xc2, 0x09, 0x02, 00, 0xc2, 0x01, 0x02, 0x01, 0x03,
  0x09, 0x02, 00, 0xe2, 0x09, 0x44, 0x01, 0x23, 0x09, 0x02, 00, 0xc2,
  0x01, 0x02, 0x01, 0x03, 0x09, 0x64, 0x01, 0x03, 0x01, 0x02, 0x01, 0x43,
  0x09, 0x64, 0x01, 0x23, 0x09, 0x03, 0x01, 0x03, 0x09, 0xc4, 0x01, 0xa4,
  0x09, 0x84, 0x01, 0x64, 0x01, 0x02, 0x01, 0x03, 0x09, 0x02, 00, 0xe2,
  0x09, 0x02, 00, 0xe2, 0x08, 0xc2, 00, 0xc2, 0x09, 0x02, 00, 0xc2,
  0x09, 0x02, 00, 0xc2, 0x08, 0xa2, 00, 0xa2, 0x09, 0x02, 00, 0xe2,
  0x08, 0xe2, 00, 0x81, 0x08, 0xc2, 00, 0xa2, 0x08, 0xc1, 00, 0xc2,
  0x08, 0xc1, 00, 0xa1, 0x08, 0xc1, 00, 0xa1, 0x08, 0xc2, 00, 0xa2,
  0x08, 0xc1, 00, 0xa1, 0x08, 0xc2, 00, 0xa2, 0x08, 0xc1, 00, 0xa1,
  0x08, 0x81, 00, 0x61, 0x08, 0x81, 00, 0x81, 0x08, 0x81, 00, 0x61,
  00, 0x81, 00, 0x82, 0x08, 0x81, 00, 0x81, 0x08, 0x81, 00, 0x61,
  0x08, 0x80, 00, 0x40, 0x08, 0x61, 00, 0x61, 0x08, 0x61, 00, 0x61,
  0x08, 0x81, 00, 0x61, 0x08, 0x61, 00, 0x61, 0x08, 0x40, 00, 0x61,
  0x08, 0x61, 00, 0x41, 0x10, 0xc2, 00, 0x40, 0x08, 0x61, 00, 0x41,
  0x08, 0x41, 00, 0x41, 0x08, 0x61, 00, 0x41, 00, 0x40, 00, 0x41,
  0x08, 0x40, 00, 0x40, 0x08, 0x40, 00, 0x40, 0x08, 0x40, 00, 00,
  0x08, 0x40, 00, 00, 00, 0x40, 00, 0x40, 0x08, 0x40, 00, 00,
  0x08, 0x40, 00, 0x40, 0x08, 0x40, 00, 00, 0x08, 0x40, 00, 00,
  0x08, 0x40, 00, 0x20, 0x08, 0x40, 00, 0x20, 0x08, 0x40, 00, 00,
  0x08, 0x40, 00, 00, 0x08, 0x40, 00, 0x20, 0x08, 0x40, 00, 00,
  00, 00, 00, 00, 00, 0x01, 00, 0x21, 00, 00, 0x10, 0x62,
  00, 0x40, 00, 0x20, 00, 0x01, 00, 0x21, 00, 0x01, 00, 0x21,
  00, 0x41, 00, 0x41, 00, 0x41, 00, 0x41, 00, 0x41, 00, 0x41,
  00, 0x41, 00, 0x41, 00, 0x41, 00, 0x41, 00, 0x41, 00, 0x41,
  00, 0x41, 00, 0x41, 00, 0x41, 00, 0x41, 00, 0x41, 00, 0x41,
  00, 0x41, 00, 0x41, 00, 0x41, 00, 0x40, 00, 0x41, 00, 0x41,
  00, 0x41, 00, 0x41, 00, 0x41, 00, 0x41, 00, 0x41, 00, 0x41,
  00, 0x41, 00, 0x41, 00, 0x41, 00, 0x41, 00, 0x41, 00, 0x41,
  00, 0x41, 00, 0x41, 0x08, 0x81, 0x10, 0xc2, 00, 0x41, 00, 0x41,
  00, 0x41, 00, 0x61, 00, 0x41, 00, 0x41, 00, 0x41, 00, 0x61,
  00, 0x82, 00, 0x82, 00, 0xc2, 0x08, 0xe3, 00, 0xc3, 00, 0x81,
  00, 0x82, 00, 0x82, 00, 0x82, 00, 0x81, 00, 0x82, 00, 0x82,
  00, 0x82, 00, 0xa2, 00, 0xc2, 00, 0xa2, 00, 0x81, 00, 0x61,
  00, 0x82, 00, 0x81, 00, 0x82, 00, 0x81, 00, 0x82, 00, 0x82,
  00, 0x82, 00, 0x81, 00, 0x82, 00, 0x81, 00, 0x82, 00, 0x81,
  00, 0x82, 00, 0x81, 00, 0x82, 00, 0x81, 00, 0xc3, 00, 0x81,
  00, 0x82, 00, 0x81, 00, 0x82, 00, 0x81, 00, 0x81, 00, 0xa2,
  00, 0xc2, 00, 0xa2, 00, 0xc2, 00, 0xa2, 00, 0xc2, 00, 0xa2,
  00, 0xc2, 00, 0xa2, 00, 0xc2, 00, 0xc2, 00, 0x82, 00, 0xa2,
  00, 0xc2, 0x08, 0xe3, 00, 0xc3, 00, 0xe3, 0x01, 0x03, 0x01, 0x02,
  0x01, 0x44, 0x01, 0x03, 0x01, 0x03, 0x01, 0x02, 00, 0xc2, 00, 0xa2,
  00, 0xe3, 0x09, 0x23, 0x01, 0x65, 0x01, 0x03, 0x01, 0x03, 0x01, 0x23,
  0x01, 0x03, 0x01, 0x23, 0x01, 0x24, 0x09, 0x65, 0x01, 0xc6, 0x01, 0x44,
  0x01, 0x04, 0x01, 0x24, 0x01, 0x44, 0x01, 0x03, 0x01, 0x03, 0x01, 0x03,
  00, 0xc2, 00, 0xa2, 00, 0xc2, 0x08, 0xe2, 00, 0xc2, 00, 0xa2,
  00, 0xc3, 00, 0xe3, 00, 0xc2, 00, 0xa2, 00, 0xc2, 0x08, 0xe2,
  00, 0xc2, 00, 0xa2, 00, 0x82, 00, 0x82, 00, 0xa2, 00, 0xa2,
  00, 0x82, 00, 0xa2, 00, 0x82, 00, 0xa2, 00, 0x82, 0x08, 0xa2,
  00, 0x82, 00, 0x82, 00, 0x82, 00, 0xa2, 00, 0x82, 00, 0x82,
  00, 0x82, 00, 0x81, 00, 0x81, 00, 0x81, 00, 0x81, 00, 0x61,
  00, 0x82, 00, 0x81, 00, 0x82, 00, 0x82, 00, 0x81, 00, 0x61,
  00, 0x81, 00, 0x81, 00, 0x41, 00, 0x41, 00, 0x41, 00, 0x61,
  00, 0x41, 00, 0x41, 00, 0x41, 00, 0x41, 00, 0x41, 00, 0x41,
  00, 0x41, 00, 0x41, 00, 0x41, 00, 0x41, 00, 0x41, 00, 0x41,
  00, 0x41, 00, 0x41, 00, 0x41, 00, 0x41, 00, 0x41, 00, 0x41,
  00, 0x41, 00, 0x41, 00, 0x41, 00, 0x41, 00, 0x41, 00, 0x41,
  00, 0x41, 00, 0x41, 00, 0x41, 00, 0x41, 00, 0x41, 00, 0x40,
  00, 0x41, 00, 0x41, 00, 0x41, 00, 0x41, 00, 0x41, 00, 0x40,
  00, 00, 00, 0x20, 00, 00, 0x08, 0x21, 00, 00, 0x08, 0x21,
  00, 0x41, 00, 0x41, 00, 00, 00, 00, 00, 00, 00, 00,
  0x08, 0x40, 00, 00, 0x08, 0x40, 00, 0x20, 0x08, 0x40, 0x18, 0xe3,
  0x08, 0x40, 00, 00, 0x08, 0x40, 00, 00, 0x08, 0x40, 00, 0x20,
  0x08, 0x40, 00, 00, 0x08, 0x40, 00, 0x20, 0x08, 0x40, 00, 00,
  0x08, 0x40, 00, 0x20, 0x08, 0x40, 00, 0x40, 0x08, 0x40, 00, 0x20,
  0x08, 0x40, 00, 0x40, 0x08, 0x40, 00, 0x20, 0x08, 0x41, 00, 0x41,
  0x08, 0x40, 0x18, 0xe3, 0x31, 0x85, 00, 0x40, 0x08, 0x61, 00, 0x41,
  0x08, 0x40, 00, 0x40, 00, 0x40, 00, 0x40, 0x08, 0x61, 00, 0x41,
  00, 0x40, 00, 0x40, 0x08, 0x61, 00, 0x41, 00, 0x40, 00, 0x40,
  0x08, 0x80, 00, 0x40, 0x10, 0x81, 0x19, 0x04, 00, 0x40, 00, 0x41,
  00, 0x40, 00, 0x41, 0x08, 0x81, 00, 0x41, 0x08, 0x61, 00, 0x41,
  0x08, 0xc1, 00, 0xa1, 0x08, 0xc1, 00, 0xa1, 0x08, 0xc1, 00, 0xa1,
  0x08, 0xc1, 00, 0xa1, 0x08, 0xa2, 00, 0xa2, 0x08, 0x81, 00, 0x61,
  0x08, 0x81, 00, 0x81, 0x08, 0x81, 00, 0x61, 0x08, 0x81, 00, 0x81,
  0x08, 0x81, 00, 0x81, 0x08, 0xc1, 00, 0xa1, 00, 0x81, 00, 0x82,
  0x08, 0x81, 00, 0x81, 00, 0x81, 00, 0x82, 0x08, 0xc1, 00, 0xa1,
  00, 0x81, 00, 0x82, 0x08, 0xc1, 00, 0xa1, 0x08, 0xc1, 00, 0xa1,
  0x08, 0xc1, 00, 0xa1, 0x08, 0x81, 00, 0x81, 0x08, 0xc2, 00, 0xa2,
  0x08, 0xc2, 00, 0xa2, 0x08, 0xc1, 00, 0xc2, 0x08, 0xa2, 00, 0xa2,
  0x09, 0x02, 00, 0xc2, 0x08, 0xa2, 00, 0xa2, 0x09, 0x02, 00, 0xc2,
  00, 0xc1, 00, 0xc2, 0x09, 0x02, 00, 0xc2, 0x09, 0x02, 00, 0xc2,
  0x09, 0x02, 00, 0xc2, 0x09, 0x02, 00, 0xc2, 0x08, 0xc2, 00, 0xc2,
  0x01, 0x02, 0x01, 0x03, 0x11, 0x43, 0x01, 0x23, 0x09, 0x02, 00, 0xe2,
  0x09, 0x03, 0x01, 0x03, 0x09, 0x43, 0x01, 0x43, 0x11, 0xa5, 0x01, 0x23,
  0x01, 0x02, 0x01, 0x03, 0x09, 0x64, 0x01, 0x23, 0x09, 0x23, 00, 0xe2,
  0x09, 0x43, 0x01, 0x03, 0x09, 0x02, 00, 0xc2, 00, 0xc1, 00, 0xc2,
  00, 0xc1, 00, 0xc2, 0x08, 0xc2, 00, 0xa2, 0x08, 0xc1, 00, 0xa1,
  0x08, 0xc1, 00, 0xc2, 0x08, 0xa2, 00, 0xa2, 0x08, 0xc2, 00, 0x82,
  0x08, 0xc1, 00, 0xa1, 0x08, 0xc1, 00, 0xa1, 0x08, 0xc1, 00, 0xa1,
  0x10, 0xc2, 00, 0x82, 0x08, 0x81, 00, 0x81, 0x08, 0xc1, 00, 0xa1,
  00, 0x81, 00, 0x82, 0x08, 0xc1, 00, 0xa1, 0x08, 0x81, 00, 0x41,
  0x08, 0xa1, 00, 0xa1, 0x08, 0xc1, 00, 0xa1, 0x08, 0x81, 00, 0x41,
  0x08, 0x61, 00, 0x41, 0x08, 0x61, 00, 0x61, 0x08, 0x81, 00, 0x41,
  0x08, 0x61, 00, 0x41, 0x08, 0x61, 00, 0x61, 0x08, 0x80, 00, 0x40,
  00, 0x40, 00, 0x40, 0x08, 0x61, 00, 0x61, 0x08, 0x40, 00, 0x40,
  00, 0x40, 00, 0x41, 0x08, 0x41, 00, 0x41, 0x08, 0x61, 00, 0x41,
  00, 0x40, 00, 0x40, 0x08, 0x41, 00, 0x41, 0x08, 0x40, 00, 0x20,
  0x08, 0x61, 00, 0x41, 0x08, 0x40, 00, 00, 0x08, 0x40, 00, 00,
  0x08, 0x40, 00, 0x20, 0x08, 0x40, 00, 0x40, 0x08, 0x40, 00, 0x20,
  0x08, 0x40, 00, 0x20, 0x08, 0x40, 00, 00, 0x08, 0x40, 00, 00,
  0x08, 0x40, 00, 00, 0x08, 0x20, 00, 00, 0x08, 0x40, 00, 00,
  00, 00, 0x08, 0x21, 00, 00, 00, 00, 00, 00, 00, 00,
  00, 00, 00, 00, 00, 0x41, 00, 0x41, 00, 00, 00, 00,
  00, 0x01, 00, 0x21, 00, 0x01, 00, 0x21, 00, 0x41, 00, 0x41,
  00, 0x41, 00, 0x40, 00, 0x41, 00, 0x41, 00, 0x41, 00, 0x40,
  00, 0x41, 00, 0x41, 00, 0x41, 00, 0x41, 00, 0x41, 00, 0x40,
  00, 0x41, 00, 0x40, 00, 0x41, 00, 0x21, 00, 0x41, 00, 0x41,
  00, 0x41, 00, 0x41, 00, 0x41, 00, 0x41, 00, 0x41, 00, 0x41,
  00, 0x41, 00, 0x41, 00, 0x41, 0x08, 0x61, 00, 0x41, 00, 0x41,
  00, 0x41, 00, 0x41, 00, 0x41, 00, 0x41, 00, 0x41, 00, 0x61,
  00, 0x41, 00, 0x41, 00, 0x81, 00, 0x61, 00, 0x41, 0x08, 0x62,
  00, 0x82, 00, 0x82, 00, 0x81, 00, 0x61, 00, 0x82, 00, 0x82,
  00, 0x82, 00, 0x82, 00, 0x82, 00, 0x81, 00, 0x81, 00, 0x61,
  00, 0x82, 00, 0x81, 00, 0x41, 00, 0x61, 00, 0x82, 00, 0x81,
  00, 0x82, 0x08, 0x81, 00, 0x82, 00, 0x62, 00, 0x82, 00, 0x61,
  00, 0x82, 00, 0x82, 00, 0x82, 00, 0x61, 00, 0x82, 00, 0x82,
  00, 0x82, 00, 0x81, 00, 0x82, 00, 0xa2, 00, 0x82, 00, 0x81,
  00, 0x82, 00, 0x82, 00, 0x82, 00, 0x81, 00, 0x82, 00, 0xa2,
  00, 0x82, 00, 0xa2, 00, 0xc2, 00, 0xa2, 00, 0xc2, 00, 0xa2,
  00, 0xc2, 00, 0xc2, 00, 0xc2, 00, 0xa2, 00, 0xc2, 00, 0xc2,
  00, 0x82, 00, 0xa2, 00, 0xc2, 00, 0xa2, 00, 0xc2, 00, 0xa2,
  00, 0xc3, 00, 0xc2, 00, 0xc2, 00, 0xa2, 00, 0xc2, 00, 0xa2,
  00, 0xc3, 00, 0xe3, 0x01, 0x03, 0x01, 0x03, 0x01, 0x04, 00, 0xc3,
  0x01, 0x44, 0x01, 0x43, 0x01, 0x44, 0x01, 0x02, 0x01, 0x44, 0x01, 0x44,
  00, 0xc3, 00, 0xe3, 0x01, 0x44, 0x01, 0x24, 0x01, 0x03, 0x09, 0x44,
  0x01, 0x03, 00, 0xe3, 00, 0xc2, 00, 0xa2, 00, 0xc2, 00, 0xa2,
  00, 0x82, 00, 0xa2, 00, 0xc2, 00, 0xa2, 00, 0x82, 00, 0x81,
  00, 0x82, 00, 0x82, 00, 0x81, 00, 0xa2, 00, 0xc2, 0x08, 0xe3,
  00, 0xc2, 00, 0xa2, 00, 0x82, 00, 0x81, 00, 0x82, 00, 0x81,
  00, 0x82, 0x08, 0xa2, 00, 0x82, 00, 0x81, 00, 0x82, 00, 0x62,
  00, 0x41, 00, 0x61, 00, 0x82, 00, 0x81, 00, 0x82, 00, 0x81,
  00, 0x82, 00, 0x81, 00, 0x81, 00, 0x61, 00, 0x81, 00, 0x61,
  00, 0x41, 00, 0x61, 00, 0x41, 00, 0x61, 00, 0x41, 00, 0x41,
  00, 0x41, 00, 0x41, 00, 0x41, 00, 0x41, 00, 0x41, 00, 0x41,
  00, 0x41, 00, 0x41, 00, 0x41, 00, 0x41, 00, 0x41, 00, 0x41,
  00, 0x41, 00, 0x41, 00, 0x41, 0x10, 0x82, 00, 0x41, 0x08, 0x61,
  00, 0x41, 00, 0x41, 00, 0x41, 00, 0x41, 00, 0x41, 00, 0x41,
  00, 0x41, 00, 0x41, 00, 0x41, 00, 0x40, 00, 0x41, 00, 0x41,
  00, 0x01, 00, 0x21, 00, 0x41, 00, 0x41, 00, 0x01, 00, 0x21,
  00, 0x01, 00, 0x21, 00, 0x01, 00, 00, 00, 0x01, 00, 0x21,
  00, 00, 00, 00, 00, 00, 0x08, 0x21, 00, 00, 00, 00,
  0x08, 0x40, 00, 00, 0x08, 0x40, 00, 00, 0x08, 0x40, 00, 0x20,
  0x08, 0x40, 00, 0x20, 0x08, 0x40, 00, 0x20, 0x08, 0x40, 00, 00,
  0x08, 0x40, 00, 0x20, 0x08, 0x40, 00, 00, 0x08, 0x40, 00, 00,
  0x08, 0x40, 00, 0x40, 0x08, 0x40, 00, 0x20, 0x08, 0x40, 00, 0x40,
  0x08, 0x40, 00, 0x41, 0x08, 0x40, 00, 00, 00, 0x40, 00, 0x40,
  0x08, 0x40, 00, 0x40, 0x08, 0x40, 00, 0x40, 0x08, 0x41, 00, 0x41,
  00, 0x40, 00, 0x40, 00, 0x40, 00, 0x41, 00, 0x40, 00, 0x40,
  0x08, 0x61, 00, 0x41, 0x08, 0x80, 00, 0x40, 0x08, 0x80, 00, 0x40,
  0x08, 0x61, 00, 0x41, 0x08, 0x81, 00, 0x41, 0x08, 0x61, 00, 0x61,
  0x08, 0x61, 00, 0x61, 0x08, 0x61, 00, 0x61, 0x08, 0x81, 00, 0x81,
  00, 0x81, 00, 0x82, 0x08, 0x81, 00, 0x81, 0x08, 0x81, 00, 0x41,
  0x08, 0x81, 00, 0x81, 0x08, 0x61, 00, 0x61, 0x08, 0x81, 00, 0x41,
  0x08, 0x81, 00, 0x41, 0x08, 0x81, 00, 0x41, 0x08, 0x81, 00, 0x61,
  00, 0x81, 00, 0x82, 00, 0x81, 00, 0x82, 0x08, 0x81, 00, 0x81,
  00, 0x81, 00, 0x82, 0x08, 0x81, 00, 0x81, 0x08, 0xc1, 00, 0xa1,
  0x08, 0xc1, 00, 0xa1, 0x08, 0xc1, 00, 0xa1, 0x08, 0xc1, 00, 0xa1,
  00, 0x81, 00, 0x82, 00, 0x81, 00, 0x82, 0x08, 0xc1, 00, 0xa1,
  0x08, 0xc2, 00, 0xa2, 0x08, 0xa2, 00, 0xa2, 0x08, 0xc2, 00, 0xa2,
  0x08, 0xc1, 00, 0xa1, 0x08, 0xc2, 00, 0xc2, 00, 0xc1, 00, 0xc2,
  0x08, 0xc2, 00, 0xc2, 0x08, 0xa2, 00, 0x82, 00, 0xc2, 00, 0xc3,
  00, 0xc1, 00, 0xc2, 0x09, 0x02, 00, 0xc2, 0x08, 0xc1, 00, 0xa1,
  00, 0xc1, 00, 0xc2, 0x09, 0x23, 00, 0xe2, 0x09, 0x02, 00, 0xc2,
  0x09, 0x44, 0x01, 0x23, 0x09, 0x43, 0x01, 0x03, 0x09, 0x43, 0x01, 0x23,
  0x09, 0x02, 0x01, 0x02, 0x09, 0x03, 0x01, 0x03, 0x09, 0x23, 0x01, 0x23,
  0x09, 0x43, 0x01, 0x03, 0x09, 0x02, 00, 0xe2, 0x08, 0xc1, 00, 0xc2,
  00, 0xc1, 00, 0xc2, 0x08, 0xc1, 00, 0xa1, 0x08, 0xc1, 00, 0xa1,
  0x08, 0xc1, 00, 0xa1, 0x08, 0xc1, 00, 0xa1, 0x08, 0xc1, 00, 0xc2,
  0x08, 0xa2, 00, 0xa2, 0x08, 0xc1, 00, 0xa1, 0x08, 0xc1, 00, 0xa1,
  0x08, 0xc1, 00, 0xa1, 0x08, 0xc1, 00, 0xa1, 0x08, 0x81, 00, 0x41,
  0x08, 0x81, 00, 0x41, 0x08, 0x81, 00, 0x81, 0x08, 0x81, 00, 0x81,
  0x08, 0x81, 00, 0x81, 0x08, 0x81, 00, 0x41, 0x08, 0x81, 00, 0x41,
  0x08, 0x81, 00, 0x41, 0x08, 0x61, 00, 0x61, 00, 0x40, 00, 0x40,
  0x08, 0x61, 00, 0x61, 0x08, 0x61, 00, 0x41, 0x08, 0x61, 00, 0x41,
  0x08, 0x61, 00, 0x41, 0x08, 0x61, 00, 0x61, 0x08, 0x61, 00, 0x41,
  0x08, 0x80, 00, 0x60, 00, 0x40, 00, 0x40, 0x08, 0x40, 00, 0x61,
  0x08, 0x81, 00, 0x41, 0x08, 0x80, 00, 0x40, 00, 0x40, 00, 0x40,
  0x08, 0x81, 00, 0x40, 0x08, 0x40, 00, 0x20, 0x08, 0x40, 00, 0x20,
  0x10, 0x81, 00, 0x41, 0x08, 0x40, 00, 00, 0x08, 0x40, 00, 0x20,
  0x08, 0x40, 00, 0x20, 0x08, 0x40, 00, 00, 0x08, 0x40, 00, 0x20,
  0x08, 0x40, 00, 00, 0x08, 0x40, 00, 0x20, 0x08, 0x40, 00, 00,
  00, 0x01, 00, 0x21, 00, 0x01, 00, 0x21, 00, 00, 00, 0x20,
  00, 0x01, 00, 0x21, 00, 0x41, 0x08, 0x41, 00, 0x01, 00, 0x21,
  00, 00, 0x08, 0x21, 00, 0x41, 00, 0x41, 00, 0x41, 00, 0x40,
  00, 0x41, 00, 0x41, 00, 0x41, 00, 0x41, 00, 0x41, 00, 0x41,
  00, 0x41, 00, 0x41, 00, 0x41, 00, 0x41, 00, 0x41, 00, 0x40,
  00, 0x41, 00, 0x41, 00, 0x41, 00, 0x41, 00, 0x41, 00, 0x41,
  00, 0x41, 00, 0x41, 00, 0x41, 00, 0x41, 00, 0x41, 00, 0x21,
  00, 0x41, 00, 0x61, 00, 0x41, 00, 0x41, 00, 0x41, 00, 0x41,
  00, 0x41, 00, 0x41, 00, 0x41, 0x08, 0x61, 00, 0x41, 00, 0x41,
  00, 0x41, 00, 0x61, 00, 0x41, 0x08, 0x61, 00, 0x81, 00, 0x61,
  00, 0x82, 0x08, 0x81, 00, 0x82, 00, 0x81, 00, 0x81, 00, 0x61,
  00, 0x82, 00, 0x81, 00, 0x41, 00, 0x61, 00, 0x41, 00, 0x61,
  00, 0x41, 00, 0x61, 00, 0x82, 00, 0x81, 00, 0x82, 00, 0x81,
  00, 0x82, 00, 0x81, 00, 0x81, 00, 0x61, 00, 0x82, 00, 0x81,
  00, 0x82, 00, 0x81, 00, 0x82, 00, 0x81, 00, 0x82, 00, 0x81,
  00, 0x82, 00, 0xa2, 00, 0xc3, 00, 0x81, 00, 0x82, 00, 0xa2,
  00, 0x82, 0x08, 0xa2, 00, 0x82, 0x08, 0xa2, 00, 0x82, 0x08, 0xa2,
  00, 0xc2, 00, 0xc2, 00, 0xc2, 00, 0xa2, 00, 0xc2, 00, 0xa2,
  00, 0xc2, 00, 0xa2, 00, 0xc2, 00, 0xa2, 00, 0xc2, 00, 0xa2,
  00, 0xc2, 0x08, 0xe3, 00, 0xc3, 00, 0xe3, 00, 0xc2, 00, 0xa2,
  00, 0xc2, 00, 0xa2, 00, 0xc2, 0x08, 0xe3, 00, 0xc2, 00, 0xa2,
  00, 0xc3, 00, 0xe3, 0x01, 0x03, 0x01, 0x03, 00, 0xc3, 00, 0xc2,
  0x01, 0x04, 0x01, 0x24, 0x01, 0x03, 0x01, 0x03, 0x01, 0x03, 0x01, 0x23,
  0x01, 0x03, 0x01, 0x03, 0x01, 0x03, 0x01, 0x03, 0x01, 0x03, 0x01, 0x03,
  0x01, 0x03, 0x09, 0x64, 0x01, 0x03, 0x01, 0x03, 00, 0xc2, 00, 0xa2,
  00, 0xc2, 00, 0xa2, 00, 0xc2, 00, 0xa2, 00, 0x82, 00, 0x81,
  00, 0x82, 00, 0x82, 00, 0x82, 00, 0xa2, 00, 0xc2, 00, 0xa2,
  00, 0xc3, 0x08, 0xc2, 00, 0x82, 00, 0xa2, 00, 0x82, 00, 0x82,
  00, 0xa2, 00, 0xa2, 00, 0x82, 00, 0x82, 00, 0x82, 00, 0x81,
  00, 0x81, 00, 0x61, 00, 0x82, 00, 0x81, 00, 0x82, 00, 0x82,
  00, 0x81, 00, 0x81, 00, 0x81, 00, 0x81, 00, 0x41, 00, 0x61,
  00, 0x82, 00, 0x40, 00, 0x41, 00, 0x41, 00, 0x41, 0x08, 0x61,
  00, 0x41, 00, 0x41, 00, 0x41, 00, 0x41, 00, 0x41, 00, 0x41,
  00, 0x41, 00, 0x41, 00, 0x41, 00, 0x41, 00, 0x41, 00, 0x41,
  00, 0x41, 00, 0x41, 00, 0x41, 00, 0x41, 00, 0x41, 00, 0x41,
  00, 0x41, 00, 0x41, 00, 0x41, 00, 0x41, 00, 0x41, 00, 0x41,
  00, 0x41, 00, 0x21, 00, 0x41, 00, 0x41, 00, 0x41, 00, 0x21,
  00, 0x41, 00, 0x40, 00, 0x41, 00, 0x41, 00, 0x41, 00, 0x41,
  00, 0x01, 00, 0x21, 00, 0x01, 00, 0x21, 00, 0x01, 00, 0x21,
  00, 00, 00, 0x20, 00, 00, 00, 00, 00, 00, 0x08, 0x20,
  0x08, 0x40, 00, 00, 0x08, 0x40, 00, 0x20, 0x08, 0x40, 00, 00,
  0x08, 0x40, 00, 0x20, 0x08, 0x20, 00, 00, 0x08, 0x40, 00, 0x20,
  0x08, 0x40, 00, 0x41, 0x08, 0x40, 00, 00, 0x08, 0x40, 00, 0x40,
  0x08, 0x40, 00, 00, 0x08, 0x40, 00, 0x40, 0x08, 0x40, 00, 0x20,
  0x08, 0x40, 00, 0x40, 0x08, 0x41, 00, 0x41, 00, 0x40, 00, 0x41,
  0x08, 0x40, 00, 0x20, 0x08, 0x40, 00, 0x40, 0x08, 0x40, 00, 0x20,
  0x08, 0x41, 00, 0x41, 00, 0x40, 00, 0x40, 0x08, 0x61, 00, 0x41,
  0x08, 0x61, 00, 0x20, 00, 0x40, 00, 0x41, 0x08, 0x61, 00, 0x41,
  0x08, 0x61, 00, 0x41, 00, 0x40, 00, 0x40, 0x08, 0x61, 00, 0x41,
  0x08, 0x81, 00, 0x61, 0x08, 0x81, 00, 0x82, 0x08, 0x61, 00, 0x61,
  0x08, 0x81, 00, 0x41, 0x08, 0x61, 00, 0x61, 0x08, 0x81, 00, 0x41,
  0x08, 0x81, 00, 0x61, 0x08, 0x81, 00, 0x81, 0x08, 0x61, 00, 0x61,
  0x08, 0x81, 00, 0x41, 0x08, 0x81, 00, 0x61, 0x08, 0x81, 00, 0x41,
  00, 0x81, 00, 0x82, 0x08, 0x81, 00, 0x41, 0x08, 0x81, 00, 0x61,
  0x08, 0x81, 00, 0x81, 0x08, 0x81, 00, 0x61, 0x08, 0x81, 00, 0x81,
  0x08, 0xc1, 00, 0xa1, 0x08, 0xc1, 00, 0xa1, 0x08, 0xc1, 00, 0xa1,
  0x08, 0xc1, 00, 0xa1, 0x08, 0x81, 00, 0x81, 0x08, 0xc1, 00, 0xa1,
  0x08, 0xc1, 00, 0xa1, 0x08, 0xc1, 00, 0xa1, 0x08, 0xc1, 00, 0xa1,
  0x11, 0x02, 00, 0xe2, 0x08, 0xc1, 00, 0xc2, 00, 0xc2, 00, 0xc3,
  0x08, 0xa2, 00, 0xa2, 0x09, 0x02, 00, 0xc2, 0x09, 0x02, 00, 0xc2,
  0x09, 0x02, 00, 0xc2, 0x08, 0xa2, 00, 0xa2, 0x08, 0xc2, 00, 0xa2,
  00, 0xc2, 0x01, 0x03, 0x09, 0x02, 00, 0xe2, 00, 0xc1, 00, 0xc2,
  0x09, 0x43, 0x01, 0x44, 0x09, 0x02, 00, 0xe2, 0x01, 0x02, 0x01, 0x03,
  0x09, 0x44, 0x01, 0x23, 0x09, 0x02, 00, 0xc2, 0x09, 0x02, 00, 0xe2,
  0x01, 0x02, 0x01, 0x43, 0x09, 0x23, 00, 0xe2, 0x08, 0xe3, 00, 0xa2,
  0x08, 0xc1, 00, 0xc2, 0x10, 0xe3, 00, 0xa2, 0x08, 0xc1, 00, 0xa1,
  0x08, 0xc1, 00, 0xc2, 0x08, 0xc1, 00, 0xa1, 0x08, 0xc2, 00, 0xa2,
  0x08, 0xa2, 00, 0x82, 0x08, 0xc2, 00, 0xa2, 00, 0x81, 00, 0x82,
  0x08, 0xc1, 00, 0xa1, 00, 0x81, 00, 0x82, 0x08, 0xc1, 00, 0xa1,
  0x08, 0x81, 00, 0x61, 0x08, 0x81, 00, 0x41, 0x08, 0x81, 00, 0x41,
  0x08, 0x81, 00, 0x81, 0x08, 0x81, 00, 0x61, 0x08, 0x81, 00, 0x41,
  0x08, 0x61, 00, 0x61, 0x08, 0x61, 00, 0x41, 0x08, 0x61, 00, 0x61,
  0x08, 0x61, 00, 0x41, 0x08, 0x61, 00, 0x61, 0x08, 0x61, 00, 0x41,
  0x08, 0x61, 00, 0x41, 0x08, 0x61, 00, 0x41, 0x08, 0x61, 00, 0x41,
  0x08, 0x81, 00, 0x41, 00, 0x40, 00, 0x41, 0x08, 0x61, 00, 0x41,
  0x08, 0x40, 00, 00, 0x08, 0x41, 00, 0x41, 0x08, 0x40, 00, 0x40,
  0x08, 0x61, 00, 0x41, 0x08, 0x40, 00, 0x41, 0x10, 0x61, 00, 0x20,
  0x08, 0x40, 00, 0x20, 0x08, 0x40, 00, 0x41, 0x08, 0x40, 00, 00,
  0x08, 0x40, 00, 0x41, 0x08, 0x20, 00, 0x20, 0x10, 0x81, 00, 0x20,
  0x08, 0x40, 00, 00, 0x08, 0x40, 00, 00, 0x08, 0x40, 00, 0x20,
  00, 0x01, 00, 0x21, 00, 00, 00, 00, 00, 0x01, 00, 0x21,
  00, 00, 00, 00, 00, 0x01, 00, 0x21, 00, 00, 00, 0x20,
  00, 00, 0x08, 0x21, 00, 0x01, 00, 0x21, 00, 0x41, 00, 0x41,
  00, 0x01, 00, 0x21, 00, 0x41, 00, 0x41, 00, 0x41, 00, 0x41,
  00, 0x41, 00, 0x41, 00, 0x41, 00, 0x41, 00, 0x41, 00, 0x41,
  00, 0x41, 00, 0x40, 00, 0x41, 00, 0x41, 00, 0x41, 00, 0x41,
  00, 0x41, 00, 0x41, 00, 0x41, 00, 0x41, 00, 0x41, 00, 0x41,
  00, 00, 0x18, 0xa2, 0x21, 0x65, 0x08, 0x20, 00, 0x41, 00, 0x41,
  00, 0x41, 00, 0x41, 00, 0x41, 00, 0x41, 00, 0x41, 00, 0x41,
  00, 0x41, 00, 0x61, 00, 0x41, 00, 0x61, 00, 0x41, 00, 0x41,
  00, 0x41, 00, 0x61, 00, 0x41, 00, 0x61, 00, 0x41, 00, 0x61,
  00, 0x41, 00, 0x61, 00, 0x81, 00, 0x61, 00, 0x41, 00, 0x61,
  00, 0x42, 00, 0x62, 00, 0x41, 00, 0x61, 00, 0x82, 00, 0x81,
  00, 0x82, 00, 0x81, 00, 0x82, 00, 0x81, 00, 0x81, 00, 0x61,
  00, 0x82, 00, 0x81, 00, 0x82, 00, 0x81, 00, 0x82, 00, 0x81,
  00, 0x82, 00, 0x82, 00, 0x82, 00, 0x81, 00, 0x82, 00, 0x82,
  00, 0x82, 00, 0x82, 00, 0x81, 00, 0x61, 00, 0x82, 00, 0x82,
  00, 0x81, 00, 0xa2, 00, 0xc2, 00, 0xc2, 00, 0xc2, 00, 0xa2,
  00, 0xc2, 00, 0xc2, 00, 0xc3, 00, 0xc2, 00, 0xc2, 00, 0xa2,
  00, 0xc2, 00, 0xa2, 00, 0xc3, 00, 0xc2, 0x01, 0x03, 0x08, 0xe2,
  00, 0xc2, 00, 0xa2, 00, 0x82, 00, 0xa2, 00, 0xc2, 00, 0xa2,
  00, 0xc2, 00, 0xa2, 00, 0xc3, 00, 0xc2, 00, 0xc2, 00, 0xa2,
  0x01, 0x03, 0x01, 0x03, 00, 0xc3, 00, 0xe3, 0x01, 0x03, 0x01, 0x03,
  00, 0xc2, 0x08, 0xe3, 00, 0xc2, 0x08, 0xe2, 0x01, 0x03, 0x01, 0x02,
  0x01, 0x04, 0x09, 0x44, 0x01, 0x03, 00, 0xc1, 00, 0xc2, 00, 0xa2,
  00, 0xc2, 00, 0xa2, 00, 0xc2, 00, 0xa2, 00, 0x82, 00, 0x82,
  00, 0xc2, 00, 0xc2, 00, 0x82, 00, 0xa2, 00, 0xc2, 00, 0xa2,
  00, 0x81, 0x08, 0xc2, 00, 0xc2, 00, 0xa2, 00, 0x82, 0x08, 0x62,
  00, 0x82, 00, 0x82, 00, 0x82, 00, 0x82, 00, 0x82, 00, 0xa2,
  00, 0x81, 00, 0x61, 00, 0x41, 00, 0x61, 00, 0x41, 00, 0x41,
  00, 0x41, 00, 0x61, 00, 0x41, 00, 0x61, 00, 0x81, 00, 0x61,
  00, 0x41, 00, 0x41, 00, 0x41, 0x08, 0x61, 00, 0x41, 00, 0x41,
  00, 0x41, 00, 0x61, 00, 0x82, 00, 0x40, 00, 0x41, 00, 0x41,
  00, 0x41, 00, 0x41, 00, 0x41, 00, 0x41, 00, 0x41, 0x08, 0x61,
  00, 0x41, 00, 0x41, 00, 0x41, 00, 0x41, 00, 0x41, 00, 0x41,
  00, 0x41, 00, 0x41, 00, 0x41, 00, 0x41, 00, 0x41, 00, 0x41,
  00, 0x41, 00, 0x41, 00, 0x41, 00, 0x40, 00, 0x41, 00, 0x41,
  00, 0x01, 00, 0x21, 00, 0x41, 00, 0x41, 00, 0x01, 00, 0x21,
  00, 0x41, 0x08, 0x41, 00, 00, 0x08, 0x21, 00, 0x42, 00, 0x21,
  00, 00, 00, 0x20, 00, 0x01, 00, 0x21, 00, 00, 00, 00,
  0x08, 0x40, 00, 0x20, 0x08, 0x40, 00, 00, 0x08, 0x40, 00, 00,
  0x08, 0x40, 00, 00, 0x08, 0x40, 00, 0x20, 0x08, 0x40, 00, 00,
  0x08, 0x20, 00, 00, 00, 0x40, 00, 0x40, 0x08, 0x40, 00, 00,
  00, 0x40, 00, 0x40, 0x08, 0x40, 00, 0x41, 0x08, 0x80, 00, 0x40,
  0x08, 0x40, 00, 0x20, 0x08, 0x40, 00, 0x40, 0x10, 0xc2, 00, 0x40,
  00, 0x40, 00, 0x40, 00, 0x40, 00, 0x40, 00, 0x40, 00, 0x40,
  0x08, 0x40, 00, 0x41, 0x08, 0x61, 00, 0x41, 0x08, 0x61, 00, 0x61,
  0x08, 0x61, 00, 0x61, 0x10, 0x81, 00, 0x40, 0x08, 0x61, 00, 0x41,
  00, 0x40, 00, 0x40, 0x08, 0x61, 00, 0x61, 00, 0x40, 00, 0x41,
  0x08, 0x61, 00, 0x61, 0x08, 0x61, 00, 0x61, 0x08, 0x81, 00, 0x41,
  0x08, 0x61, 00, 0x61, 0x08, 0x81, 00, 0x82, 0x08, 0x81, 00, 0x41,
  0x08, 0x81, 00, 0x81, 0x08, 0x81, 00, 0x41, 0x08, 0x81, 00, 0x41,
  0x08, 0x61, 00, 0x61, 0x08, 0x61, 00, 0x41, 0x08, 0x81, 00, 0x41,
  0x08, 0x81, 00, 0x41, 0x08, 0x81, 00, 0x81, 0x08, 0x81, 00, 0x41,
  0x08, 0x81, 00, 0x61, 00, 0x81, 00, 0x82, 00, 0x81, 00, 0x82,
  0x08, 0xc1, 00, 0xa1, 0x19, 0x02, 00, 0x81, 0x08, 0xc1, 00, 0xa1,
  00, 0x81, 00, 0x82, 00, 0x81, 00, 0x82, 0x08, 0xc1, 00, 0xa1,
  0x08, 0xc1, 00, 0xa1, 0x08, 0xc1, 00, 0xa1, 0x09, 0x02, 00, 0xc2,
  0x08, 0xa2, 00, 0xa2, 00, 0xc1, 00, 0xc2, 0x08, 0xe3, 00, 0xa2,
  0x08, 0xc2, 00, 0xc2, 0x08, 0xe3, 00, 0xa2, 0x08, 0xc2, 00, 0xc2,
  0x09, 0x02, 00, 0xe2, 0x08, 0xa2, 00, 0xa2, 0x08, 0xc1, 00, 0xa1,
  00, 0xc2, 00, 0xc3, 0x09, 0x02, 00, 0xe2, 0x09, 0x02, 00, 0xe2,
  0x01, 0x02, 0x01, 0x03, 0x01, 0x02, 0x01, 0x03, 0x11, 0x43, 00, 0xc2,
  0x09, 0x02, 00, 0xe2, 0x09, 0x02, 00, 0xe2, 0x09, 0x02, 00, 0xc2,
  0x09, 0x44, 0x01, 0x23, 00, 0xc1, 00, 0xc2, 0x08, 0xa2, 00, 0xa2,
  0x08, 0xa2, 00, 0xa2, 0x08, 0xc1, 00, 0xa1, 0x08, 0xa2, 00, 0xa2,
  0x08, 0xc1, 00, 0xa1, 00, 0xc1, 00, 0xc2, 0x08, 0xe2, 00, 0x81,
  0x08, 0x81, 00, 0x81, 0x08, 0xc1, 00, 0xa1, 0x08, 0xc1, 00, 0xa1,
  0x08, 0x81, 00, 0x61, 0x08, 0xc1, 00, 0xa1, 00, 0x81, 00, 0x82,
  0x08, 0x81, 00, 0x61, 0x08, 0x81, 00, 0x41, 0x08, 0x61, 00, 0x61,
  0x08, 0x81, 00, 0x41, 0x08, 0x81, 00, 0x41, 0x08, 0x61, 00, 0x41,
  0x08, 0x81, 00, 0x41, 0x08, 0x61, 00, 0x61, 0x08, 0x81, 00, 0x41,
  0x08, 0x61, 00, 0x61, 0x08, 0x81, 00, 0x41, 0x08, 0x61, 00, 0x61,
  0x08, 0x61, 00, 0x41, 0x08, 0x61, 00, 0x61, 0x08, 0x61, 00, 0x41,
  0x08, 0x81, 00, 0x41, 0x08, 0x61, 00, 0x41, 0x08, 0x40, 00, 0x20,
  00, 0x40, 00, 0x40, 0x08, 0x40, 00, 0x20, 0x08, 0x40, 00, 00,
  0x08, 0x40, 00, 0x20, 0x08, 0x40, 00, 00, 0x08, 0x40, 00, 0x20,
  0x08, 0x40, 00, 0x20, 0x08, 0x40, 00, 00, 0x08, 0x40, 00, 0x20,
  0x08, 0x40, 00, 0x20, 0x08, 0x40, 00, 0x20, 0x08, 0x40, 00, 0x20,
  0x08, 0x40, 00, 00, 0x08, 0x40, 00, 0x20, 0x08, 0x40, 00, 0x20,
  00, 00, 00, 00, 00, 0x01, 00, 0x21, 00, 0x01, 00, 0x21,
  00, 0x01, 00, 0x21, 00, 00, 00, 00, 00, 0x01, 00, 0x21,
  00, 0x01, 00, 0x21, 00, 0x41, 00, 0x41, 00, 0x01, 00, 0x21,
  00, 0x41, 00, 0x41, 00, 0x40, 00, 0x40, 00, 0x41, 00, 0x40,
  00, 0x41, 00, 0x41, 00, 0x41, 00, 0x41, 00, 0x41, 00, 0x41,
  00, 0x41, 00, 0x41, 00, 0x41, 00, 0x41, 00, 0x41, 00, 0x41,
  00, 0x41, 00, 0x41, 00, 0x41, 0x08, 0x61, 00, 0x41, 00, 0x61,
  00, 0x41, 00, 0x61, 00, 0x41, 00, 0x41, 00, 0x41, 00, 0x41,
  00, 0x41, 00, 0x41, 00, 0x41, 00, 0x41, 00, 0x41, 00, 0x41,
  00, 0x41, 00, 0x61, 00, 0x41, 00, 0x41, 00, 0x41, 00, 0x61,
  00, 0x41, 00, 0x61, 00, 0x41, 0x08, 0x61, 00, 0x41, 00, 0x61,
  00, 0x82, 00, 0x61, 00, 0x81, 00, 0x61, 00, 0x41, 00, 0x61,
  00, 0x41, 0x08, 0x61, 00, 0x41, 00, 0x61, 00, 0x41, 00, 0x61,
  00, 0x82, 00, 0x81, 00, 0x81, 00, 0x61, 00, 0x81, 00, 0x61,
  00, 0x82, 00, 0x81, 00, 0x82, 00, 0x81, 00, 0x82, 00, 0x82,
  00, 0x81, 00, 0x61, 0x19, 0x03, 0x10, 0xa1, 00, 0x82, 00, 0x82,
  00, 0x82, 00, 0x81, 00, 0x82, 00, 0x81, 00, 0x82, 00, 0x81,
  00, 0x82, 00, 0xa2, 00, 0x82, 00, 0x82, 00, 0x82, 00, 0xa2,
  00, 0xc2, 00, 0xa2, 00, 0xc2, 00, 0xa2, 00, 0xc2, 00, 0xa2,
  00, 0xc2, 0x08, 0xe3, 00, 0xc2, 00, 0xa2, 00, 0xc2, 0x08, 0xe3,
  00, 0xc2, 00, 0xa2, 00, 0xc2, 00, 0xa2, 00, 0xc2, 00, 0xa2,
  00, 0xc2, 00, 0xa2, 00, 0xc2, 00, 0xa2, 00, 0xc2, 00, 0xa2,
  00, 0xc2, 0x08, 0xe3, 0x01, 0x03, 0x01, 0x03, 00, 0xc2, 00, 0xa2,
  0x01, 0x03, 0x01, 0x03, 00, 0xc2, 00, 0xa2, 00, 0xc3, 00, 0xe3,
  0x01, 0x03, 00, 0xc2, 00, 0xc2, 00, 0xa2, 00, 0xc2, 00, 0xa2,
  00, 0xc2, 00, 0xa2, 00, 0x82, 00, 0xa2, 00, 0x82, 00, 0xa2,
  00, 0xc2, 0x11, 0x03, 00, 0x82, 00, 0xa2, 00, 0x82, 00, 0x82,
  00, 0x82, 00, 0x81, 00, 0x82, 00, 0x82, 00, 0x82, 00, 0x82,
  00, 0x82, 0x08, 0x81, 00, 0x82, 00, 0x61, 00, 0x81, 00, 0x61,
  00, 0x82, 00, 0x82, 00, 0x41, 00, 0x41, 00, 0x41, 00, 0x61,
  00, 0x41, 00, 0x41, 00, 0x41, 00, 0x61, 00, 0x41, 00, 0x61,
  00, 0x41, 0x08, 0x61, 00, 0x41, 00, 0x21, 00, 0x41, 00, 0x41,
  00, 0x41, 00, 0x61, 00, 0x41, 0x08, 0x61, 00, 0x41, 00, 0x61,
  00, 0x81, 00, 0x81, 00, 0x41, 00, 0x61, 00, 0x41, 00, 0x41,
  00, 0x41, 0x08, 0x61, 00, 0x41, 00, 0x41, 00, 0x41, 00, 0x41,
  00, 0x41, 00, 0x41, 00, 0x41, 00, 0x41, 00, 0x41, 00, 0x41,
  00, 0x41, 00, 0x40, 00, 0x40, 0x08, 0x81, 00, 0x42, 00, 0x21,
  00, 0x01, 00, 0x21, 00, 0x01, 00, 0x21, 00, 0x01, 00, 0x21,
  00, 00, 0x08, 0x21, 00, 0x42, 00, 0x21, 00, 0x41, 00, 0x40,
  00, 0x01, 00, 0x21, 00, 00, 00, 00, 00, 0x01, 00, 0x21,
  0x08, 0x40, 00, 00, 0x08, 0x40, 00, 00, 0x08, 0x40, 00, 00,
  0x08, 0x40, 00, 0x20, 0x08, 0x40, 00, 0x41, 0x08, 0x40, 00, 0x20,
  0x08, 0x40, 00, 00, 0x08, 0x40, 00, 00, 0x08, 0x40, 00, 0x40,
  0x08, 0x40, 00, 0x41, 0x10, 0x20, 0x52, 0x88, 0x39, 0x85, 00, 00,
  0x08, 0x80, 00, 0x40, 0x08, 0x40, 00, 0x40, 0x08, 0x40, 00, 0x40,
  0x08, 0x40, 00, 0x20, 0x08, 0x40, 00, 0x40, 0x08, 0x40, 00, 0x20,
  00, 0x40, 00, 0x41, 00, 0x40, 00, 0x41, 0x08, 0x81, 00, 0x41,
  0x08, 0x61, 00, 0x41, 0x08, 0x81, 00, 0x41, 00, 0x40, 00, 0x41,
  0x08, 0x81, 00, 0x41, 0x08, 0x61, 00, 0x61, 0x08, 0x61, 00, 0x41,
  0x08, 0x80, 00, 0x60, 0x08, 0x81, 00, 0x41, 0x08, 0x61, 00, 0x61,
  0x08, 0x81, 00, 0x41, 0x08, 0x61, 00, 0x61, 0x08, 0x81, 00, 0x41,
  0x08, 0x61, 00, 0x61, 0x08, 0x81, 00, 0x41, 0x08, 0x61, 00, 0x61,
  0x08, 0x81, 00, 0x81, 0x08, 0x81, 00, 0x61, 0x08, 0x81, 00, 0x81,
  0x08, 0x81, 00, 0x61, 0x08, 0x81, 00, 0x81, 0x08, 0x81, 00, 0x41,
  00, 0x81, 00, 0x82, 00, 0x81, 00, 0x82, 0x08, 0xc1, 00, 0xa1,
  00, 0x81, 00, 0x82, 00, 0x81, 00, 0x81, 0x08, 0xc1, 00, 0xa1,
  0x08, 0xc1, 00, 0xa1, 00, 0x81, 00, 0x82, 0x08, 0xc1, 00, 0xa1,
  0x08, 0xc1, 00, 0xa1, 0x08, 0xc1, 00, 0xa1, 0x08, 0x81, 00, 0x82,
  0x09, 0x02, 00, 0xc2, 0x08, 0xc2, 00, 0x82, 0x08, 0xc2, 00, 0xc2,
  00, 0xc2, 0x01, 0x03, 0x09, 0x02, 00, 0xc2, 0x08, 0xe2, 00, 0xe2,
  0x08, 0xa2, 00, 0xa2, 00, 0xc1, 00, 0xc2, 0x08, 0xc1, 00, 0xa1,
  00, 0xc1, 00, 0xc2, 0x09, 0x02, 00, 0xc2, 0x09, 0x02, 00, 0xe2,
  00, 0xc2, 00, 0xc3, 0x09, 0x02, 00, 0xe2, 0x09, 0x02, 00, 0xc2,
  0x01, 0x02, 0x01, 0x02, 0x09, 0x02, 00, 0xc2, 0x01, 0x02, 0x01, 0x03,
  0x09, 0x23, 00, 0xe2, 00, 0xc1, 00, 0xc2, 0x09, 0x02, 00, 0xc2,
  0x08, 0xc1, 00, 0xa1, 0x08, 0xc1, 00, 0xc2, 0x08, 0xc1, 00, 0xa1,
  0x11, 0x02, 00, 0xe2, 0x08, 0xc1, 00, 0xa1, 0x08, 0xc1, 00, 0xa1,
  0x08, 0xc2, 00, 0x81, 00, 0x81, 00, 0x82, 00, 0x81, 00, 0x82,
  0x08, 0xc1, 00, 0xa1, 00, 0x81, 00, 0x82, 0x08, 0x81, 00, 0x81,
  0x08, 0x81, 00, 0x61, 0x08, 0x81, 00, 0x41, 0x08, 0x61, 00, 0x61,
  0x08, 0x81, 00, 0x41, 0x08, 0x61, 00, 0x61, 0x08, 0x61, 00, 0x41,
  0x08, 0x61, 00, 0x41, 0x08, 0x61, 00, 0x41, 0x08, 0x41, 00, 0x41,
  0x08, 0x61, 00, 0x41, 0x08, 0x61, 00, 0x61, 0x08, 0x61, 00, 0x41,
  0x10, 0x81, 0x08, 0x81, 0x08, 0x81, 00, 0x41, 00, 0x40, 00, 0x40,
  0x08, 0x61, 00, 0x41, 0x08, 0x40, 00, 0x20, 0x08, 0x40, 00, 0x40,
  0x08, 0x40, 00, 0x20, 0x08, 0x40, 00, 0x40, 0x08, 0x40, 00, 0x20,
  0x08, 0x40, 00, 00, 0x08, 0x40, 00, 0x41, 0x08, 0x40, 00, 00,
  0x08, 0x40, 00, 00, 0x08, 0x40, 00, 0x20, 0x08, 0x40, 00, 0x20,
  0x08, 0x40, 00, 0x20, 0x08, 0x40, 00, 00, 00, 0x40, 00, 0x40,
  0x08, 0x40, 00, 00, 0x08, 0x40, 00, 00, 0x08, 0x40, 00, 00,
  00, 0x01, 00, 0x21, 00, 00, 00, 00, 00, 00, 00, 00,
  00, 0x41, 0x08, 0x21, 00, 0x40, 0x08, 0x81, 00, 0x01, 00, 0x21,
  00, 0x01, 00, 0x21, 00, 00, 00, 0x20, 00, 0x41, 00, 0x41,
  00, 0x41, 0x08, 0x41, 0x10, 0x20, 0x73, 0x2b, 0x41, 0xe7, 0x08, 00,
  00, 0x41, 00, 0x41, 00, 0x41, 00, 0x41, 00, 0x41, 00, 0x41,
  00, 0x41, 00, 0x40, 00, 0x41, 00, 0x41, 00, 0x41, 00, 0x41,
  00, 0x41, 00, 0x41, 00, 0x41, 00, 0x41, 00, 0x41, 00, 0x41,
  00, 0x41, 00, 0x41, 00, 0x41, 00, 0x41, 00, 0x41, 00, 0x41,
  00, 0x41, 00, 0x41, 00, 0x41, 00, 0x61, 00, 0x41, 00, 0x61,
  00, 0x41, 00, 0x41, 00, 0x41, 00, 0x61, 00, 0x41, 00, 0x61,
  00, 0x41, 00, 0x61, 00, 0x41, 00, 0x41, 00, 0x41, 0x08, 0x61,
  00, 0x81, 00, 0x61, 00, 0x41, 00, 0x61, 00, 0x41, 00, 0x61,
  00, 0x82, 00, 0x81, 00, 0x41, 00, 0x61, 00, 0x42, 00, 0x62,
  00, 0x81, 00, 0x81, 00, 0x82, 0x08, 0xa2, 00, 0xc2, 00, 0x80,
  00, 0x82, 00, 0x81, 00, 0x82, 00, 0x81, 00, 0x82, 00, 0x82,
  00, 0x82, 00, 0x81, 00, 0x82, 00, 0x82, 00, 0x81, 00, 0xa2,
  00, 0x82, 00, 0x82, 00, 0x82, 00, 0x81, 00, 0x82, 00, 0x82,
  00, 0x82, 00, 0x82, 00, 0x82, 00, 0xa2, 00, 0x81, 0x08, 0xc2,
  00, 0xc2, 00, 0xa2, 00, 0x82, 00, 0xa2, 00, 0xc3, 00, 0xe3,
  00, 0xc3, 00, 0xc2, 0x01, 0x03, 0x01, 0x03, 0x01, 0x03, 00, 0xc2,
  00, 0x82, 00, 0xa2, 00, 0xc2, 00, 0xa2, 00, 0xc2, 00, 0xa2,
  00, 0xc3, 00, 0xe3, 0x01, 0x03, 0x01, 0x03, 00, 0xc2, 00, 0xa2,
  00, 0xc2, 00, 0xa2, 00, 0xc2, 00, 0xa2, 00, 0xc3, 00, 0xe3,
  00, 0xc3, 00, 0xe3, 0x01, 0x03, 0x01, 0x03, 0x01, 0x04, 0x01, 0x24,
  0x01, 0x44, 0x01, 0x03, 00, 0xc2, 00, 0xa2, 00, 0xc2, 00, 0xa2,
  00, 0xc3, 00, 0x81, 00, 0xc2, 00, 0xa2, 00, 0x82, 0x08, 0xa2,
  00, 0xc2, 00, 0xa2, 00, 0xc3, 00, 0x81, 00, 0x82, 00, 0xa2,
  00, 0x82, 0x08, 0x81, 00, 0x82, 00, 0x81, 00, 0x82, 00, 0x81,
  00, 0x82, 00, 0x81, 00, 0x82, 0x08, 0x81, 00, 0x82, 00, 0x81,
  00, 0x81, 00, 0x61, 00, 0x82, 00, 0x81, 00, 0x41, 00, 0x41,
  00, 0x41, 00, 0x61, 00, 0x41, 00, 0x41, 00, 0x41, 00, 0x61,
  00, 0x41, 00, 0x41, 00, 0x41, 00, 0x41, 00, 0x41, 00, 0x41,
  00, 0x41, 00, 0x61, 00, 0x41, 00, 0x61, 00, 0x81, 00, 0x40,
  0x5a, 0x48, 0x52, 0x06, 00, 0x40, 0x08, 0x61, 00, 0x41, 00, 0x41,
  00, 0x41, 00, 0x41, 00, 0x41, 00, 0x41, 00, 0x41, 0x08, 0x61,
  00, 0x41, 00, 0x41, 00, 0x41, 00, 0x41, 00, 0x41, 00, 0x41,
  00, 0x41, 00, 0x40, 00, 0x41, 00, 0x40, 00, 0x41, 00, 0x41,
  00, 0x01, 00, 0x21, 00, 0x41, 00, 0x41, 00, 00, 0x08, 0x21,
  00, 0x41, 00, 0x40, 00, 0x41, 00, 0x20, 00, 0x41, 00, 0x40,
  00, 0x40, 00, 0x20, 00, 0x01, 00, 0x21, 00, 00, 00, 00,
  0x08, 0x40, 00, 0x20, 0x08, 0x40, 00, 00, 0x08, 0x40, 00, 0x20,
  0x08, 0x20, 00, 00, 0x08, 0x40, 00, 0x20, 0x08, 0x40, 00, 00,
  0x08, 0x40, 00, 0x20, 0x08, 0x40, 00, 0x20, 0x08, 0x40, 00, 0x20,
  0x08, 0x40, 00, 00, 0x08, 0x20, 00, 00, 0x08, 0x40, 00, 0x40,
  0x08, 0x40, 00, 0x40, 00, 0x40, 00, 0x40, 00, 0x40, 00, 0x40,
  0x08, 0x40, 00, 00, 0x08, 0x40, 00, 0x20, 00, 0x40, 00, 0x40,
  00, 0x40, 00, 0x40, 0x08, 0x61, 00, 0x41, 0x08, 0x81, 00, 0x41,
  00, 0x40, 00, 0x41, 00, 0x40, 00, 0x40, 00, 0x40, 00, 0x41,
  0x08, 0x61, 00, 0x61, 0x08, 0x81, 00, 0x41, 0x08, 0x61, 00, 0x61,
  0x08, 0x81, 00, 0x61, 0x08, 0x81, 00, 0x61, 0x08, 0x81, 00, 0x61,
  0x08, 0x61, 00, 0x61, 0x08, 0x81, 00, 0x41, 0x08, 0x61, 00, 0x61,
  0x10, 0xa2, 00, 0x41, 0x08, 0x81, 00, 0x41, 0x08, 0x81, 00, 0x61,
  0x08, 0x81, 00, 0x61, 0x08, 0x81, 00, 0x41, 0x08, 0x81, 00, 0x41,
  0x08, 0x81, 00, 0x41, 0x08, 0x81, 00, 0x41, 00, 0x81, 00, 0x82,
  0x08, 0x81, 00, 0x61, 0x08, 0x81, 00, 0x81, 0x08, 0xc1, 00, 0xa1,
  0x08, 0xc1, 00, 0xa1, 00, 0x81, 00, 0x82, 0x08, 0xc1, 00, 0xa1,
  0x08, 0xc1, 00, 0xa1, 0x08, 0xc1, 00, 0xa1, 0x08, 0xc1, 00, 0xa1,
  0x08, 0xc1, 00, 0xa1, 0x08, 0xc1, 00, 0xa1, 0x08, 0xa2, 00, 0xa2,
  0x08, 0xc1, 00, 0xa1, 0x08, 0xc2, 00, 0xa2, 00, 0xc2, 00, 0xc3,
  0x09, 0x02, 00, 0xc2, 0x01, 0x02, 0x01, 0x02, 0x09, 0x23, 00, 0xe2,
  00, 0xc1, 00, 0xc2, 0x09, 0x02, 00, 0xc2, 00, 0xc1, 00, 0xc2,
  0x09, 0x02, 00, 0xe2, 0x08, 0xa2, 00, 0xa2, 00, 0xc2, 00, 0xc3,
  0x08, 0xa2, 00, 0x82, 0x08, 0xa2, 00, 0xa2, 00, 0xc1, 00, 0xc2,
  0x09, 0x03, 00, 0xe3, 0x01, 0x02, 0x01, 0x03, 0x09, 0x44, 0x01, 0x23,
  0x09, 0x02, 0x01, 0x02, 0x09, 0x23, 00, 0xe2, 00, 0xc1, 00, 0xc2,
  0x08, 0xc1, 00, 0xc2, 00, 0xc1, 00, 0xc2, 0x09, 0x02, 00, 0xc2,
  0x08, 0xc1, 00, 0xa1, 0x08, 0xc1, 00, 0xa1, 0x08, 0xc1, 00, 0xa1,
  0x08, 0xc1, 00, 0xa1, 00, 0x81, 00, 0x82, 0x08, 0x81, 00, 0x81,
  00, 0x81, 00, 0x82, 0x10, 0xa1, 0x19, 0x23, 0x08, 0x61, 00, 0x61,
  00, 0x81, 00, 0x82, 0x08, 0x81, 00, 0x61, 0x08, 0x81, 00, 0x41,
  0x08, 0x61, 00, 0x61, 0x08, 0x61, 00, 0x61, 0x08, 0x81, 00, 0x41,
  0x08, 0x61, 00, 0x41, 0x08, 0x61, 00, 0x41, 0x08, 0x61, 00, 0x41,
  0x08, 0x61, 00, 0x61, 0x08, 0x81, 00, 0x41, 0x08, 0x80, 00, 0x60,
  0x18, 0xa1, 0x10, 0x81, 0x08, 0x61, 00, 0x41, 0x08, 0x81, 00, 0x41,
  0x08, 0x40, 00, 0x40, 0x08, 0x40, 00, 0x40, 0x08, 0x40, 00, 0x41,
  0x08, 0x61, 00, 0x41, 0x08, 0x40, 00, 0x20, 0x08, 0x40, 00, 0x20,
  0x08, 0x40, 00, 0x20, 0x08, 0x40, 00, 0x20, 0x08, 0x40, 00, 00,
  0x08, 0x40, 00, 00, 0x08, 0x40, 00, 00, 0x08, 0x40, 00, 0x20,
  0x08, 0x40, 00, 0x20, 0x10, 0x81, 00, 0x20, 0x08, 0x40, 00, 0x41,
  0x08, 0x40, 00, 00, 0x08, 0x40, 00, 00, 0x08, 0x40, 00, 0x20,
  00, 00, 00, 00, 00, 0x01, 00, 0x21, 00, 00, 00, 00,
  00, 0x01, 00, 0x21, 00, 0x01, 00, 0x21, 00, 00, 0x08, 0x21,
  00, 0x41, 00, 0x40, 00, 0x41, 00, 0x40, 00, 0x41, 00, 0x41,
  00, 0x41, 00, 0x41, 00, 0x41, 0x08, 0x41, 00, 0x41, 00, 0x21,
  00, 0x41, 00, 0x41, 00, 0x41, 00, 0x41, 00, 0x41, 00, 0x41,
  00, 0x41, 00, 0x41, 00, 0x41, 00, 0x41, 00, 0x41, 00, 0x41,
  00, 0x41, 00, 0x41, 00, 0x41, 00, 0x41, 00, 0x41, 00, 0x41,
  00, 0x41, 00, 0x41, 00, 0x41, 00, 0x41, 00, 0x41, 00, 0x41,
  00, 0x41, 0x08, 0x81, 00, 0x41, 00, 0x21, 00, 0x41, 0x08, 0x61,
  00, 0x41, 00, 0x41, 00, 0x81, 00, 0x61, 00, 0x41, 00, 0x61,
  00, 0x41, 00, 0x41, 00, 0x41, 00, 0x61, 00, 0x41, 00, 0x61,
  00, 0x42, 00, 0x62, 00, 0x81, 00, 0x61, 00, 0x41, 00, 0x61,
  00, 0x41, 00, 0x61, 00, 0x81, 00, 0x81, 00, 0x82, 00, 0x61,
  00, 0x81, 00, 0x61, 00, 0x42, 00, 0x62, 00, 0x81, 00, 0x61,
  00, 0x82, 00, 0x81, 00, 0x82, 00, 0x81, 00, 0x82, 0x08, 0x82,
  00, 0x82, 00, 0x82, 00, 0x82, 00, 0x81, 00, 0x82, 0x08, 0xa2,
  00, 0x82, 00, 0x82, 00, 0x82, 00, 0xa2, 00, 0x82, 00, 0x82,
  00, 0x82, 00, 0x81, 00, 0x81, 00, 0xa2, 00, 0x82, 00, 0xa2,
  00, 0x82, 00, 0x81, 00, 0x82, 00, 0xa2, 00, 0xc2, 00, 0xa2,
  00, 0xe2, 00, 0xe2, 0x09, 0x04, 0x08, 0xe3, 0x01, 0x03, 00, 0xc2,
  00, 0xc2, 0x08, 0xe3, 0x01, 0x04, 00, 0xc3, 00, 0xc3, 00, 0xe3,
  00, 0xc2, 00, 0xa2, 00, 0x82, 00, 0xa2, 00, 0xc3, 00, 0xc2,
  00, 0x82, 00, 0xa2, 00, 0xc2, 00, 0xa2, 00, 0x82, 00, 0xa2,
  00, 0xc3, 00, 0xc2, 0x01, 0x03, 0x01, 0x03, 0x09, 0x44, 0x08, 0xe2,
  00, 0xc2, 00, 0xa2, 0x01, 0x03, 0x01, 0x03, 00, 0xc2, 00, 0xa2,
  00, 0xc2, 00, 0xa2, 00, 0xc2, 00, 0xa2, 00, 0xc2, 00, 0xa2,
  00, 0x82, 00, 0xa2, 00, 0xc3, 00, 0x81, 00, 0x82, 00, 0x82,
  00, 0x82, 0x08, 0x81, 00, 0x82, 00, 0x81, 00, 0x81, 00, 0x61,
  00, 0x81, 00, 0x61, 00, 0x81, 00, 0x61, 00, 0x41, 00, 0x61,
  00, 0x41, 00, 0x61, 00, 0x81, 00, 0x61, 00, 0x41, 00, 0x61,
  00, 0x41, 00, 0x41, 00, 0x41, 00, 0x61, 00, 0x41, 00, 0x41,
  00, 0x41, 00, 0x41, 00, 0x41, 00, 0x41, 00, 0x41, 00, 0x21,
  00, 0x41, 00, 0x41, 00, 0x41, 00, 0x41, 00, 0x41, 00, 0x41,
  00, 0x41, 00, 0x41, 00, 0x41, 00, 0x41, 00, 0x41, 00, 0x41,
  00, 0x41, 00, 0x41, 00, 0x41, 00, 0x41, 00, 0x41, 00, 0x41,
  00, 0x41, 00, 0x41, 00, 0x40, 0x10, 0x81, 00, 0x01, 00, 0x21,
  00, 0x01, 00, 0x21, 00, 0x41, 00, 0x40, 00, 0x41, 00, 0x40,
  00, 0x41, 00, 0x40, 00, 0x41, 00, 0x40, 00, 0x41, 00, 0x40,
  00, 00, 00, 00, 00, 00, 0x08, 0x21, 00, 00, 0x31, 0x44,
  0x10, 0x81, 0x08, 0x20, 00, 00, 00, 0x20, 00, 00, 00, 00,
  0x08, 0x40, 00, 00, 0x08, 0x40, 00, 0x20, 0x08, 0x40, 00, 0x20,
  0x08, 0x40, 00, 0x20, 0x08, 0x40, 00, 00, 0x08, 0x40, 00, 0x20,
  0x08, 0x40, 00, 00, 0x08, 0x40, 00, 00, 0x08, 0x40, 00, 00,
  0x08, 0x40, 00, 0x20, 0x08, 0x40, 00, 0x40, 0x08, 0x40, 00, 0x40,
  0x08, 0x41, 00, 0x41, 0x08, 0x40, 00, 0x20, 00, 0x40, 00, 0x40,
  0x08, 0x40, 00, 00, 0x08, 0x40, 00, 00, 0x08, 0x40, 00, 0x20,
  0x08, 0x41, 00, 0x41, 00, 0x40, 00, 0x40, 0x08, 0x61, 00, 0x41,
  00, 0x40, 00, 0x40, 0x08, 0x41, 00, 0x41, 0x08, 0x40, 00, 0x20,
  0x08, 0x61, 00, 0x41, 0x08, 0x40, 00, 0x20, 0x08, 0x61, 00, 0x61,
  0x08, 0x61, 00, 0x61, 0x08, 0x81, 00, 0x41, 0x08, 0x61, 00, 0x61,
  0x08, 0x81, 00, 0x41, 0x08, 0x61, 00, 0x61, 0x08, 0x81, 00, 0x81,
  0x08, 0x81, 00, 0x61, 0x08, 0x81, 00, 0x41, 0x08, 0x81, 00, 0x61,
  0x10, 0xa2, 00, 0x41, 0x08, 0x81, 00, 0x41, 0x08, 0x81, 00, 0x61,
  0x08, 0x61, 00, 0x61, 0x08, 0x81, 00, 0x41, 00, 0x81, 00, 0x82,
  0x08, 0xc1, 00, 0xa1, 00, 0x81, 00, 0x82, 0x08, 0xc1, 00, 0xa1,
  0x08, 0x81, 00, 0x81, 0x08, 0xc1, 00, 0xa1, 00, 0x81, 00, 0x82,
  0x08, 0xc2, 00, 0xa2, 0x08, 0xa2, 00, 0xa2, 0x08, 0xc1, 00, 0xa1,
  00, 0x81, 00, 0x82, 0x08, 0xc1, 00, 0xa1, 0x08, 0xc1, 00, 0xa1,
  0x08, 0xc1, 00, 0xa1, 0x08, 0xc1, 00, 0xa1, 0x08, 0xc1, 00, 0xc2,
  0x09, 0x42, 0x01, 0x02, 0x10, 0xe2, 00, 0xc2, 0x01, 0x02, 0x01, 0x03,
  0x09, 0x23, 00, 0xe2, 0x08, 0xa2, 00, 0xa2, 0x09, 0x03, 0x01, 0x03,
  0x08, 0xa2, 00, 0x82, 00, 0xc1, 00, 0xc2, 0x09, 0x02, 00, 0xe2,
  0x09, 0x02, 00, 0xc2, 0x08, 0xc1, 00, 0xa1, 0x08, 0xc1, 00, 0xc2,
  0x09, 0x02, 00, 0xe2, 0x09, 0x03, 0x01, 0x03, 0x09, 0x02, 00, 0xc2,
  0x09, 0x02, 00, 0xc2, 0x09, 0x02, 00, 0xe2, 00, 0xc1, 00, 0xc2,
  0x09, 0x02, 00, 0xc2, 0x08, 0xc2, 00, 0xc2, 0x08, 0xc1, 00, 0xa1,
  00, 0xc1, 00, 0xc2, 0x08, 0xc1, 00, 0xa1, 0x08, 0xc1, 00, 0xa1,
  0x08, 0x81, 00, 0x81, 0x08, 0x81, 00, 0x81, 0x08, 0x81, 00, 0x61,
  0x08, 0x81, 00, 0x41, 0x08, 0x81, 00, 0x61, 0x08, 0x81, 00, 0x41,
  0x08, 0x81, 00, 0x61, 0x08, 0x81, 00, 0x41, 0x08, 0x61, 00, 0x61,
  0x08, 0x81, 00, 0x41, 0x08, 0x61, 00, 0x41, 0x08, 0x61, 00, 0x41,
  0x08, 0x61, 00, 0x41, 0x08, 0x41, 00, 0x41, 00, 0x40, 00, 0x41,
  0x08, 0x81, 00, 0x41, 0x08, 0x61, 00, 0x61, 0x08, 0x81, 00, 0x41,
  0x08, 0x61, 00, 0x41, 0x08, 0x61, 00, 0x61, 00, 0x40, 00, 0x40,
  0x08, 0x40, 00, 0x40, 0x08, 0x40, 00, 0x20, 0x08, 0x40, 00, 0x40,
  0x08, 0x40, 00, 0x20, 0x08, 0x40, 0x08, 0x82, 0x08, 0x40, 00, 0x20,
  0x08, 0x40, 00, 00, 0x08, 0x40, 00, 0x20, 0x08, 0x40, 00, 00,
  0x08, 0x40, 00, 0x20, 0x08, 0x40, 00, 00, 0x08, 0x40, 00, 0x20,
  0x08, 0x40, 00, 00, 0x08, 0x40, 00, 00, 0x08, 0x20, 00, 0x20,
  0x08, 0x40, 00, 00, 0x08, 0x40, 00, 0x20, 0x08, 0x40, 00, 0x20,
  00, 0x01, 00, 0x21, 00, 00, 00, 00, 00, 0x41, 00, 00,
  00, 00, 00, 00, 00, 0x01, 00, 0x21, 00, 0x01, 00, 0x21,
  00, 0x01, 00, 0x21, 00, 0x41, 00, 0x40, 00, 0x41, 00, 0x41,
  00, 0x41, 00, 0x41, 00, 0x41, 00, 0x41, 00, 0x41, 00, 0x40,
  00, 0x41, 00, 0x41, 00, 00, 0x08, 0x21, 00, 0x41, 00, 0x41,
  00, 0x41, 00, 0x21, 00, 0x41, 00, 0x41, 00, 0x41, 00, 0x40,
  00, 0x41, 00, 0x41, 00, 0x41, 00, 0x41, 00, 0x41, 00, 0x41,
  00, 0x41, 00, 0x41, 00, 0x41, 00, 0x41, 00, 0x41, 00, 0x41,
  00, 0x41, 00, 0x41, 00, 0x41, 00, 0x40, 00, 0x41, 00, 0x41,
  00, 0x41, 0x08, 0x61, 00, 0x81, 00, 0x61, 00, 0x41, 00, 0x41,
  00, 0x41, 00, 0x61, 00, 0x41, 00, 0x61, 00, 0x82, 0x08, 0x81,
  00, 0x81, 00, 0x61, 00, 0x81, 00, 0x61, 00, 0x41, 00, 0x61,
  00, 0x82, 00, 0x61, 00, 0x41, 00, 0x61, 00, 0x81, 00, 0x61,
  00, 0x41, 00, 0x61, 00, 0x82, 00, 0x81, 00, 0x81, 00, 0x61,
  00, 0x82, 00, 0x82, 00, 0x81, 00, 0x61, 00, 0x82, 0x08, 0xa2,
  00, 0x82, 00, 0x82, 00, 0x82, 00, 0x82, 00, 0x82, 00, 0x81,
  00, 0x82, 0x08, 0xa2, 00, 0xa2, 00, 0xa2, 00, 0x82, 00, 0xa2,
  00, 0x82, 00, 0x81, 00, 0x82, 00, 0xa2, 00, 0x82, 00, 0xa2,
  00, 0x82, 00, 0xa2, 00, 0x82, 0x08, 0xa2, 00, 0x82, 00, 0xa2,
  00, 0xc2, 00, 0xa2, 0x01, 0x03, 0x01, 0x03, 00, 0xc3, 00, 0xe3,
  0x01, 0x03, 0x01, 0x03, 00, 0xc2, 00, 0xa2, 00, 0xc3, 00, 0xe3,
  00, 0xc2, 00, 0xa2, 00, 0xc2, 00, 0xa2, 00, 0xc2, 00, 0xa2,
  00, 0xc2, 00, 0xa2, 00, 0x82, 00, 0xa2, 00, 0xc2, 00, 0xa2,
  00, 0xc2, 00, 0xa2, 00, 0xc3, 00, 0xe3, 0x01, 0x03, 0x01, 0x02,
  00, 0xc3, 00, 0xe3, 00, 0xe2, 00, 0xe2, 00, 0xc3, 00, 0xc2,
  00, 0xc3, 00, 0xe3, 00, 0xc2, 0x08, 0xe3, 00, 0xc3, 00, 0x81,
  00, 0xc2, 00, 0xa2, 00, 0xc3, 00, 0x81, 00, 0x82, 00, 0x81,
  00, 0x82, 0x08, 0xa2, 00, 0x82, 00, 0x81, 00, 0x81, 00, 0x61,
  00, 0x81, 00, 0x61, 00, 0x82, 00, 0x81, 00, 0x81, 00, 0x61,
  00, 0x41, 00, 0x61, 00, 0x82, 00, 0x61, 00, 0x41, 00, 0x61,
  00, 0x81, 00, 0x61, 00, 0x41, 00, 0x61, 00, 0x41, 00, 0x61,
  00, 0x41, 00, 0x41, 00, 0x41, 00, 0x41, 00, 0x41, 00, 0x41,
  00, 0x41, 00, 0x21, 00, 0x41, 00, 0x41, 00, 0x41, 00, 0x41,
  00, 0x41, 00, 0x41, 00, 0x41, 00, 0x41, 00, 0x41, 00, 0x41,
  00, 0x41, 00, 0x41, 00, 0x41, 00, 0x41, 00, 0x41, 00, 0x41,
  00, 0x41, 00, 0x41, 00, 0x41, 00, 0x21, 00, 0x41, 00, 0x40,
  00, 0x41, 00, 0x40, 00, 0x01, 00, 0x21, 00, 0x41, 00, 0x41,
  00, 0x01, 00, 0x21, 00, 0x41, 00, 0x41, 00, 0x41, 0x08, 0x41,
  00, 0x01, 00, 0x21, 00, 00, 00, 0x20, 00, 00, 0x08, 0x21,
  00, 00, 00, 0x20, 00, 0x01, 00, 0x21, 00, 00, 00, 00,
  0x08, 0x40, 00, 0x20, 0x08, 0x40, 00, 0x41, 0x10, 0x81, 00, 0x20,
  0x08, 0x40, 00, 00, 0x08, 0x40, 00, 0x20, 0x08, 0x40, 00, 00,
  0x08, 0x40, 00, 00, 0x08, 0x40, 00, 0x20, 0x08, 0x40, 00, 0x20,
  0x08, 0x40, 00, 00, 0x08, 0x40, 00, 0x20, 0x08, 0x40, 00, 0x40,
  0x08, 0x40, 00, 00, 00, 0x40, 00, 0x40, 0x08, 0x40, 00, 0x40,
  0x08, 0x40, 00, 0x20, 00, 0x40, 00, 0x40, 0x08, 0x40, 00, 0x40,
  00, 0x40, 00, 0x40, 0x08, 0x61, 00, 0x41, 0x08, 0x61, 00, 0x61,
  0x08, 0x61, 00, 0x61, 0x08, 0x40, 00, 0x40, 0x08, 0x41, 00, 0x41,
  0x08, 0x40, 00, 0x20, 0x08, 0x40, 00, 0x40, 0x08, 0x61, 00, 0x61,
  0x08, 0x61, 00, 0x61, 0x08, 0x81, 00, 0x41, 0x08, 0x81, 00, 0x61,
  0x08, 0x81, 00, 0x61, 0x08, 0x81, 00, 0x41, 0x08, 0x81, 00, 0x61,
  0x08, 0x81, 00, 0x41, 0x08, 0x81, 00, 0x61, 0x08, 0x81, 00, 0x61,
  0x08, 0x61, 00, 0x61, 0x08, 0x61, 00, 0x41, 0x08, 0x61, 00, 0x61,
  0x08, 0x81, 00, 0x61, 00, 0x81, 00, 0x82, 0x08, 0x60, 0x19, 0x03,
  0x19, 0x03, 00, 0x81, 0x08, 0xc1, 00, 0xa1, 00, 0x81, 00, 0x82,
  0x08, 0xc1, 00, 0xa1, 0x08, 0xc1, 00, 0xa1, 0x08, 0x82, 00, 0x82,
  0x08, 0xc1, 00, 0xa1, 0x08, 0xc2, 00, 0x81, 0x08, 0xc1, 00, 0xa1,
  0x08, 0xc1, 00, 0xa1, 0x08, 0xc1, 00, 0xa1, 0x08, 0xc1, 00, 0xa1,
  0x08, 0xc1, 00, 0xa1, 0x08, 0xc1, 00, 0xa1, 00, 0xc1, 00, 0xc2,
  0x09, 0x02, 00, 0xe2, 0x01, 0x02, 0x01, 0x03, 0x09, 0x02, 00, 0xc2,
  0x09, 0x02, 00, 0xc2, 0x09, 0x02, 00, 0xe2, 0x09, 0x02, 00, 0xc2,
  0x09, 0x02, 00, 0xc2, 0x08, 0xc1, 00, 0xa1, 00, 0xc1, 00, 0xc2,
  0x09, 0x02, 00, 0xe2, 0x08, 0xc1, 00, 0xa1, 00, 0xc1, 00, 0xc2,
  0x09, 0x02, 00, 0xc2, 0x09, 0x02, 00, 0xe2, 0x09, 0x02, 00, 0xe2,
  00, 0xc1, 00, 0xc2, 0x08, 0xc1, 00, 0xc2, 0x09, 0x02, 00, 0xe2,
  00, 0xc1, 00, 0xc2, 0x09, 0x43, 0x01, 0x23, 0x08, 0xe3, 00, 0xa2,
  0x08, 0xe2, 00, 0xc2, 0x08, 0xc1, 00, 0xa1, 00, 0x81, 00, 0x82,
  0x08, 0xc1, 00, 0xa1, 0x08, 0x81, 00, 0x81, 0x08, 0xa2, 00, 0x61,
  0x08, 0x81, 00, 0x61, 0x08, 0x81, 00, 0x81, 0x08, 0x81, 00, 0x41,
  0x08, 0x61, 00, 0x61, 0x08, 0x81, 00, 0x41, 0x08, 0x81, 00, 0x81,
  0x08, 0x81, 00, 0x61, 0x08, 0x81, 00, 0x41, 0x08, 0x81, 00, 0x41,
  0x08, 0x61, 00, 0x61, 0x08, 0x80, 00, 0x40, 0x08, 0x61, 00, 0x61,
  00, 0x40, 00, 0x40, 0x08, 0x40, 00, 0x40, 0x08, 0x40, 00, 0x20,
  00, 0x40, 00, 0x40, 0x08, 0x40, 00, 0x20, 00, 0x40, 00, 0x40,
  0x08, 0x40, 00, 0x40, 00, 0x40, 00, 0x41, 0x08, 0x40, 00, 0x20,
  0x08, 0x40, 00, 0x20, 0x08, 0x40, 00, 00, 0x08, 0x40, 00, 00,
  0x08, 0x40, 00, 0x20, 0x08, 0x40, 00, 00, 0x08, 0x40, 00, 0x20,
  0x08, 0x40, 00, 00, 0x08, 0x40, 00, 00, 0x08, 0x40, 00, 00,
  0x08, 0x40, 00, 0x20, 0x08, 0x40, 00, 00, 0x08, 0x40, 00, 0x20,
  0x08, 0x40, 00, 00, 0x08, 0x40, 00, 00, 0x08, 0x40, 00, 0x20,
  00, 00, 00, 00, 00, 00, 00, 00, 00, 00, 00, 00,
  00, 0x01, 00, 0x21, 00, 00, 00, 00, 00, 0x01, 00, 0x21,
  00, 00, 00, 00, 00, 0x01, 00, 0x21, 00, 0x41, 00, 0x40,
  00, 0x41, 00, 0x41, 00, 0x41, 00, 0x40, 00, 0x41, 00, 0x41,
  00, 0x01, 00, 0x21, 00, 0x41, 00, 0x40, 00, 0x41, 00, 0x41,
  00, 0x41, 00, 0x41, 00, 0x41, 00, 0x40, 00, 0x41, 00, 0x41,
  00, 0x41, 00, 0x41, 00, 0x41, 00, 0x41, 00, 0x41, 00, 0x21,
  00, 0x41, 00, 0x41, 00, 0x41, 00, 0x41, 00, 0x41, 00, 0x41,
  00, 0x20, 0x18, 0xc2, 0x08, 0x83, 00, 0x21, 00, 0x41, 00, 0x41,
  00, 0x41, 00, 0x41, 00, 0x41, 00, 0x41, 00, 0x42, 00, 0x62,
  00, 0x81, 00, 0x81, 00, 0x81, 00, 0x61, 00, 0x82, 00, 0x81,
  00, 0x82, 00, 0x61, 00, 0x81, 00, 0x61, 00, 0x82, 0x08, 0x81,
  00, 0x82, 00, 0x40, 00, 0x41, 00, 0x61, 00, 0x41, 00, 0x61,
  00, 0x41, 00, 0x61, 00, 0x82, 00, 0x81, 00, 0x40, 0x6b, 0x2a,
  0x39, 0xe6, 0x08, 0x40, 00, 0x82, 00, 0x61, 00, 0x82, 00, 0x81,
  00, 0x82, 00, 0x82, 00, 0x82, 00, 0x82, 00, 0x81, 0x08, 0xc2,
  00, 0x82, 00, 0xa2, 0x08, 0xc2, 0x08, 0xc2, 00, 0x82, 00, 0x82,
  00, 0x82, 00, 0x82, 00, 0x82, 00, 0xa2, 00, 0xc2, 00, 0xa2,
  00, 0x82, 00, 0xa2, 00, 0xc2, 00, 0xa2, 00, 0xc2, 0x08, 0xe3,
  00, 0xc3, 00, 0xe3, 00, 0xc3, 00, 0xe3, 00, 0xc3, 00, 0xc3,
  0x01, 0x03, 00, 0xc2, 00, 0xc2, 0x08, 0xe3, 00, 0xc3, 00, 0xe3,
  00, 0xc2, 00, 0xa2, 00, 0x82, 00, 0xa2, 00, 0xc2, 00, 0xa2,
  00, 0xc2, 00, 0xa2, 00, 0xc2, 00, 0xa2, 00, 0xc3, 00, 0xe3,
  0x01, 0x04, 00, 0xc3, 00, 0xc2, 00, 0xa2, 00, 0xc3, 00, 0xe3,
  00, 0xc2, 00, 0xa2, 00, 0xc2, 00, 0xa2, 00, 0xc2, 00, 0xa2,
  00, 0xc2, 00, 0xa2, 0x01, 0x03, 0x01, 0x03, 0x01, 0x03, 0x01, 0x03,
  00, 0xc2, 00, 0xa2, 00, 0xc3, 00, 0x81, 00, 0x82, 00, 0x81,
  00, 0x82, 00, 0x81, 00, 0x82, 00, 0x81, 00, 0x82, 00, 0x81,
  00, 0x81, 00, 0x61, 00, 0x82, 00, 0x81, 00, 0x81, 00, 0x61,
  00, 0x41, 00, 0x61, 00, 0x81, 00, 0x61, 00, 0x41, 0x08, 0x62,
  00, 0x82, 00, 0x61, 00, 0x41, 00, 0x61, 00, 0x41, 00, 0x41,
  00, 0x41, 00, 0x41, 00, 0x41, 00, 0x41, 00, 0x41, 00, 0x41,
  00, 0x41, 00, 0x41, 00, 0x41, 00, 0x41, 00, 0x41, 00, 0x41,
  00, 0x41, 00, 0x41, 00, 0x41, 00, 0x41, 00, 0x41, 00, 0x41,
  00, 0x41, 00, 0x41, 00, 0x41, 00, 0x41, 00, 0x41, 00, 0x41,
  00, 0x41, 00, 0x41, 00, 0x41, 00, 0x41, 00, 0x41, 00, 0x41,
  00, 0x01, 00, 0x21, 00, 0x41, 00, 0x40, 00, 00, 00, 0x20,
  00, 0x41, 00, 0x40, 00, 00, 0x08, 0x21, 00, 0x41, 00, 0x40,
  00, 00, 0x08, 0x21, 00, 0x01, 00, 0x21, 00, 0x01, 00, 0x21,
  00, 0x41, 00, 0x41, 00, 00, 0x08, 0x21, 00, 00, 00, 00,
  0x08, 0x40, 00, 00, 0x08, 0x40, 00, 00, 0x08, 0x40, 00, 00,
  0x08, 0x40, 00, 00, 0x08, 0x40, 00, 0x20, 0x08, 0x40, 00, 00,
  0x08, 0x41, 00, 0x41, 0x08, 0x40, 00, 00, 0x08, 0x40, 00, 00,
  0x08, 0x40, 00, 0x40, 0x08, 0x40, 00, 00, 0x08, 0x40, 00, 00,
  0x08, 0x40, 00, 00, 0x08, 0x40, 00, 0x20, 0x08, 0x40, 00, 0x41,
  0x08, 0x40, 00, 00, 0x08, 0x40, 00, 0x40, 00, 0x40, 00, 0x40,
  00, 0x40, 00, 0x40, 00, 0x40, 00, 0x40, 0x08, 0x81, 00, 0x41,
  0x08, 0x81, 00, 0x61, 0x08, 0x81, 00, 0x61, 00, 0x40, 00, 0x40,
  0x08, 0x81, 00, 0x61, 0x08, 0x81, 00, 0x41, 0x08, 0x61, 00, 0x61,
  00, 0x40, 00, 0x40, 0x08, 0x81, 00, 0x41, 00, 0x81, 00, 0x82,
  0x08, 0x81, 00, 0x81, 0x08, 0x81, 00, 0x61, 0x08, 0x81, 00, 0x81,
  0x08, 0x81, 00, 0x61, 0x08, 0x81, 00, 0x41, 0x08, 0x61, 00, 0x41,
  0x08, 0x81, 00, 0x41, 0x08, 0x61, 00, 0x61, 0x08, 0x81, 00, 0x41,
  0x08, 0x61, 00, 0x61, 0x08, 0x81, 00, 0x81, 0x08, 0x61, 0x08, 0x82,
  0x10, 0xa2, 00, 0x41, 0x08, 0x81, 00, 0x61, 0x08, 0x81, 00, 0x81,
  0x08, 0xc1, 00, 0xa1, 0x08, 0xc1, 00, 0xa1, 0x08, 0x81, 00, 0x81,
  0x08, 0xc1, 00, 0xa1, 0x08, 0xc2, 00, 0x81, 0x08, 0xc1, 00, 0xa1,
  0x08, 0xc1, 00, 0xa1, 0x08, 0xa2, 00, 0xa2, 00, 0xc1, 00, 0xc2,
  0x09, 0x02, 00, 0xc2, 0x08, 0xc1, 00, 0xa1, 0x09, 0x02, 00, 0xc2,
  00, 0xc2, 00, 0xc3, 0x09, 0x02, 00, 0xc2, 0x09, 0x02, 00, 0xe2,
  00, 0xc2, 00, 0xc3, 0x01, 0x02, 0x01, 0x03, 0x09, 0x02, 00, 0xc2,
  0x08, 0xc1, 00, 0xa1, 00, 0xc1, 00, 0xc2, 0x08, 0xa2, 00, 0xa2,
  0x08, 0xa2, 00, 0xa2, 0x08, 0xc1, 00, 0xa1, 0x09, 0x02, 00, 0xc2,
  00, 0xc2, 00, 0xc3, 0x09, 0x02, 00, 0xc2, 0x09, 0x02, 00, 0xc2,
  0x09, 0x02, 00, 0xc2, 0x09, 0x02, 00, 0xe2, 0x09, 0x02, 00, 0xc2,
  00, 0xc1, 00, 0xc2, 0x09, 0x03, 0x01, 0x03, 0x09, 0x02, 00, 0xe2,
  0x08, 0xc2, 00, 0x82, 0x08, 0xc1, 00, 0xa1, 0x08, 0xc1, 00, 0xa1,
  00, 0x81, 00, 0x82, 0x10, 0xa2, 00, 0xa2, 0x08, 0x81, 00, 0x61,
  0x08, 0x81, 00, 0x81, 0x08, 0x81, 00, 0x41, 0x08, 0x81, 00, 0x41,
  0x08, 0x61, 00, 0x61, 0x08, 0x81, 00, 0x41, 0x08, 0x81, 00, 0xa2,
  0x18, 0xe3, 00, 0x41, 0x08, 0x81, 00, 0x41, 0x08, 0x61, 00, 0x41,
  00, 0x40, 00, 0x41, 0x08, 0x61, 00, 0x41, 0x08, 0x40, 00, 0x20,
  0x08, 0x61, 00, 0x41, 0x08, 0x40, 00, 0x20, 0x08, 0x40, 00, 00,
  00, 0x40, 00, 0x40, 0x08, 0x41, 00, 0x41, 0x08, 0x40, 00, 00,
  0x08, 0x40, 00, 0x40, 0x08, 0x40, 00, 0x40, 0x08, 0x61, 00, 0x41,
  00, 0x40, 00, 0x40, 0x08, 0x40, 00, 0x40, 0x08, 0x40, 00, 00,
  0x08, 0x40, 00, 00, 0x08, 0x40, 00, 00, 0x08, 0x40, 00, 00,
  0x08, 0x40, 00, 0x20, 0x10, 0x61, 0x21, 0x24, 0x08, 0x40, 00, 00,
  0x08, 0x40, 00, 00, 0x08, 0x40, 00, 0x20, 0x08, 0x40, 00, 00,
  0x08, 0x40, 00, 0x20, 0x08, 0x40, 00, 00, 0x08, 0x40, 00, 0x20,
  00, 00, 0x08, 0x21, 00, 00, 00, 00, 00, 00, 00, 0x20,
  00, 00, 0x08, 0x21, 00, 0x01, 00, 0x21, 00, 00, 00, 0x20,
  00, 0x41, 00, 0x40, 00, 00, 00, 00, 00, 0x01, 00, 0x21,
  00, 0x41, 0x08, 0x40, 00, 0x41, 00, 0x41, 00, 0x01, 00, 0x21,
  00, 0x41, 00, 0x41, 00, 0x41, 00, 0x40, 00, 0x41, 00, 0x40,
  00, 0x41, 00, 0x40, 00, 0x41, 00, 0x41, 00, 0x41, 00, 0x40,
  00, 0x41, 00, 0x41, 00, 0x41, 00, 0x41, 00, 0x81, 00, 0x61,
  00, 0x41, 00, 0x41, 00, 0x41, 00, 0x61, 00, 0x41, 00, 0x41,
  00, 0x81, 00, 0x81, 00, 0x41, 00, 0x41, 00, 0x41, 00, 0x21,
  00, 0x41, 00, 0x41, 00, 0x81, 0x08, 0x61, 00, 0x81, 00, 0x61,
  00, 0x82, 00, 0x81, 00, 0x41, 00, 0x41, 00, 0x82, 00, 0x81,
  00, 0x81, 00, 0x61, 00, 0x81, 00, 0x61, 00, 0x41, 00, 0x41,
  00, 0x41, 00, 0x61, 00, 0x41, 00, 0x41, 00, 0x42, 00, 0x62,
  00, 0x81, 00, 0x61, 00, 0x82, 00, 0x81, 00, 0x81, 00, 0x81,
  00, 0x82, 00, 0x81, 00, 0x81, 00, 0x61, 00, 0x82, 00, 0xa2,
  00, 0x82, 00, 0x61, 00, 0x81, 00, 0xa2, 00, 0x81, 00, 0x61,
  00, 0x82, 00, 0x81, 00, 0x82, 00, 0xa2, 00, 0x82, 00, 0x82,
  00, 0x82, 00, 0x81, 00, 0xc2, 00, 0xa2, 00, 0x82, 00, 0xa2,
  00, 0xc2, 00, 0xa2, 00, 0x81, 00, 0xa2, 00, 0xc3, 00, 0xe3,
  00, 0xc2, 00, 0xa2, 00, 0xc2, 00, 0xa2, 00, 0xc2, 00, 0xa2,
  00, 0xc2, 0x08, 0xe3, 00, 0xc2, 00, 0xa2, 00, 0xc3, 00, 0xe3,
  00, 0xc2, 00, 0xa2, 00, 0xc2, 00, 0xa2, 00, 0xc2, 00, 0xa2,
  00, 0xc2, 00, 0xa2, 00, 0x82, 00, 0xa2, 00, 0xc2, 00, 0xa2,
  00, 0xc2, 00, 0xa2, 0x01, 0x03, 0x01, 0x03, 00, 0xc2, 00, 0xa2,
  00, 0xc3, 00, 0xe3, 00, 0xc2, 0x08, 0xe2, 00, 0xe2, 00, 0xe2,
  0x01, 0x03, 0x01, 0x02, 0x01, 0x03, 00, 0xc2, 00, 0xc2, 00, 0xa2,
  00, 0xc2, 00, 0xa2, 00, 0x81, 00, 0xa2, 00, 0x82, 00, 0x82,
  00, 0x82, 00, 0x81, 00, 0xc2, 00, 0x81, 00, 0x81, 00, 0x81,
  00, 0x82, 0x08, 0x81, 00, 0x81, 00, 0x61, 00, 0x81, 00, 0x61,
  00, 0x41, 00, 0x61, 00, 0x82, 00, 0x81, 00, 0x81, 00, 0x61,
  00, 0x41, 00, 0x61, 00, 0x41, 0x08, 0x61, 00, 0x41, 0x08, 0x61,
  00, 0x41, 00, 0x41, 00, 0x41, 00, 0x41, 00, 0x41, 00, 0x41,
  00, 0x41, 00, 0x41, 00, 0x41, 00, 0x41, 00, 0x41, 00, 0x41,
  00, 0x41, 00, 0x40, 00, 0x41, 00, 0x41, 00, 0x41, 00, 0x40,
  00, 0x41, 00, 0x41, 00, 0x41, 00, 0x41, 00, 0x41, 00, 0x41,
  00, 0x41, 00, 0x40, 00, 0x41, 00, 0x41, 00, 0x01, 00, 0x21,
  00, 0x41, 00, 0x41, 00, 0x01, 00, 0x21, 00, 0x01, 00, 0x21,
  00, 0x01, 00, 0x21, 00, 0x41, 00, 0x40, 00, 0x41, 00, 0x40,
  00, 0x41, 00, 0x40, 00, 0x01, 00, 0x21, 00, 0x01, 00, 0x21,
  00, 00, 00, 00, 00, 0x01, 00, 0x21, 00, 00, 00, 00,
  0x08, 0x40, 00, 0x20, 0x08, 0x40, 00, 00, 0x08, 0x40, 00, 00,
  0x08, 0x40, 00, 0x20, 0x08, 0x40, 00, 00, 0x08, 0x40, 00, 00,
  0x08, 0x20, 00, 0x20, 0x08, 0x40, 00, 00, 0x08, 0x40, 00, 0x20,
  0x08, 0x40, 00, 0x20, 0x08, 0x40, 00, 00, 0x08, 0x40, 00, 00,
  0x08, 0x40, 00, 0x20, 0x08, 0x40, 00, 00, 0x08, 0x40, 00, 0x20,
  0x08, 0x40, 00, 0x61, 0x08, 0x40, 00, 0x20, 0x08, 0x40, 00, 0x40,
  0x08, 0x41, 00, 0x41, 0x08, 0x61, 00, 0x41, 0x08, 0x81, 00, 0x41,
  0x08, 0x61, 00, 0x61, 0x08, 0x61, 00, 0x61, 0x08, 0x61, 00, 0x61,
  0x08, 0x81, 00, 0x41, 0x08, 0x81, 00, 0x41, 0x08, 0x81, 00, 0x41,
  0x08, 0x61, 00, 0x61, 0x08, 0x81, 00, 0x61, 0x08, 0x80, 00, 0x81,
  0x08, 0x61, 00, 0x41, 0x08, 0x81, 00, 0x41, 0x08, 0x81, 00, 0x61,
  0x08, 0x81, 00, 0x41, 0x08, 0x81, 00, 0x41, 0x08, 0x61, 00, 0x61,
  0x08, 0x81, 00, 0x61, 0x08, 0x81, 00, 0x41, 00, 0x81, 00, 0x82,
  0x08, 0xc1, 00, 0xa1, 00, 0x81, 00, 0x82, 00, 0x81, 00, 0x82,
  0x08, 0x81, 00, 0x81, 0x08, 0x81, 00, 0x61, 0x08, 0xc1, 00, 0xa1,
  0x08, 0xc1, 00, 0xa1, 00, 0x81, 00, 0x82, 0x08, 0x81, 00, 0x81,
  00, 0x81, 00, 0x82, 0x08, 0xc2, 00, 0xa2, 0x08, 0xc1, 00, 0xa1,
  0x08, 0xc1, 00, 0xa1, 0x08, 0xc2, 00, 0x81, 0x08, 0xc2, 0x09, 0x03,
  0x09, 0x02, 00, 0xe2, 0x09, 0x02, 00, 0xe2, 0x08, 0xe2, 00, 0xa1,
  0x08, 0xc1, 00, 0xa1, 0x08, 0xc1, 00, 0xa1, 0x09, 0x02, 00, 0xc2,
  0x09, 0x02, 00, 0xc2, 0x09, 0x02, 00, 0xe2, 0x09, 0x02, 00, 0xe2,
  0x09, 0x02, 00, 0xe2, 0x08, 0xe2, 00, 0x81, 00, 0xc1, 00, 0xc2,
  0x08, 0xa2, 00, 0xa2, 00, 0xc2, 00, 0xc3, 0x08, 0xa2, 00, 0x82,
  0x09, 0x02, 00, 0xe2, 0x08, 0xe2, 00, 0x81, 00, 0xc1, 00, 0xc2,
  0x09, 0x02, 00, 0xc2, 0x09, 0x02, 00, 0xe2, 0x09, 0x02, 00, 0xe2,
  0x09, 0x02, 00, 0xe2, 00, 0xc2, 00, 0xc3, 0x09, 0x02, 00, 0xe2,
  0x08, 0xc1, 00, 0xa1, 0x08, 0xc1, 00, 0xa1, 0x08, 0xc1, 00, 0xa1,
  00, 0x81, 00, 0x82, 0x08, 0xc2, 00, 0x81, 0x08, 0x81, 00, 0x41,
  0x08, 0x81, 00, 0x61, 0x08, 0x81, 00, 0x41, 0x08, 0x81, 00, 0x61,
  0x08, 0x61, 00, 0x61, 0x08, 0x81, 00, 0x61, 0x08, 0xc1, 00, 0xa1,
  0x08, 0xa2, 00, 0x61, 0x08, 0x61, 00, 0x61, 0x08, 0x61, 00, 0x61,
  0x08, 0x81, 00, 0x41, 0x08, 0x61, 00, 0x20, 00, 0x40, 00, 0x40,
  00, 0x40, 00, 0x40, 00, 0x40, 00, 0x40, 0x08, 0x40, 00, 0x20,
  0x08, 0x40, 00, 00, 0x08, 0x40, 00, 00, 0x08, 0x40, 00, 00,
  0x08, 0x40, 00, 0x20, 0x08, 0x40, 00, 0x40, 0x08, 0x40, 00, 0x20,
  0x10, 0x81, 00, 0x20, 0x08, 0x40, 00, 0x20, 0x08, 0x40, 00, 00,
  0x08, 0x40, 00, 00, 0x08, 0x40, 00, 00, 0x08, 0x40, 00, 0x20,
  0x08, 0x40, 00, 00, 0x08, 0x40, 00, 0x20, 0x08, 0x40, 00, 00,
  0x08, 0x40, 00, 00, 0x08, 0x40, 00, 00, 0x08, 0x40, 00, 0x20,
  0x08, 0x40, 00, 0x20, 0x08, 0x40, 00, 0x20, 0x08, 0x40, 00, 0x20,
  00, 00, 00, 00, 00, 0x01, 00, 00, 00, 00, 00, 00,
  00, 00, 00, 00, 00, 0x01, 00, 0x21, 00, 00, 0x10, 0x62,
  0x18, 0xc3, 00, 00, 00, 0x01, 00, 0x21, 00, 0x01, 00, 0x21,
  00, 0x01, 00, 0x21, 00, 00, 0x08, 0x21, 00, 0x41, 00, 0x40,
  00, 0x41, 00, 0x41, 00, 0x41, 00, 0x41, 00, 00, 00, 00,
  0x08, 0x82, 0x08, 0x40, 00, 0x41, 00, 0x40, 00, 0x41, 00, 0x41,
  00, 0x41, 00, 0x41, 00, 0x41, 00, 0x21, 00, 0x41, 00, 0x41,
  00, 0x41, 0x08, 0x82, 00, 0x81, 0x08, 0x81, 00, 0x41, 00, 0x41,
  00, 0x41, 00, 0x61, 00, 0x82, 00, 0x40, 00, 0x41, 00, 0x41,
  00, 0x41, 0x08, 0x61, 00, 0x81, 00, 0x61, 00, 0x41, 0x10, 0xc2,
  00, 0x41, 00, 0x61, 00, 0x82, 00, 0x61, 00, 0x41, 00, 0x61,
  00, 0x41, 00, 0x61, 00, 0x41, 0x08, 0x61, 00, 0x41, 00, 0x61,
  00, 0x41, 00, 0x61, 00, 0x41, 00, 0x61, 00, 0x41, 00, 0x61,
  00, 0x82, 0x08, 0xa2, 00, 0x82, 00, 0x81, 00, 0x81, 00, 0x61,
  00, 0x82, 00, 0x81, 00, 0x82, 00, 0x81, 00, 0xc2, 00, 0xa2,
  00, 0x82, 00, 0x82, 00, 0x82, 00, 0x81, 00, 0x82, 00, 0x81,
  00, 0x82, 00, 0x82, 00, 0x82, 00, 0x82, 00, 0x82, 00, 0x82,
  00, 0x82, 00, 0xa2, 00, 0x82, 00, 0xa2, 00, 0xc2, 0x08, 0xe3,
  00, 0xc2, 00, 0xc2, 00, 0xc2, 00, 0xa2, 00, 0xc3, 00, 0x81,
  00, 0x82, 00, 0xa2, 00, 0x82, 00, 0x82, 00, 0x82, 00, 0xa2,
  00, 0xc3, 00, 0xc2, 0x01, 0x03, 00, 0xc2, 00, 0xc2, 00, 0xa2,
  0x01, 0x03, 0x01, 0x03, 00, 0xc2, 00, 0xa2, 00, 0xc2, 00, 0xa2,
  00, 0xc3, 00, 0xc2, 00, 0xc2, 00, 0xc2, 00, 0x81, 00, 0xa2,
  00, 0xe2, 00, 0xe2, 00, 0xc2, 00, 0xa2, 00, 0xe2, 00, 0xe2,
  00, 0xc2, 00, 0xa2, 0x10, 0xe2, 0x31, 0xc5, 0x01, 0x03, 00, 0xc1,
  0x01, 0x03, 0x01, 0x03, 00, 0xc3, 00, 0xc2, 00, 0xc2, 00, 0xa2,
  00, 0xc2, 00, 0xa2, 00, 0x82, 00, 0x82, 00, 0xc2, 00, 0x81,
  00, 0x82, 00, 0x81, 00, 0x82, 00, 0x81, 00, 0x82, 00, 0x81,
  00, 0x81, 00, 0x61, 00, 0x81, 00, 0x61, 00, 0x41, 00, 0x61,
  00, 0x81, 00, 0x81, 00, 0x41, 00, 0x61, 00, 0x82, 00, 0x81,
  00, 0x81, 00, 0x61, 00, 0x41, 00, 0x41, 00, 0x41, 00, 0x41,
  00, 0x41, 00, 0x61, 00, 0x40, 0x10, 0xc2, 0x19, 0x03, 00, 0x20,
  00, 0x41, 00, 0x41, 00, 0x41, 00, 0x41, 00, 0x41, 00, 0x41,
  00, 0x41, 00, 0x41, 00, 0x41, 00, 0x41, 00, 0x41, 00, 0x41,
  00, 0x41, 00, 0x41, 00, 0x41, 00, 0x41, 00, 0x41, 00, 0x41,
  00, 0x41, 00, 0x21, 00, 0x41, 00, 0x40, 00, 0x01, 00, 0x21,
  00, 0x41, 00, 0x40, 00, 0x01, 00, 0x21, 00, 00, 00, 0x20,
  00, 0x01, 00, 0x21, 00, 0x01, 00, 0x21, 00, 0x41, 00, 0x41,
  00, 0x41, 00, 0x40, 00, 0x40, 00, 0x20, 00, 0x01, 00, 0x21,
  00, 0x01, 00, 0x21, 00, 00, 0x08, 0x20, 00, 00, 00, 0x20,
  0x08, 0x40, 00, 00, 0x08, 0x40, 00, 00, 0x08, 0x40, 00, 00,
  0x08, 0x40, 00, 0x20, 0x08, 0x40, 00, 00, 0x08, 0x20, 00, 0x20,
  0x10, 0x61, 00, 0x20, 0x08, 0x40, 00, 00, 0x08, 0x40, 00, 00,
  0x08, 0x40, 00, 0x20, 0x08, 0x20, 00, 0x20, 0x08, 0x20, 00, 0x20,
  0x08, 0x40, 00, 0x40, 0x08, 0x40, 00, 00, 0x08, 0x40, 00, 00,
  0x10, 0x81, 00, 0x20, 0x08, 0x40, 00, 00, 00, 0x40, 00, 0x40,
  0x08, 0x40, 00, 0x40, 00, 0x40, 00, 0x41, 0x08, 0x81, 00, 0x61,
  0x08, 0x81, 00, 0x41, 0x08, 0x61, 00, 0x61, 0x08, 0x80, 00, 0x40,
  0x08, 0x41, 00, 0x41, 0x08, 0x61, 00, 0x61, 0x08, 0x41, 00, 0x41,
  0x08, 0x61, 00, 0x61, 0x08, 0x81, 00, 0x41, 0x08, 0x81, 00, 0x61,
  0x08, 0x81, 00, 0x41, 0x08, 0x81, 00, 0x41, 0x08, 0x81, 00, 0x61,
  0x08, 0x81, 00, 0x61, 0x08, 0x81, 00, 0x81, 0x08, 0x81, 00, 0x81,
  0x08, 0x81, 00, 0x61, 0x08, 0x81, 00, 0x61, 00, 0x81, 00, 0x82,
  0x08, 0xc1, 00, 0xa1, 0x08, 0xc1, 00, 0xa1, 0x08, 0x81, 00, 0x61,
  0x08, 0x81, 00, 0x41, 0x08, 0x61, 00, 0x61, 0x08, 0xc1, 00, 0xa1,
  0x08, 0x81, 00, 0x81, 0x08, 0xc1, 00, 0xa1, 00, 0x81, 00, 0x82,
  0x08, 0xc1, 00, 0xa1, 0x08, 0x81, 00, 0x61, 0x08, 0xc1, 00, 0xa1,
  0x08, 0xc1, 00, 0xa1, 0x08, 0xc2, 00, 0xc2, 0x08, 0xe3, 00, 0xa2,
  0x08, 0xe2, 00, 0xc2, 00, 0xc1, 00, 0xc2, 0x08, 0xe2, 00, 0x81,
  0x08, 0xc1, 00, 0xa1, 0x08, 0xc1, 00, 0xa1, 0x08, 0xc1, 00, 0xa1,
  00, 0xc2, 00, 0xc3, 0x09, 0x02, 00, 0xe2, 0x09, 0x02, 00, 0xc2,
  0x09, 0x02, 00, 0xe2, 0x09, 0x02, 00, 0xc2, 00, 0xc2, 00, 0xc3,
  0x09, 0x02, 00, 0xc2, 0x08, 0xc1, 00, 0xa1, 0x08, 0xc1, 00, 0xc2,
  0x09, 0x02, 00, 0xc2, 0x08, 0xc2, 00, 0xa2, 0x09, 0x02, 00, 0xe2,
  0x09, 0x02, 00, 0xc2, 0x29, 0x01, 0x73, 0x8b, 0x11, 0x03, 00, 0xc2,
  0x09, 0x02, 00, 0xe2, 0x09, 0x02, 00, 0xc2, 0x08, 0xc2, 00, 0x82,
  0x08, 0xe3, 00, 0xa2, 00, 0x81, 00, 0x82, 0x08, 0xc1, 00, 0xa1,
  0x10, 0xc1, 00, 0xa1, 00, 0x81, 00, 0x82, 0x08, 0x81, 00, 0x61,
  0x08, 0x81, 00, 0x81, 0x08, 0x81, 00, 0x61, 0x08, 0x81, 00, 0x41,
  0x08, 0x61, 00, 0x61, 0x08, 0x81, 00, 0x41, 0x08, 0x81, 00, 0x61,
  0x08, 0x81, 00, 0x41, 0x08, 0x80, 00, 0x60, 0x08, 0x41, 00, 0x41,
  00, 0x40, 00, 0x41, 0x08, 0x80, 00, 0xa1, 0x10, 0xc2, 00, 0x20,
  0x08, 0x61, 00, 0x41, 0x08, 0x40, 00, 0x20, 00, 0x40, 00, 0x40,
  0x08, 0x40, 00, 0x20, 0x08, 0x40, 00, 00, 0x08, 0x40, 00, 0x20,
  0x08, 0x40, 00, 0x40, 0x08, 0x40, 00, 00, 0x08, 0x41, 00, 0x41,
  0x08, 0x40, 00, 0x20, 0x08, 0x40, 00, 00, 0x08, 0x40, 00, 0x20,
  0x08, 0x40, 00, 00, 0x08, 0x40, 00, 0x20, 0x08, 0x40, 00, 00,
  0x08, 0x40, 00, 0x20, 0x08, 0x40, 00, 00, 0x08, 0x40, 00, 0x20,
  0x08, 0x40, 00, 0x20, 0x08, 0x40, 00, 0x20, 0x08, 0x40, 00, 0x20,
  0x08, 0x40, 00, 00, 0x08, 0x40, 00, 00, 0x08, 0x40, 00, 0x20,
  00, 00, 00, 00, 00, 00, 00, 00, 00, 0x01, 00, 0x21,
  00, 00, 00, 00, 00, 0x01, 00, 0x21, 00, 00, 00, 00,
  00, 0x01, 00, 0x21, 00, 0x01, 00, 0x21, 00, 00, 0x08, 0x21,
  00, 00, 00, 0x20, 00, 0x41, 00, 0x40, 00, 0x01, 00, 0x21,
  00, 0x41, 00, 0x41, 00, 0x01, 00, 0x21, 00, 0x41, 00, 0x40,
  00, 0x01, 00, 0x21, 00, 0x41, 00, 0x41, 00, 0x41, 00, 0x41,
  00, 0x41, 00, 0x41, 00, 0x41, 00, 0x41, 00, 0x41, 0x08, 0x61,
  00, 0x41, 00, 0x41, 00, 0x41, 00, 0x41, 00, 0x41, 00, 0x41,
  00, 0x41, 00, 0x41, 00, 0x41, 00, 0x41, 00, 0x41, 00, 0x41,
  00, 0x41, 00, 0x41, 00, 0x41, 00, 0x61, 00, 0x41, 00, 0x61,
  00, 0x81, 00, 0x61, 00, 0x41, 00, 0x61, 00, 0x82, 00, 0x61,
  00, 0x41, 00, 0x61, 00, 0x82, 0x08, 0xa2, 00, 0x81, 00, 0x61,
  00, 0x82, 00, 0x81, 00, 0x81, 00, 0x81, 00, 0x82, 00, 0x61,
  00, 0x81, 00, 0x61, 00, 0x81, 00, 0x61, 00, 0x81, 00, 0x61,
  00, 0x82, 00, 0x81, 00, 0x41, 00, 0x61, 00, 0x82, 00, 0x81,
  00, 0x82, 00, 0x81, 00, 0x82, 00, 0x82, 00, 0x82, 00, 0x81,
  00, 0x82, 00, 0xa2, 00, 0xc2, 00, 0xa2, 00, 0x82, 00, 0x82,
  00, 0x82, 00, 0xa2, 00, 0xc2, 0x08, 0xe3, 00, 0xc3, 00, 0x81,
  00, 0x82, 00, 0xa2, 00, 0xc2, 00, 0xa2, 00, 0xc2, 00, 0xa2,
  00, 0xc2, 00, 0xc2, 00, 0x82, 00, 0xa2, 00, 0x82, 00, 0xa2,
  00, 0xc2, 00, 0xa2, 00, 0xc3, 00, 0xe3, 0x01, 0x03, 0x01, 0x03,
  00, 0xc2, 00, 0xa2, 0x01, 0x03, 0x01, 0x03, 00, 0xc2, 00, 0xa2,
  00, 0xc2, 00, 0xa2, 00, 0xc2, 00, 0xa2, 00, 0xc2, 00, 0xa2,
  00, 0xc2, 00, 0xa2, 00, 0xc2, 00, 0xa2, 00, 0xc2, 00, 0xa2,
  00, 0xc2, 00, 0xa2, 00, 0xc2, 00, 0xc2, 00, 0xc3, 00, 0xe3,
  00, 0xc2, 00, 0xa2, 00, 0xc3, 00, 0xc3, 00, 0xc2, 00, 0xa2,
  00, 0xc2, 00, 0xa2, 00, 0x81, 00, 0xa2, 00, 0xc3, 00, 0x81,
  00, 0x82, 00, 0x81, 00, 0x82, 00, 0x81, 00, 0x81, 00, 0x61,
  00, 0x82, 00, 0x81, 00, 0x81, 00, 0x61, 00, 0x82, 00, 0x81,
  00, 0x41, 00, 0x61, 00, 0x41, 00, 0x61, 00, 0x81, 00, 0x61,
  00, 0x81, 00, 0x61, 00, 0x41, 00, 0x41, 00, 0x41, 00, 0x41,
  00, 0x41, 00, 0x41, 00, 0x41, 00, 0x41, 00, 0x41, 00, 0x40,
  00, 0x41, 00, 0x41, 00, 0x41, 00, 0x41, 00, 0x41, 00, 0x41,
  00, 0x41, 00, 0x40, 00, 0x41, 00, 0x41, 00, 0x01, 00, 0x21,
  00, 0x41, 00, 0x41, 00, 0x41, 00, 0x40, 00, 0x41, 00, 0x41,
  00, 0x41, 00, 0x40, 00, 0x41, 00, 0x41, 00, 0x01, 00, 0x21,
  00, 0x41, 00, 0x40, 00, 0x01, 00, 0x21, 00, 0x41, 00, 0x40,
  00, 00, 00, 0x20, 00, 0x41, 00, 0x40, 00, 00, 00, 00,
  00, 0x41, 0x08, 0x21, 00, 00, 00, 00, 00, 0x41, 00, 0x40,
  00, 00, 00, 00, 00, 0x01, 00, 0x21, 00, 00, 00, 00,
  0x08, 0x40, 00, 0x20, 0x08, 0x40, 00, 00, 0x08, 0x40, 00, 0x20,
  0x08, 0x40, 00, 00, 0x08, 0x40, 00, 0x20, 0x08, 0x40, 00, 0x20,
  0x08, 0x40, 00, 00, 0x08, 0x40, 00, 00, 0x08, 0x40, 00, 00,
  0x08, 0x40, 00, 0x20, 0x08, 0x40, 00, 00, 0x08, 0x40, 00, 00,
  0x08, 0x40, 00, 00, 0x08, 0x40, 00, 00, 0x08, 0x40, 00, 0x20,
  0x08, 0x40, 00, 00, 0x08, 0x40, 00, 00, 0x08, 0x40, 00, 0x40,
  0x08, 0x41, 00, 0x41, 0x08, 0x81, 00, 0x41, 0x08, 0x61, 00, 0x61,
  0x08, 0x61, 00, 0x61, 0x08, 0x80, 00, 0x40, 0x08, 0x61, 00, 0x41,
  0x08, 0x80, 00, 0x60, 00, 0x40, 00, 0x41, 0x08, 0x80, 00, 0x40,
  0x08, 0x61, 00, 0x41, 00, 0x40, 00, 0x41, 00, 0x40, 00, 0x41,
  0x08, 0x81, 00, 0x61, 0x08, 0x81, 00, 0x61, 0x08, 0x81, 00, 0x41,
  0x08, 0x81, 00, 0x81, 0x08, 0x81, 00, 0x81, 0x08, 0xc1, 00, 0xa1,
  0x08, 0x81, 00, 0x61, 0x08, 0x81, 00, 0x61, 0x08, 0x81, 00, 0x41,
  0x08, 0x81, 00, 0x61, 0x08, 0x61, 00, 0x61, 0x08, 0x81, 00, 0x61,
  0x08, 0x81, 00, 0x61, 0x08, 0x81, 00, 0x41, 0x08, 0x81, 00, 0x61,
  0x08, 0x81, 00, 0x81, 0x08, 0xc1, 00, 0xa1, 0x08, 0xc1, 00, 0xa1,
  0x08, 0xc1, 00, 0xc2, 0x08, 0xe3, 00, 0xa2, 0x08, 0xc2, 00, 0xa2,
  0x08, 0xc1, 00, 0xc2, 0x08, 0xc1, 00, 0xa1, 0x08, 0xa2, 00, 0xa2,
  0x08, 0xa2, 00, 0xa2, 0x09, 0x02, 00, 0xc2, 0x08, 0xc2, 00, 0xa2,
  0x08, 0xa2, 00, 0xa2, 0x08, 0xc1, 00, 0xa1, 00, 0xc1, 00, 0xc1,
  0x08, 0xc2, 00, 0xa2, 00, 0xc1, 00, 0xc2, 0x08, 0xe2, 00, 0xe2,
  0x11, 0x03, 00, 0xc2, 0x09, 0x02, 00, 0xc2, 0x09, 0x02, 00, 0xc2,
  0x08, 0xc2, 00, 0x82, 0x09, 0x02, 00, 0xe2, 0x08, 0xe3, 00, 0xa2,
  0x08, 0xa2, 00, 0xa2, 0x08, 0xc2, 00, 0xa2, 0x08, 0xa2, 00, 0xa2,
  00, 0xc2, 00, 0xc3, 0x08, 0xe2, 00, 0xc2, 0x08, 0xc2, 00, 0xc2,
  0x08, 0xa2, 00, 0xa2, 00, 0xc1, 00, 0xc2, 0x09, 0x02, 00, 0xc2,
  0x08, 0xc1, 00, 0xa1, 0x08, 0xc1, 00, 0xc2, 0x08, 0xc1, 00, 0xa1,
  00, 0x81, 00, 0x82, 0x08, 0x81, 00, 0x61, 0x08, 0x81, 00, 0x81,
  0x08, 0x81, 00, 0x61, 00, 0x81, 00, 0x82, 0x08, 0xc1, 00, 0xa1,
  0x08, 0x81, 00, 0x61, 0x08, 0x61, 00, 0x61, 0x08, 0x81, 00, 0x81,
  0x08, 0x81, 00, 0x41, 0x08, 0x81, 00, 0x61, 0x08, 0x41, 00, 0x41,
  0x08, 0x40, 00, 0x40, 0x08, 0x41, 00, 0x41, 0x08, 0x40, 00, 0x40,
  00, 0x40, 00, 0x40, 0x08, 0x40, 00, 0x40, 0x08, 0x40, 00, 0x20,
  0x08, 0x40, 00, 0x40, 0x08, 0x40, 00, 00, 0x08, 0x40, 00, 0x20,
  0x08, 0x40, 00, 0x41, 0x08, 0x40, 00, 0x40, 0x08, 0x40, 00, 00,
  0x08, 0x40, 00, 0x20, 0x08, 0x40, 00, 00, 0x08, 0x40, 00, 00,
  0x08, 0x40, 00, 0x20, 0x08, 0x40, 00, 0x20, 0x08, 0x40, 00, 0x20,
  0x08, 0x40, 00, 00, 0x08, 0x40, 00, 00, 0x08, 0x40, 00, 00,
  0x08, 0x20, 00, 00, 0x08, 0x40, 00, 00, 0x08, 0x40, 00, 00,
  0x08, 0x40, 00, 00, 0x08, 0x40, 00, 0x20, 0x08, 0x40, 00, 00,
  00, 00, 00, 00, 00, 00, 00, 00, 00, 00, 00, 00,
  00, 0x01, 00, 0x21, 00, 0x01, 00, 0x21, 00, 0x01, 00, 0x21,
  00, 00, 00, 0x20, 00, 0x01, 00, 0x21, 00, 00, 0x08, 0x21,
  00, 0x01, 00, 0x21, 00, 0x01, 00, 0x21, 00, 0x01, 00, 0x21,
  00, 00, 0x08, 0x21, 00, 0x41, 00, 0x41, 00, 0x01, 00, 0x21,
  00, 0x41, 00, 0x40, 00, 0x41, 00, 0x41, 00, 0x41, 00, 0x41,
  00, 0x41, 00, 0x41, 00, 0x41, 00, 0x41, 00, 0x41, 00, 0x41,
  00, 0x41, 00, 0x41, 00, 0x41, 00, 0x41, 00, 0x41, 00, 0x41,
  00, 0x41, 00, 0x41, 00, 0x41, 0x08, 0x61, 00, 0x42, 00, 0x21,
  00, 0x41, 00, 0x41, 00, 0x41, 00, 0x41, 00, 0x41, 00, 0x41,
  00, 0x41, 00, 0x61, 00, 0x41, 00, 0x61, 00, 0x41, 00, 0x61,
  00, 0x82, 00, 0x81, 00, 0x82, 00, 0x81, 00, 0xc3, 00, 0x81,
  00, 0x82, 00, 0x81, 00, 0x82, 00, 0x81, 00, 0x82, 00, 0x81,
  00, 0x82, 0x08, 0x81, 00, 0x81, 00, 0x81, 00, 0x81, 00, 0x61,
  00, 0x42, 00, 0x62, 00, 0x81, 00, 0x61, 00, 0x41, 00, 0x61,
  00, 0x82, 00, 0x81, 00, 0x82, 00, 0xa2, 00, 0x81, 00, 0xa2,
  00, 0xc2, 00, 0xa2, 00, 0x81, 00, 0xa2, 00, 0xc3, 00, 0xe3,
  00, 0xc2, 00, 0xa2, 00, 0x82, 00, 0xa2, 00, 0xc2, 00, 0xa2,
  00, 0xc2, 00, 0xa2, 00, 0xc2, 00, 0xc2, 00, 0x81, 00, 0xa2,
  00, 0xc2, 00, 0xa2, 00, 0x82, 00, 0x82, 00, 0xc2, 00, 0xc2,
  00, 0xc2, 00, 0xa2, 00, 0xc3, 00, 0xc2, 00, 0xc2, 00, 0xc2,
  00, 0xc2, 00, 0xa2, 00, 0xc2, 00, 0xa2, 00, 0xc2, 00, 0xa2,
  00, 0xc2, 00, 0xa2, 00, 0xc3, 00, 0xe3, 00, 0xc2, 00, 0xa2,
  00, 0xc2, 00, 0xa2, 00, 0xc2, 00, 0xa2, 00, 0x82, 00, 0xa2,
  00, 0xc3, 00, 0xe3, 00, 0xc2, 00, 0xc2, 00, 0xc2, 00, 0xa2,
  00, 0xc2, 00, 0xa2, 00, 0xc2, 00, 0xa2, 00, 0xc2, 0x08, 0xe3,
  00, 0x82, 00, 0x82, 00, 0xc2, 00, 0xa2, 00, 0x82, 00, 0x82,
  00, 0x82, 00, 0x81, 00, 0x82, 00, 0x81, 00, 0x82, 00, 0x81,
  00, 0x82, 00, 0x81, 00, 0x82, 00, 0xa2, 00, 0x82, 00, 0x82,
  00, 0x81, 00, 0x61, 00, 0x41, 00, 0x61, 00, 0x41, 0x08, 0x61,
  00, 0x41, 00, 0x61, 00, 0x41, 0x08, 0x61, 00, 0x41, 00, 0x41,
  00, 0x41, 00, 0x41, 00, 0x41, 00, 0x41, 00, 0x41, 00, 0x41,
  00, 0x41, 00, 0x41, 00, 0x41, 00, 0x21, 00, 0x41, 00, 0x41,
  00, 0x41, 00, 0x41, 00, 0x01, 00, 0x21, 00, 0x41, 00, 0x41,
  00, 0x41, 0x29, 0x44, 00, 0x41, 00, 0x41, 00, 0x41, 00, 0x40,
  00, 0x41, 00, 0x41, 00, 0x41, 00, 0x40, 00, 0x41, 00, 0x41,
  00, 0x41, 00, 0x41, 00, 0x41, 0x08, 0x40, 00, 0x41, 00, 0x40,
  00, 0x41, 00, 0x41, 00, 0x01, 00, 0x21, 00, 0x01, 00, 0x21,
  00, 00, 00, 0x20, 00, 0x01, 00, 0x21, 00, 00, 0x08, 0x21,
  00, 0x01, 00, 00, 00, 00, 00, 00, 00, 00, 00, 00,
  0x08, 0x40, 00, 00, 0x08, 0x40, 00, 00, 0x08, 0x40, 00, 00,
  0x08, 0x40, 00, 0x20, 0x08, 0x40, 00, 00, 0x08, 0x40, 00, 00,
  0x08, 0x40, 00, 00, 0x08, 0x40, 00, 0x20, 0x08, 0x20, 00, 00,
  0x08, 0x40, 00, 0x20, 0x08, 0x40, 00, 00, 0x08, 0x40, 00, 0x20,
  0x08, 0x40, 00, 00, 0x08, 0x40, 00, 0x20, 0x08, 0x40, 00, 00,
  0x08, 0x40, 00, 0x20, 0x08, 0x40, 00, 0x40, 0x08, 0x40, 00, 00,
  0x08, 0x61, 00, 0x61, 0x08, 0x80, 00, 0x40, 0x08, 0x61, 00, 0x41,
  0x08, 0x40, 00, 00, 0x08, 0x40, 00, 0x40, 00, 0x40, 00, 0x40,
  0x08, 0x81, 00, 0x41, 00, 0x40, 00, 0x40, 0x08, 0x61, 00, 0x41,
  0x08, 0x61, 00, 0x61, 0x08, 0x81, 00, 0x41, 00, 0x40, 00, 0x40,
  0x08, 0x61, 00, 0x61, 0x08, 0x61, 00, 0x61, 0x08, 0x81, 00, 0x81,
  00, 0x81, 00, 0x82, 0x08, 0x80, 0x08, 0xc2, 0x10, 0xc1, 00, 0x81,
  0x08, 0xa1, 00, 0x61, 0x08, 0x81, 00, 0x81, 0x08, 0xc1, 00, 0xa1,
  0x08, 0x81, 00, 0x41, 0x08, 0x81, 00, 0x81, 0x08, 0x81, 00, 0x61,
  0x08, 0x81, 00, 0x41, 0x08, 0x81, 00, 0x61, 0x08, 0x81, 00, 0x41,
  00, 0x81, 00, 0x82, 0x08, 0xc1, 00, 0xa1, 00, 0x81, 00, 0x82,
  0x08, 0xc1, 00, 0xe2, 0x08, 0xc2, 00, 0x81, 0x08, 0xc1, 00, 0xc2,
  0x08, 0xc1, 00, 0xa1, 0x08, 0xc2, 00, 0x81, 0x08, 0xc1, 00, 0xa1,
  00, 0xc1, 00, 0xc2, 0x08, 0xc1, 00, 0xa1, 0x08, 0xc1, 00, 0xa1,
  0x08, 0xc1, 00, 0xa1, 0x08, 0xc1, 00, 0xa1, 0x08, 0x81, 00, 0x81,
  0x08, 0xc2, 00, 0xa2, 00, 0xc1, 00, 0xc2, 0x09, 0x02, 00, 0xc2,
  0x09, 0x02, 00, 0xe2, 0x09, 0x02, 00, 0xe2, 0x08, 0xc1, 00, 0xa1,
  0x08, 0xc2, 00, 0xa2, 0x08, 0xc2, 00, 0xc2, 0x08, 0xc2, 00, 0xa2,
  0x08, 0xc1, 00, 0xc2, 0x08, 0xa2, 00, 0x82, 0x08, 0xc1, 00, 0xa1,
  0x08, 0xc2, 00, 0xc2, 0x08, 0xc1, 00, 0xa1, 0x08, 0xc1, 00, 0xc2,
  00, 0xc2, 00, 0xc3, 0x08, 0xe2, 00, 0x81, 0x08, 0xc1, 00, 0xa1,
  0x08, 0xc1, 00, 0xa1, 0x08, 0xc1, 00, 0xa1, 0x08, 0xc1, 00, 0xa1,
  0x08, 0xc1, 00, 0xa1, 00, 0x81, 00, 0x82, 0x08, 0x81, 00, 0x61,
  0x08, 0x81, 00, 0x81, 0x08, 0xc1, 00, 0xa1, 0x08, 0xc1, 00, 0xa1,
  0x08, 0x81, 00, 0x61, 0x08, 0x81, 00, 0x41, 0x08, 0x61, 00, 0x61,
  0x08, 0x81, 00, 0x41, 0x08, 0x81, 00, 0x40, 0x08, 0x61, 00, 0x41,
  0x08, 0x40, 00, 00, 0x08, 0x40, 00, 0x40, 0x08, 0x40, 00, 0x20,
  0x08, 0x41, 00, 0x41, 0x08, 0x40, 00, 00, 0x08, 0x40, 00, 00,
  0x08, 0x40, 00, 0x20, 0x08, 0x40, 00, 00, 0x08, 0x40, 00, 0x20,
  0x08, 0x40, 00, 00, 00, 0x40, 00, 0x40, 0x08, 0x40, 0x08, 0x41,
  0x08, 0x40, 00, 00, 0x08, 0x40, 00, 00, 00, 0x40, 00, 0x40,
  0x08, 0x40, 00, 00, 0x08, 0x40, 00, 00, 0x08, 0x40, 00, 00,
  0x08, 0x40, 00, 00, 0x08, 0x40, 00, 00, 0x08, 0x40, 00, 0x20,
  0x08, 0x40, 00, 00, 0x08, 0x40, 00, 0x20, 0x08, 0x40, 00, 00,
  0x08, 0x40, 00, 00, 0x08, 0x40, 00, 00, 00, 00, 00, 0x01,
  00, 00, 0x08, 0x20, 00, 00, 00, 00, 00, 00, 0x08, 0x21,
  00, 00, 00, 00, 00, 00, 0x08, 0x21, 00, 0x01, 00, 0x21,
  00, 0x01, 00, 0x21, 00, 00, 00, 00, 00, 0x01, 00, 0x21,
  00, 0x01, 00, 0x21, 00, 0x41, 00, 0x40, 00, 0x01, 00, 0x21,
  00, 0x41, 00, 0x41, 00, 0x01, 00, 0x21, 00, 0x41, 00, 0x41,
  00, 0x01, 00, 0x21, 00, 0x41, 00, 0x41, 00, 0x41, 00, 0x41,
  00, 0x41, 00, 0x41, 00, 0x41, 00, 0x40, 00, 0x41, 00, 0x41,
  00, 0x41, 00, 0x41, 00, 0x41, 00, 0x41, 00, 0x41, 00, 0x41,
  00, 0x41, 00, 0x21, 00, 0x41, 00, 0x41, 00, 0x41, 00, 0x41,
  00, 0x41, 00, 0x41, 00, 0x41, 0x08, 0x61, 00, 0x41, 00, 0x41,
  00, 0x41, 00, 0x61, 00, 0x41, 00, 0x61, 00, 0x81, 0x08, 0xc2,
  00, 0x82, 00, 0x81, 00, 0x82, 00, 0x82, 00, 0x82, 00, 0x82,
  00, 0xc2, 00, 0xc2, 00, 0x82, 00, 0x81, 00, 0x82, 00, 0x82,
  00, 0x82, 00, 0x81, 00, 0x82, 00, 0x81, 00, 0x81, 00, 0x61,
  00, 0x81, 00, 0x61, 00, 0x41, 00, 0x61, 00, 0x82, 00, 0x81,
  00, 0x82, 00, 0x81, 00, 0x82, 00, 0x82, 00, 0x82, 00, 0x81,
  00, 0x61, 0x29, 0x85, 0x19, 0x44, 00, 0x81, 00, 0xc3, 00, 0x81,
  00, 0x81, 00, 0x61, 00, 0x82, 00, 0x82, 00, 0xa2, 00, 0xa2,
  00, 0xc2, 0x08, 0xc2, 00, 0x82, 00, 0x82, 00, 0x82, 00, 0x82,
  00, 0x82, 00, 0x81, 00, 0x81, 00, 0xa2, 00, 0x81, 00, 0x61,
  00, 0x82, 00, 0xa2, 00, 0x82, 00, 0xa2, 00, 0xc3, 00, 0xc2,
  00, 0xc3, 00, 0xe3, 00, 0xc2, 00, 0xa2, 00, 0xc2, 00, 0xa2,
  00, 0xc2, 00, 0xa2, 00, 0xc2, 00, 0xc2, 00, 0xc2, 00, 0xa2,
  00, 0xc2, 00, 0xa2, 00, 0xc2, 00, 0xa2, 00, 0xc2, 00, 0xa2,
  00, 0xc2, 00, 0xa2, 00, 0x81, 00, 0xa2, 00, 0xc3, 00, 0xc2,
  00, 0xc2, 00, 0xa2, 00, 0xc2, 00, 0xa2, 00, 0x81, 00, 0xa2,
  00, 0x82, 00, 0x82, 00, 0x82, 0x08, 0x81, 00, 0xa2, 00, 0xa2,
  00, 0x82, 00, 0x81, 00, 0x82, 00, 0x82, 00, 0x82, 00, 0x81,
  00, 0x82, 00, 0x82, 00, 0x81, 00, 0x81, 00, 0x81, 00, 0x61,
  00, 0x41, 00, 0x61, 00, 0x81, 00, 0x61, 00, 0x41, 00, 0x41,
  00, 0x41, 00, 0x61, 00, 0x41, 00, 0x41, 00, 0x41, 00, 0x41,
  00, 0x41, 00, 0x41, 00, 0x41, 00, 0x41, 00, 0x41, 00, 0x40,
  00, 0x41, 00, 0x41, 00, 0x41, 00, 0x41, 00, 0x41, 00, 0x41,
  00, 0x41, 00, 0x40, 00, 0x41, 00, 0x41, 00, 0x41, 00, 0x41,
  00, 0x41, 00, 0x41, 00, 0x41, 00, 0x41, 00, 0x41, 00, 0x41,
  00, 0x41, 00, 0x41, 00, 0x41, 00, 0x41, 00, 0x41, 00, 0x41,
  00, 0x41, 00, 0x41, 00, 0x41, 00, 0x41, 00, 0x41, 00, 0x41,
  00, 00, 00, 0x20, 00, 0x41, 0x08, 0x41, 00, 0x01, 00, 00,
  00, 00, 00, 0x20, 00, 00, 00, 00, 00, 0x01, 00, 0x21,
  00, 00, 00, 00, 00, 00, 00, 00, 00, 00, 00, 00,
  0x08, 0x40, 00, 00, 0x08, 0x40, 00, 00, 0x08, 0x20, 00, 00,
  0x08, 0x40, 00, 00, 0x08, 0x40, 00, 00, 0x08, 0x40, 00, 00,
  0x08, 0x40, 00, 00, 0x08, 0x40, 00, 00, 0x08, 0x40, 00, 00,
  0x08, 0x40, 00, 0x20, 00, 00, 00, 00, 0x08, 0x40, 00, 00,
  0x08, 0x40, 00, 0x20, 0x08, 0x40, 00, 00, 0x08, 0x40, 00, 00,
  0x08, 0x40, 00, 00, 0x08, 0x40, 00, 00, 00, 0x40, 00, 0x41,
  0x08, 0x40, 00, 0x40, 0x08, 0x80, 00, 0x40, 0x08, 0x61, 00, 0x41,
  0x08, 0x40, 00, 0x40, 00, 0x40, 00, 0x40, 0x08, 0x41, 00, 0x41,
  0x08, 0x61, 00, 0x41, 00, 0x40, 00, 0x40, 0x08, 0x40, 00, 0x40,
  0x08, 0x61, 00, 0x41, 0x08, 0x61, 00, 0x61, 0x08, 0x61, 00, 0x41,
  0x08, 0x61, 00, 0x61, 0x08, 0x81, 00, 0x41, 0x08, 0xa2, 00, 0x61,
  0x08, 0x81, 00, 0x81, 0x08, 0xc1, 00, 0xa1, 0x08, 0xc2, 00, 0x82,
  0x08, 0xc2, 0x08, 0xc2, 00, 0x81, 00, 0x82, 0x08, 0xc1, 00, 0xa1,
  0x08, 0x81, 00, 0x61, 0x08, 0x81, 00, 0x61, 0x08, 0x81, 00, 0x81,
  0x08, 0x81, 00, 0x41, 0x08, 0x81, 00, 0x41, 0x08, 0x81, 00, 0x81,
  0x08, 0xc1, 00, 0xa1, 00, 0x81, 00, 0x82, 0x08, 0x81, 00, 0x81,
  0x08, 0xc1, 00, 0xa1, 0x08, 0xc1, 00, 0xa1, 00, 0x81, 00, 0x82,
  0x08, 0xc1, 00, 0xa1, 0x08, 0xc1, 00, 0xa1, 0x08, 0xc2, 00, 0x81,
  0x08, 0xc1, 00, 0xa1, 0x08, 0xc1, 00, 0xa1, 00, 0x81, 00, 0x82,
  0x08, 0x81, 00, 0x81, 00, 0x81, 00, 0x82, 0x08, 0xc1, 00, 0xa1,
  0x08, 0xc2, 00, 0x81, 0x08, 0xc2, 00, 0xa2, 0x08, 0xa2, 00, 0xa2,
  0x08, 0xc2, 00, 0xc2, 0x08, 0xc1, 00, 0xa1, 00, 0xc1, 00, 0xc2,
  0x09, 0x02, 00, 0xc2, 0x08, 0xc1, 00, 0xe2, 0x08, 0xa2, 00, 0xa2,
  0x08, 0xc2, 00, 0xa2, 0x08, 0xc1, 00, 0xa1, 00, 0xc1, 00, 0xc2,
  0x08, 0xa2, 00, 0xa2, 0x08, 0xa2, 00, 0xa2, 0x08, 0xa2, 00, 0xa2,
  0x08, 0xc1, 00, 0xa1, 0x08, 0xc1, 00, 0xa1, 0x08, 0xc1, 00, 0xa1,
  0x08, 0xc1, 00, 0xa1, 0x08, 0xc1, 00, 0xa1, 0x08, 0xc1, 00, 0xa1,
  0x08, 0xc1, 00, 0xa1, 0x08, 0xc1, 00, 0xa1, 0x08, 0xc1, 00, 0xa1,
  0x08, 0x81, 00, 0x81, 0x20, 0xe2, 0x4a, 0x68, 00, 0x81, 00, 0x81,
  0x08, 0x81, 00, 0x41, 0x08, 0x81, 00, 0x61, 0x08, 0x81, 00, 0x41,
  00, 0x40, 00, 0x41, 0x08, 0x80, 00, 0x40, 00, 0x40, 00, 0x41,
  0x08, 0x61, 00, 0x41, 0x08, 0x40, 00, 0x40, 00, 0x40, 00, 0x40,
  0x08, 0x40, 00, 00, 0x08, 0x40, 00, 00, 0x08, 0x40, 00, 0x20,
  0x08, 0x40, 00, 0x20, 0x08, 0x40, 00, 00, 0x08, 0x41, 00, 0x41,
  00, 0x40, 00, 0x40, 0x08, 0x41, 00, 0x41, 0x08, 0x40, 00, 0x40,
  0x08, 0x40, 00, 0x40, 0x08, 0x40, 00, 0x20, 00, 0x40, 00, 0x40,
  00, 0x40, 00, 0x40, 0x08, 0x40, 00, 0x20, 0x08, 0x40, 00, 0x20,
  0x08, 0x40, 00, 0x20, 0x08, 0x40, 00, 0x20, 0x08, 0x40, 00, 00,
  0x08, 0x40, 00, 0x20, 0x08, 0x40, 00, 0x20, 0x08, 0x40, 00, 0x20,
  0x08, 0x40, 00, 0x20, 0x10, 0x81, 00, 0x20, 0x08, 0x40, 00, 00,
  00, 00, 00, 00, 00, 00, 00, 00, 00, 00, 00, 00,
  00, 0x41, 00, 00, 00, 00, 00, 00, 00, 0x01, 00, 00,
  00, 00, 00, 00, 00, 00, 00, 00, 00, 0x01, 00, 0x21,
  00, 00, 00, 00, 0x29, 0x64, 0x18, 0xa1, 00, 0x01, 00, 0x21,
  00, 0x01, 00, 0x21, 00, 0x41, 00, 0x40, 00, 0x41, 00, 0x40,
  00, 0x41, 00, 0x40, 00, 0x41, 00, 0x41, 00, 0x41, 00, 0x41,
  00, 0x41, 00, 0x41, 00, 0x41, 00, 0x41, 00, 0x41, 0x08, 0x61,
  00, 0x41, 00, 0x41, 00, 0x41, 00, 0x41, 00, 0x41, 00, 0x41,
  00, 0x41, 0x08, 0x41, 00, 0x41, 00, 0x41, 00, 0x41, 00, 0x41,
  00, 0x41, 00, 0x41, 00, 0x41, 0x08, 0x61, 00, 0x41, 00, 0x41,
  00, 0x41, 00, 0x41, 00, 0x82, 0x08, 0x61, 00, 0x82, 00, 0x81,
  00, 0x82, 00, 0x81, 00, 0x82, 00, 0x81, 00, 0xc3, 00, 0x81,
  00, 0x82, 00, 0x81, 00, 0x81, 00, 0x61, 00, 0x81, 00, 0x61,
  00, 0x41, 00, 0x61, 00, 0x82, 00, 0x81, 00, 0x82, 00, 0x81,
  00, 0x81, 00, 0x81, 00, 0x82, 00, 0x81, 00, 0x82, 00, 0xa2,
  00, 0x82, 00, 0x81, 00, 0x82, 00, 0x82, 00, 0x81, 0x08, 0xc2,
  00, 0x82, 00, 0x81, 00, 0x81, 00, 0x61, 00, 0x82, 00, 0x81,
  00, 0x82, 0x08, 0xa2, 00, 0x82, 00, 0x62, 00, 0x82, 00, 0xa2,
  00, 0x82, 00, 0x61, 00, 0x82, 00, 0x82, 00, 0x83, 00, 0x62,
  00, 0x81, 00, 0x61, 00, 0x82, 00, 0x81, 00, 0x81, 0x08, 0xc2,
  00, 0x82, 00, 0xa2, 00, 0x82, 00, 0xa2, 00, 0x82, 00, 0xa2,
  00, 0x82, 00, 0xa2, 00, 0x82, 00, 0xa2, 00, 0x82, 00, 0xa2,
  00, 0xc2, 00, 0xa2, 00, 0xc2, 0x08, 0xc2, 00, 0xc2, 00, 0xa2,
  00, 0xc2, 00, 0xa2, 00, 0x82, 0x08, 0x82, 00, 0x81, 00, 0xa2,
  00, 0x82, 00, 0xa2, 00, 0x82, 00, 0xa2, 00, 0xc2, 00, 0xa2,
  00, 0xc3, 00, 0x81, 00, 0x82, 00, 0x82, 00, 0x81, 00, 0xa2,
  00, 0x81, 00, 0xa2, 00, 0x82, 00, 0xa2, 00, 0xc2, 00, 0xa2,
  00, 0x82, 0x08, 0xa2, 00, 0x83, 00, 0x62, 00, 0x81, 00, 0x61,
  00, 0x82, 00, 0x81, 00, 0x82, 0x10, 0xc2, 00, 0x82, 00, 0x81,
  00, 0x81, 00, 0x61, 00, 0x41, 0x08, 0x61, 00, 0x82, 00, 0x40,
  00, 0x41, 00, 0x41, 00, 0x41, 00, 0x41, 00, 0x41, 00, 0x41,
  00, 0x41, 00, 0x41, 00, 0x41, 00, 0x41, 00, 0x41, 00, 0x41,
  00, 0x41, 00, 0x41, 00, 0x41, 00, 0x41, 00, 0x41, 00, 00,
  0x10, 0xc3, 0x18, 0xc2, 00, 00, 0x08, 0x21, 00, 0x41, 00, 0x41,
  00, 0x41, 00, 0x41, 00, 0x41, 00, 0x40, 00, 0x41, 00, 0x41,
  00, 0x41, 0x08, 0x61, 00, 0x41, 0x08, 0x61, 00, 0x41, 00, 0x21,
  00, 0x41, 00, 0x21, 00, 0x41, 00, 0x41, 00, 0x41, 00, 0x40,
  00, 0x41, 00, 0x40, 00, 0x01, 00, 0x21, 00, 0x01, 00, 0x21,
  00, 0x01, 00, 00, 00, 0x01, 00, 0x21, 00, 00, 00, 00,
  00, 00, 0x08, 0x21, 00, 0x41, 00, 00, 00, 00, 00, 00,
  0x08, 0x40, 00, 00, 00, 00, 00, 0x01, 0x08, 0x40, 00, 00,
  00, 00, 00, 00, 0x08, 0x40, 00, 00, 0x08, 0x20, 00, 0x20,
  0x08, 0x40, 00, 00, 0x08, 0x40, 00, 00, 0x08, 0x40, 00, 00,
  0x08, 0x40, 00, 0x20, 0x18, 0x82, 0x08, 0x41, 0x08, 0x40, 00, 0x20,
  0x08, 0x40, 00, 0x20, 0x08, 0x40, 00, 0x20, 0x08, 0x40, 00, 00,
  0x08, 0x40, 00, 0x20, 00, 0x40, 00, 0x40, 0x08, 0x40, 00, 00,
  00, 0x40, 00, 0x40, 0x08, 0x40, 00, 0x40, 00, 0x40, 00, 0x41,
  00, 0x40, 00, 0x40, 0x08, 0x80, 00, 0x40, 00, 0x40, 00, 0x40,
  00, 0x40, 00, 0x41, 0x08, 0x40, 00, 0x20, 0x08, 0x41, 00, 0x41,
  00, 0x40, 00, 0x40, 0x08, 0x61, 00, 0x41, 0x08, 0x80, 00, 0x60,
  0x08, 0x81, 00, 0x41, 0x18, 0xc1, 0x08, 0x81, 00, 0x81, 00, 0x82,
  0x08, 0x81, 00, 0x82, 0x08, 0xa2, 00, 0x61, 0x08, 0x81, 00, 0x61,
  0x08, 0x81, 00, 0x41, 00, 0x81, 00, 0x82, 0x08, 0xc1, 00, 0xa1,
  00, 0x81, 00, 0x82, 0x08, 0xc1, 00, 0xa1, 00, 0x81, 00, 0x82,
  0x08, 0xc1, 00, 0xa1, 00, 0x81, 00, 0x82, 0x08, 0xa2, 00, 0xa2,
  0x08, 0xc1, 00, 0xa1, 0x08, 0xc1, 00, 0xa1, 0x08, 0x81, 00, 0x61,
  0x08, 0x82, 00, 0x82, 0x08, 0xa1, 00, 0x61, 0x08, 0xc1, 00, 0xa1,
  0x08, 0x81, 00, 0x81, 0x08, 0xc1, 00, 0xa1, 0x08, 0x81, 00, 0x61,
  0x08, 0xc2, 00, 0x81, 00, 0x81, 00, 0x82, 0x10, 0xa2, 00, 0x61,
  0x08, 0x81, 00, 0x61, 0x08, 0xc1, 00, 0xa1, 0x08, 0x81, 00, 0x81,
  0x08, 0xc1, 00, 0xa1, 0x08, 0xa2, 00, 0xa2, 0x08, 0xc2, 00, 0xc2,
  0x08, 0xc1, 00, 0xa1, 0x08, 0xc1, 00, 0xa1, 0x08, 0xc1, 00, 0xa1,
  0x08, 0xc1, 00, 0xc2, 0x08, 0xa2, 00, 0xa2, 0x08, 0xc1, 00, 0xa1,
  0x08, 0xc1, 00, 0xa1, 0x08, 0xc1, 00, 0xa1, 00, 0x81, 00, 0x82,
  0x08, 0xc1, 00, 0xa1, 0x08, 0xa2, 00, 0xa2, 0x11, 0x03, 00, 0xc2,
  0x08, 0xc1, 00, 0xa1, 0x08, 0xc2, 00, 0xa2, 0x08, 0xc1, 00, 0xa1,
  0x08, 0xc1, 00, 0xc2, 0x08, 0xc1, 00, 0xa1, 0x08, 0xc1, 00, 0xa1,
  00, 0x81, 00, 0x82, 0x08, 0x81, 00, 0x81, 0x08, 0x81, 00, 0x61,
  0x08, 0x81, 00, 0x81, 0x08, 0x61, 00, 0x61, 0x08, 0x81, 00, 0x81,
  0x08, 0x81, 00, 0x41, 0x08, 0x81, 00, 0x41, 0x08, 0x61, 00, 0x61,
  0x08, 0x61, 00, 0x41, 0x08, 0x61, 00, 0x61, 00, 0x40, 00, 0x40,
  0x08, 0x40, 00, 0x40, 0x08, 0x61, 00, 0x41, 00, 0x40, 00, 0x40,
  00, 0x40, 00, 0x40, 0x08, 0x40, 00, 0x20, 0x08, 0x40, 00, 00,
  0x08, 0x40, 00, 0x41, 00, 0x40, 00, 0x40, 0x08, 0x40, 00, 0x20,
  00, 0x40, 00, 0x41, 0x08, 0x40, 00, 0x20, 0x08, 0x41, 00, 0x41,
  0x08, 0x40, 00, 0x20, 0x08, 0x40, 00, 0x61, 0x08, 0x40, 00, 00,
  0x08, 0x61, 00, 0x41, 0x08, 0x40, 00, 00, 0x08, 0x40, 00, 0x41,
  0x08, 0x40, 00, 0x20, 0x08, 0x40, 00, 00, 0x08, 0x40, 00, 0x20,
  0x08, 0x40, 00, 00, 0x08, 0x40, 00, 0x20, 0x08, 0x40, 00, 00,
  0x08, 0x40, 00, 0x20, 0x08, 0x40, 00, 0x20, 0x08, 0x40, 00, 00,
  00, 00, 00, 00, 00, 00, 00, 00, 00, 00, 00, 00,
  00, 00, 00, 00, 00, 00, 00, 00, 00, 00, 00, 00,
  00, 0x01, 00, 0x21, 00, 00, 00, 00, 00, 0x01, 00, 0x21,
  00, 00, 00, 0x20, 00, 0x01, 00, 0x21, 00, 00, 0x08, 0x21,
  00, 0x41, 00, 0x41, 00, 0x01, 00, 0x21, 00, 0x41, 00, 0x41,
  00, 0x41, 00, 0x40, 00, 0x41, 00, 0x41, 00, 0x41, 00, 0x40,
  00, 0x41, 00, 0x41, 00, 0x41, 00, 0x41, 00, 0x41, 00, 0x41,
  00, 0x41, 00, 0x41, 00, 0x41, 0x08, 0x61, 00, 0x41, 00, 0x41,
  00, 0x41, 00, 0x41, 00, 0x41, 00, 0x40, 00, 0x41, 00, 0x41,
  00, 0x41, 00, 0x41, 00, 0x41, 00, 0x41, 00, 0x41, 00, 0x41,
  00, 0x41, 00, 0x61, 00, 0x41, 0x08, 0x61, 00, 0x82, 00, 0x81,
  00, 0x81, 00, 0x81, 00, 0x82, 00, 0x81, 00, 0x82, 00, 0x61,
  00, 0x82, 00, 0x81, 00, 0x81, 00, 0x61, 00, 0x82, 00, 0x81,
  00, 0x82, 00, 0x82, 00, 0x82, 0x08, 0xa2, 00, 0x82, 00, 0x81,
  00, 0x82, 0x08, 0xa2, 00, 0x82, 00, 0x62, 00, 0xc2, 00, 0xc2,
  00, 0x81, 00, 0x61, 00, 0x82, 00, 0x81, 00, 0x41, 00, 0x61,
  00, 0x81, 0x08, 0xc2, 00, 0x82, 00, 0x81, 0x08, 0xc3, 00, 0x61,
  00, 0x81, 00, 0x61, 00, 0x82, 00, 0x82, 00, 0x81, 00, 0x61,
  00, 0x82, 00, 0x81, 00, 0x82, 00, 0x81, 00, 0x82, 00, 0x82,
  00, 0x81, 00, 0x61, 00, 0x82, 00, 0x81, 00, 0x81, 00, 0x81,
  00, 0x81, 00, 0xa2, 00, 0x81, 00, 0xa2, 00, 0xc2, 00, 0xa2,
  00, 0xc2, 00, 0xa2, 00, 0x81, 00, 0xa2, 00, 0x82, 00, 0xa2,
  00, 0xc2, 00, 0xa2, 00, 0x82, 00, 0xa2, 00, 0xc2, 00, 0xa2,
  00, 0x82, 00, 0xa2, 00, 0x82, 00, 0x82, 00, 0x81, 00, 0xa2,
  00, 0x82, 00, 0x82, 00, 0x82, 00, 0x82, 00, 0x82, 00, 0xa2,
  00, 0x82, 0x08, 0xa2, 00, 0xc2, 00, 0xa2, 00, 0xc2, 00, 0xc2,
  00, 0x82, 00, 0x61, 00, 0x81, 00, 0x61, 00, 0x82, 00, 0x82,
  00, 0x82, 00, 0x61, 00, 0x81, 0x08, 0xc2, 00, 0x81, 00, 0x61,
  00, 0x41, 00, 0x61, 00, 0x41, 00, 0x61, 00, 0x42, 00, 0x62,
  00, 0x41, 00, 0x41, 00, 0x41, 00, 0x61, 00, 0x41, 00, 0x61,
  00, 0x41, 00, 0x41, 00, 0x41, 00, 0x41, 00, 0x41, 0x10, 0x62,
  00, 0x41, 00, 0x41, 00, 0x41, 00, 0x21, 00, 0x41, 00, 0x41,
  00, 0x41, 00, 0x41, 00, 0x41, 00, 0x41, 00, 0x41, 00, 0x41,
  00, 0x41, 00, 0x40, 00, 0x41, 00, 0x41, 00, 0x41, 00, 0x40,
  00, 0x41, 00, 0x41, 00, 0x41, 00, 0x40, 00, 0x41, 00, 0x41,
  00, 0x41, 00, 0x41, 00, 0x41, 00, 0x41, 00, 0x41, 00, 0x41,
  00, 0x41, 00, 0x41, 00, 0x41, 00, 0x41, 00, 0x41, 00, 00,
  00, 0x01, 00, 0x21, 00, 0x01, 00, 0x21, 00, 00, 00, 00,
  00, 0x01, 00, 0x21, 00, 00, 00, 00, 00, 0x01, 00, 0x21,
  00, 00, 00, 00, 00, 0x01, 00, 0x21, 00, 00, 00, 00,
  00, 00, 00, 00, 0x08, 0x40, 00, 00, 00, 00, 00, 0x01,
  0x08, 0x40, 00, 00, 0x08, 0x40, 00, 00, 0x08, 0x40, 00, 00,
  0x08, 0x40, 00, 00, 0x08, 0x40, 00, 00, 0x08, 0x40, 00, 0x20,
  0x08, 0x40, 00, 00, 0x08, 0x40, 00, 00, 0x08, 0x20, 00, 00,
  0x08, 0x40, 00, 00, 0x08, 0x40, 00, 00, 0x08, 0x40, 00, 00,
  0x08, 0x40, 00, 0x40, 0x08, 0x40, 00, 0x20, 0x08, 0x40, 00, 0x20,
  0x08, 0x40, 00, 00, 0x08, 0x40, 00, 0x40, 0x08, 0x40, 00, 0x20,
  00, 0x40, 00, 0x41, 0x08, 0x61, 00, 0x41, 0x08, 0x61, 00, 0x20,
  0x08, 0x40, 00, 0x20, 0x08, 0x41, 00, 0x41, 00, 0x40, 00, 0x41,
  0x08, 0x61, 00, 0x61, 0x08, 0x61, 00, 0x41, 0x08, 0x61, 00, 0x41,
  0x08, 0x61, 00, 0x41, 0x08, 0xc1, 00, 0xa1, 0x08, 0x81, 00, 0x41,
  0x08, 0x81, 00, 0x41, 0x08, 0x61, 00, 0x61, 0x10, 0xa2, 00, 0x41,
  0x08, 0x81, 00, 0x61, 0x08, 0x81, 00, 0x41, 0x08, 0x81, 00, 0x61,
  0x08, 0x81, 00, 0x81, 0x08, 0xc1, 00, 0xa1, 0x08, 0xc1, 00, 0xa1,
  0x08, 0xc1, 00, 0xa1, 0x08, 0xc1, 00, 0xa1, 0x08, 0xc2, 00, 0x81,
  0x08, 0xc1, 00, 0xa1, 0x08, 0x81, 00, 0x61, 00, 0x81, 00, 0x82,
  00, 0x81, 00, 0x82, 0x08, 0xc1, 00, 0xa1, 0x08, 0x81, 00, 0x81,
  0x08, 0x81, 00, 0x81, 0x08, 0x81, 00, 0x81, 0x08, 0xc1, 00, 0xa1,
  0x08, 0xc1, 00, 0xa1, 0x08, 0x81, 00, 0x41, 0x08, 0xa2, 00, 0x61,
  0x08, 0x81, 00, 0x61, 00, 0x81, 00, 0x82, 00, 0x81, 00, 0x82,
  0x08, 0xc1, 00, 0xa1, 0x08, 0xc1, 00, 0xa1, 0x08, 0xc1, 00, 0xa1,
  0x08, 0xc1, 00, 0xa1, 0x21, 0x44, 00, 0x81, 0x08, 0xc1, 00, 0xa1,
  0x08, 0xc1, 00, 0xa1, 0x08, 0xc1, 00, 0xa1, 0x08, 0xa2, 00, 0x82,
  0x08, 0xc2, 00, 0x82, 0x08, 0xc1, 00, 0xa1, 0x08, 0xc1, 00, 0xa1,
  0x08, 0xc1, 00, 0xa1, 0x08, 0xc1, 00, 0xa1, 00, 0x81, 00, 0x82,
  0x08, 0xc2, 00, 0xa2, 0x08, 0xa2, 00, 0xa2, 0x08, 0xc2, 00, 0xc2,
  0x08, 0xc1, 00, 0xa1, 0x08, 0xc1, 00, 0xa1, 0x08, 0x81, 00, 0x81,
  0x08, 0xc1, 00, 0xa1, 00, 0x81, 00, 0x82, 0x08, 0xa2, 00, 0x61,
  0x08, 0x81, 00, 0x41, 0x08, 0x81, 00, 0x41, 0x08, 0x81, 00, 0x61,
  0x08, 0x81, 00, 0x61, 0x08, 0x61, 00, 0x41, 0x08, 0x61, 00, 0x61,
  0x08, 0x61, 00, 0x61, 0x08, 0x61, 00, 0x41, 0x08, 0x61, 00, 0x61,
  00, 0x40, 00, 0x40, 0x08, 0x61, 00, 0x41, 0x08, 0x41, 00, 0x41,
  00, 0x40, 00, 0x40, 0x08, 0x40, 00, 00, 0x08, 0x40, 00, 0x20,
  0x08, 0x40, 00, 00, 0x08, 0x40, 00, 0x20, 0x08, 0x40, 00, 0x20,
  0x08, 0x40, 00, 0x40, 00, 0x40, 00, 0x40, 00, 0x40, 00, 0x40,
  00, 0x40, 00, 0x41, 0x08, 0x80, 00, 0x40, 0x08, 0x40, 00, 00,
  0x08, 0x40, 00, 0x40, 0x08, 0x40, 00, 00, 0x18, 0x80, 0x39, 0xa5,
  0x08, 0x40, 00, 00, 0x08, 0x40, 00, 00, 0x08, 0x40, 00, 00,
  0x08, 0x40, 00, 00, 0x08, 0x20, 00, 0x20, 0x10, 0x81, 00, 00,
  0x08, 0x40, 00, 00, 0x08, 0x40, 00, 00, 0x08, 0x40, 00, 00,
  00, 00, 00, 00, 00, 00, 0x08, 0x21, 00, 00, 00, 00,
  00, 0x01, 00, 00, 00, 0x40, 0x08, 0x20, 00, 0x01, 00, 00,
  00, 00, 00, 00, 00, 00, 00, 0x20, 00, 00, 00, 00,
  00, 0x01, 00, 0x21, 00, 0x41, 00, 0x40, 00, 0x01, 00, 0x21,
  00, 0x01, 00, 0x21, 00, 00, 0x08, 0x21, 00, 0x41, 00, 0x40,
  00, 0x41, 00, 0x21, 00, 0x41, 00, 0x40, 00, 0x41, 00, 0x41,
  00, 0x41, 00, 0x41, 00, 0x41, 00, 0x21, 00, 0x41, 00, 0x41,
  00, 0x41, 00, 0x41, 00, 0x41, 00, 0x41, 00, 0x41, 00, 0x41,
  00, 0x41, 00, 0x40, 00, 0x41, 00, 0x41, 00, 0x41, 0x08, 0x61,
  00, 0x41, 00, 0x41, 00, 0x41, 00, 0x41, 00, 0x41, 00, 0x61,
  00, 0x41, 00, 0x41, 00, 0x81, 00, 0x61, 00, 0x41, 00, 0x61,
  00, 0x41, 00, 0x61, 00, 0x41, 00, 0x41, 00, 0x41, 00, 0x61,
  00, 0x41, 00, 0x61, 00, 0x81, 00, 0x61, 00, 0x41, 00, 0x61,
  00, 0x82, 00, 0x81, 00, 0x81, 00, 0xa2, 00, 0xc3, 00, 0x81,
  00, 0x82, 00, 0x81, 00, 0x82, 00, 0x81, 00, 0x82, 00, 0x82,
  00, 0x82, 00, 0x81, 00, 0x41, 00, 0x61, 00, 0x81, 00, 0x61,
  00, 0x42, 00, 0x62, 00, 0x82, 00, 0x81, 00, 0x82, 00, 0x82,
  00, 0x82, 00, 0x81, 00, 0x82, 00, 0x62, 00, 0x81, 0x08, 0xc2,
  00, 0x81, 00, 0x61, 00, 0x81, 00, 0x61, 00, 0x81, 00, 0x61,
  00, 0x81, 00, 0x61, 00, 0x82, 00, 0x81, 00, 0x82, 00, 0x81,
  00, 0xc2, 00, 0xa2, 00, 0x82, 00, 0xa2, 00, 0x82, 00, 0x82,
  00, 0x81, 00, 0x61, 0x31, 0xe6, 0x10, 0xa1, 00, 0x82, 00, 0x82,
  00, 0x82, 00, 0x82, 00, 0x82, 00, 0x82, 00, 0x82, 00, 0xa2,
  00, 0xc2, 00, 0xa2, 00, 0x82, 00, 0x82, 00, 0x82, 00, 0x82,
  00, 0x82, 00, 0x81, 00, 0x82, 00, 0x82, 00, 0x81, 00, 0x61,
  00, 0x82, 00, 0xa2, 00, 0x82, 0x08, 0xa2, 00, 0xc2, 00, 0xa2,
  00, 0x82, 00, 0x61, 00, 0x82, 00, 0x82, 00, 0x82, 00, 0x81,
  00, 0x82, 00, 0x81, 00, 0x81, 00, 0x61, 00, 0x81, 00, 0x61,
  00, 0x81, 00, 0x61, 00, 0x41, 00, 0x61, 00, 0x41, 00, 0x41,
  00, 0x41, 00, 0x41, 00, 0x41, 00, 0x61, 00, 0x41, 00, 0x61,
  00, 0x41, 00, 0x41, 00, 0x41, 00, 0x41, 00, 0x41, 00, 0x41,
  00, 0x41, 00, 0x21, 00, 0x41, 0x08, 0x41, 00, 0x41, 0x08, 0x61,
  00, 0x41, 00, 0x41, 00, 0x41, 00, 0x40, 00, 0x41, 00, 0x41,
  00, 0x41, 00, 0x41, 00, 0x41, 00, 0x40, 00, 0x41, 00, 0x41,
  00, 0x41, 00, 0x41, 00, 0x41, 00, 0x21, 00, 0x41, 00, 0x41,
  00, 0x41, 00, 0x41, 00, 0x41, 00, 0x41, 00, 0x41, 00, 0x41,
  00, 0x41, 00, 0x40, 00, 0x41, 00, 0x20, 0x10, 0x61, 0x39, 0x85,
  00, 0x41, 0x08, 0x40, 00, 00, 00, 00, 00, 00, 00, 00,
  00, 00, 0x08, 0x21, 00, 00, 0x08, 0x21, 00, 00, 00, 00,
  00, 0x01, 00, 0x21, 00, 00, 00, 00, 00, 00, 00, 00,
  0x08, 0x40, 00, 00, 0x08, 0x40, 00, 0x20, 0x08, 0x40, 00, 00,
  00, 00, 00, 0x01, 0x08, 0x40, 00, 0x41, 0x08, 0x40, 00, 00,
  0x08, 0x40, 00, 00, 0x08, 0x40, 00, 0x20, 0x08, 0x40, 00, 00,
  0x08, 0x40, 00, 0x20, 0x08, 0x40, 00, 00, 0x08, 0x40, 00, 0x20,
  0x08, 0x40, 00, 00, 0x08, 0x40, 00, 0x20, 0x08, 0x40, 00, 00,
  0x08, 0x40, 00, 0x20, 0x08, 0x40, 00, 00, 00, 0x40, 00, 0x40,
  0x08, 0x61, 00, 0x41, 0x08, 0x40, 00, 0x40, 0x08, 0x81, 00, 0x41,
  00, 0x40, 00, 0x40, 0x08, 0x61, 00, 0x61, 00, 0x40, 00, 0x40,
  0x08, 0x40, 00, 0x40, 0x08, 0x40, 00, 0x40, 0x08, 0x61, 00, 0x41,
  0x08, 0x81, 00, 0x41, 0x10, 0xa2, 00, 0x41, 0x08, 0x61, 00, 0x41,
  0x08, 0x61, 00, 0x41, 0x08, 0x80, 00, 0x60, 0x08, 0x61, 00, 0x41,
  0x08, 0x61, 00, 0x61, 0x08, 0x61, 00, 0x41, 0x08, 0x61, 00, 0x41,
  0x08, 0x81, 0x08, 0x81, 0x08, 0x81, 00, 0x61, 0x08, 0x81, 00, 0x41,
  0x08, 0x61, 00, 0x61, 0x08, 0x81, 00, 0x81, 0x08, 0x61, 0x08, 0x82,
  0x08, 0xc2, 00, 0x81, 00, 0x81, 00, 0x82, 0x08, 0xc1, 00, 0xa1,
  0x08, 0x81, 00, 0x61, 0x08, 0x81, 00, 0x41, 0x08, 0x61, 00, 0x61,
  0x08, 0x81, 00, 0x81, 0x08, 0xa1, 00, 0x61, 0x08, 0xc1, 00, 0xa1,
  0x08, 0x81, 00, 0x61, 00, 0x81, 00, 0x81, 0x08, 0x81, 00, 0x81,
  0x08, 0x81, 00, 0x41, 0x08, 0x81, 00, 0x61, 0x08, 0x81, 00, 0x81,
  0x08, 0x81, 00, 0x61, 0x08, 0x81, 00, 0x41, 0x08, 0x81, 00, 0x61,
  0x08, 0x81, 00, 0x81, 0x08, 0xc1, 00, 0xa1, 00, 0x81, 00, 0x82,
  00, 0x81, 00, 0x82, 00, 0x81, 00, 0x81, 0x08, 0xc1, 00, 0xa1,
  0x08, 0xc1, 00, 0xa1, 0x08, 0xc1, 00, 0xa1, 0x08, 0xc1, 00, 0xc2,
  0x08, 0xa2, 00, 0x82, 0x08, 0xc1, 00, 0xa1, 0x08, 0xc1, 00, 0xa1,
  0x08, 0xc2, 00, 0xa2, 0x08, 0xc1, 00, 0xa1, 0x08, 0xc1, 00, 0xa1,
  0x08, 0x81, 00, 0x81, 0x08, 0xc1, 00, 0xa1, 0x08, 0xc2, 00, 0xa2,
  0x08, 0xc1, 00, 0xa1, 00, 0x81, 00, 0x82, 0x08, 0xa2, 00, 0x61,
  00, 0x81, 00, 0x82, 0x08, 0x81, 00, 0x81, 0x08, 0x81, 00, 0x61,
  0x08, 0x81, 00, 0x41, 0x08, 0x80, 00, 0x60, 0x08, 0x61, 00, 0x41,
  00, 0x40, 00, 0x41, 0x08, 0x81, 00, 0x81, 0x08, 0x81, 00, 0x61,
  0x08, 0x81, 00, 0x41, 0x08, 0x80, 00, 0x40, 0x08, 0x41, 00, 0x41,
  00, 0x40, 00, 0x41, 0x08, 0x80, 00, 0x40, 00, 0x40, 00, 0x40,
  0x08, 0x40, 00, 0x41, 0x08, 0x40, 00, 0x20, 0x08, 0x40, 00, 00,
  0x08, 0x40, 00, 0x20, 0x08, 0x40, 00, 0x40, 0x08, 0x40, 00, 00,
  0x08, 0x40, 00, 0x40, 0x08, 0x40, 00, 0x40, 0x08, 0x40, 00, 0x61,
  0x08, 0x61, 00, 0x41, 00, 0x40, 00, 0x40, 0x08, 0x40, 00, 0x20,
  0x08, 0x40, 00, 0x40, 00, 0x40, 00, 0x40, 0x08, 0x40, 00, 0x20,
  0x08, 0x40, 00, 00, 0x08, 0x40, 00, 00, 0x08, 0x40, 00, 00,
  0x08, 0x40, 00, 0x20, 0x08, 0x40, 00, 0x20, 0x08, 0x40, 00, 00,
  0x08, 0x40, 00, 0x20, 0x08, 0x40, 00, 00, 0x08, 0x40, 00, 0x20,
  00, 00, 00, 00, 00, 00, 00, 00, 00, 00, 00, 00,
  00, 00, 00, 00, 00, 00, 0x08, 0x21, 00, 00, 0x08, 0x21,
  00, 0x42, 00, 0x21, 00, 00, 00, 00, 00, 00, 0x08, 0x21,
  00, 0x01, 00, 0x21, 00, 0x41, 00, 0x41, 00, 00, 00, 00,
  00, 0x01, 00, 0x21, 00, 00, 0x08, 0x21, 00, 0x41, 00, 0x21,
  00, 0x01, 00, 0x21, 00, 0x41, 00, 0x41, 00, 0x41, 00, 0x41,
  00, 0x41, 00, 0x41, 00, 0x42, 00, 0x21, 00, 0x41, 00, 0x61,
  00, 0x41, 00, 0x41, 00, 0x41, 0x08, 0x61, 00, 0x41, 00, 0x41,
  00, 0x41, 00, 0x41, 00, 0x41, 00, 0x21, 00, 0x41, 00, 0x41,
  00, 0x41, 00, 0x61, 00, 0x81, 00, 0x81, 00, 0x41, 00, 0x41,
  00, 0x41, 0x08, 0x61, 00, 0x41, 00, 0x41, 00, 0x81, 00, 0x61,
  00, 0x41, 00, 0x61, 00, 0x41, 00, 0x61, 00, 0x41, 00, 0x41,
  00, 0x82, 0x08, 0x81, 00, 0x82, 00, 0x61, 00, 0x81, 00, 0x61,
  00, 0x41, 00, 0x61, 00, 0x82, 00, 0x81, 00, 0x41, 00, 0x61,
  00, 0x82, 0x08, 0xa2, 00, 0x82, 00, 0x81, 00, 0x82, 00, 0x82,
  00, 0x41, 00, 0x61, 00, 0x82, 00, 0x61, 00, 0x41, 00, 0x61,
  00, 0x82, 00, 0x81, 00, 0x41, 00, 0x61, 00, 0x81, 0x08, 0xc2,
  00, 0x81, 0x19, 0x02, 0x5a, 0xc9, 0x20, 0xa1, 00, 0x81, 00, 0x81,
  00, 0x81, 00, 0x61, 00, 0x82, 00, 0x81, 00, 0x81, 00, 0x61,
  00, 0x41, 00, 0x61, 00, 0x81, 00, 0x61, 00, 0x81, 00, 0x61,
  00, 0x81, 00, 0xa2, 00, 0x82, 00, 0x82, 00, 0x82, 00, 0x82,
  00, 0x82, 00, 0x81, 00, 0xa2, 00, 0xa2, 00, 0x82, 00, 0xa2,
  00, 0xc2, 00, 0xa2, 00, 0x82, 00, 0x82, 00, 0x82, 00, 0xa2,
  00, 0xc2, 00, 0xc2, 00, 0xc2, 0x08, 0xc2, 00, 0x82, 00, 0x82,
  00, 0x82, 0x08, 0xa2, 00, 0x82, 00, 0x82, 00, 0x82, 00, 0x81,
  00, 0x81, 00, 0x61, 00, 0x82, 00, 0xa2, 00, 0x81, 0x08, 0xc2,
  00, 0x82, 00, 0x82, 00, 0x81, 00, 0xa2, 00, 0xc3, 00, 0x81,
  00, 0x81, 00, 0x61, 00, 0x82, 00, 0x81, 00, 0x41, 00, 0x61,
  00, 0x82, 00, 0x81, 00, 0x41, 00, 0x41, 00, 0x41, 00, 0x61,
  00, 0x41, 00, 0x61, 00, 0x81, 00, 0x81, 00, 0x41, 00, 0x41,
  00, 0x41, 0x08, 0x61, 00, 0x41, 00, 0x41, 00, 0x41, 00, 0x41,
  00, 0x41, 00, 0x41, 00, 0x41, 00, 0x21, 00, 0x41, 00, 0x41,
  0x08, 0x82, 0x10, 0x81, 00, 00, 0x08, 0x21, 00, 0x41, 00, 0x41,
  00, 0x01, 00, 0x21, 00, 0x41, 00, 0x41, 00, 0x41, 00, 0x41,
  00, 0x41, 00, 0x41, 00, 0x41, 00, 0x41, 00, 0x41, 00, 0x41,
  00, 0x41, 00, 0x41, 00, 0x41, 00, 0x41, 00, 0x41, 00, 0x41,
  00, 0x41, 00, 0x41, 00, 0x41, 00, 0x41, 00, 0x41, 00, 0x40,
  00, 00, 00, 0x20, 00, 0x41, 00, 0x40, 00, 00, 00, 00,
  00, 0x01, 00, 0x21, 00, 00, 00, 00, 00, 00, 0x08, 0x20,
  00, 00, 00, 00, 00, 0x01, 00, 00, 00, 00, 00, 00,
  0x08, 0x40, 00, 00, 0x08, 0x40, 00, 00, 00, 00, 00, 0x01,
  0x08, 0x40, 00, 00, 0x08, 0x40, 00, 00, 0x08, 0x40, 0x08, 0x41,
  00, 00, 00, 00, 0x08, 0x40, 00, 00, 0x08, 0x40, 00, 00,
  0x08, 0x40, 00, 00, 0x08, 0x40, 00, 0x20, 0x08, 0x40, 00, 00,
  0x08, 0x40, 00, 0x20, 00, 0x40, 00, 0x41, 0x08, 0x40, 00, 00,
  0x08, 0x40, 00, 0x20, 0x08, 0x40, 00, 0x20, 0x08, 0x61, 00, 0x41,
  0x08, 0x61, 00, 0x61, 0x10, 0x81, 00, 0x41, 0x08, 0x61, 00, 0x61,
  0x08, 0x80, 00, 0x40, 00, 0x40, 00, 0x40, 00, 0x40, 00, 0x40,
  0x08, 0x40, 00, 0x40, 0x08, 0x61, 00, 0x41, 00, 0x40, 00, 0x40,
  0x08, 0x61, 00, 0x41, 0x08, 0x61, 00, 0x61, 0x08, 0x61, 00, 0x61,
  0x08, 0x61, 00, 0x41, 0x08, 0x61, 00, 0x61, 0x08, 0x81, 00, 0x61,
  0x08, 0x81, 00, 0x61, 0x08, 0x61, 00, 0x61, 0x08, 0x81, 00, 0x61,
  0x08, 0x61, 00, 0x61, 0x08, 0x81, 00, 0x41, 0x08, 0x81, 00, 0x41,
  0x08, 0x61, 00, 0x41, 0x08, 0x61, 00, 0x61, 0x08, 0x81, 00, 0x81,
  0x08, 0x81, 00, 0x61, 0x08, 0x81, 00, 0x81, 0x08, 0x81, 00, 0x41,
  00, 0x81, 00, 0x82, 0x08, 0x81, 00, 0x61, 0x08, 0x81, 00, 0x41,
  00, 0x81, 00, 0x82, 00, 0x81, 00, 0x82, 0x08, 0xc1, 00, 0xa1,
  0x08, 0x60, 0x10, 0xe2, 0x5a, 0xa8, 0x10, 0x80, 0x08, 0x81, 00, 0x81,
  0x08, 0x81, 00, 0x61, 0x08, 0x81, 00, 0x81, 0x08, 0x81, 00, 0x61,
  0x08, 0x81, 00, 0x61, 0x08, 0x81, 00, 0x61, 0x08, 0x81, 00, 0x61,
  0x08, 0x81, 00, 0x81, 0x08, 0x81, 00, 0x81, 0x08, 0xc1, 00, 0xa1,
  0x08, 0xc1, 00, 0xa1, 0x08, 0xc1, 00, 0xa1, 0x08, 0xc1, 00, 0xa1,
  0x08, 0xc1, 00, 0xa1, 0x08, 0xc1, 00, 0xa1, 0x08, 0xc1, 00, 0xc2,
  0x08, 0xe3, 00, 0xa2, 0x08, 0xc2, 00, 0xa2, 0x11, 0x02, 00, 0xa1,
  0x08, 0xc2, 00, 0xa2, 0x08, 0xc1, 00, 0xa1, 00, 0x81, 00, 0x82,
  00, 0x81, 00, 0x82, 0x08, 0xc1, 00, 0xa1, 0x08, 0x82, 00, 0x82,
  0x08, 0xc2, 00, 0x82, 0x08, 0xc1, 00, 0xa1, 0x08, 0xc1, 00, 0xa1,
  00, 0x81, 00, 0x82, 0x19, 0x03, 00, 0x81, 0x10, 0xa2, 00, 0x61,
  0x08, 0x81, 00, 0x41, 0x08, 0x81, 00, 0x41, 0x08, 0x61, 00, 0x41,
  0x08, 0x81, 00, 0x41, 0x08, 0x81, 00, 0x41, 0x08, 0x61, 0x08, 0xa2,
  0x10, 0xc2, 00, 0x40, 0x08, 0x81, 00, 0x40, 00, 0x40, 00, 0x40,
  0x08, 0x80, 00, 0x40, 0x08, 0x40, 00, 0x40, 0x08, 0x40, 00, 0x40,
  0x08, 0x40, 00, 0x20, 0x08, 0x40, 00, 0x40, 0x08, 0x40, 00, 0x20,
  0x08, 0x40, 00, 0x40, 0x08, 0x40, 00, 0x20, 0x08, 0x41, 00, 0x41,
  0x08, 0x40, 00, 00, 0x08, 0x40, 00, 0x40, 0x08, 0x40, 00, 0x20,
  0x08, 0x40, 00, 00, 00, 0x40, 00, 0x40, 0x08, 0x40, 00, 0x40,
  0x08, 0x40, 00, 0x40, 0x08, 0x40, 00, 0x40, 0x08, 0x40, 00, 0x20,
  0x08, 0x40, 00, 00, 0x08, 0x40, 00, 00, 0x08, 0x40, 00, 00,
  0x08, 0x40, 00, 0x20, 0x08, 0x40, 00, 0x20, 0x08, 0x40, 00, 00,
  0x08, 0x20, 00, 00, 0x08, 0x40, 00, 00, 0x08, 0x40, 00, 0x20,
  00, 00, 00, 00, 00, 00, 00, 00, 00, 00, 00, 00,
  00, 00, 00, 00, 00, 00, 00, 00, 00, 0x41, 0x08, 0x41,
  00, 00, 0x08, 0x20, 00, 0x01, 00, 0x21, 00, 00, 00, 00,
  00, 0x01, 00, 00, 00, 0x01, 00, 00, 00, 0x01, 00, 0x21,
  00, 0x01, 00, 0x21, 00, 0x41, 00, 0x40, 00, 0x41, 00, 0x40,
  00, 0x41, 00, 0x41, 00, 0x01, 00, 0x21, 00, 0x41, 00, 0x41,
  00, 0x41, 00, 0x61, 0x10, 0xa2, 0x08, 0x41, 00, 0x41, 0x08, 0x41,
  00, 0x41, 00, 0x41, 00, 0x41, 00, 0x41, 00, 0x41, 00, 0x41,
  00, 0x41, 00, 0x41, 00, 0x41, 00, 0x41, 00, 0x41, 00, 0x41,
  00, 0x41, 00, 0x41, 00, 0x41, 00, 0x41, 00, 0x41, 00, 0x41,
  00, 0x41, 00, 0x61, 00, 0x41, 00, 0x61, 00, 0x41, 00, 0x20,
  00, 0x81, 00, 0x61, 00, 0x41, 00, 0x41, 00, 0x41, 00, 0x41,
  00, 0x41, 00, 0x41, 00, 0x41, 00, 0x61, 00, 0x41, 00, 0x61,
  00, 0x42, 00, 0x62, 00, 0x41, 00, 0x61, 00, 0x82, 00, 0x81,
  00, 0x81, 00, 0x61, 00, 0x81, 00, 0x61, 00, 0x81, 00, 0x61,
  00, 0x82, 00, 0x81, 00, 0x81, 00, 0x61, 00, 0x82, 00, 0x81,
  00, 0x82, 00, 0x82, 00, 0x82, 00, 0x81, 00, 0x81, 00, 0x61,
  00, 0x81, 00, 0x61, 00, 0x40, 00, 0x61, 00, 0x82, 00, 0x81,
  00, 0x81, 00, 0x61, 00, 0x82, 00, 0x81, 00, 0x81, 00, 0x61,
  00, 0x81, 00, 0x81, 00, 0x81, 00, 0x61, 00, 0x82, 0x08, 0x81,
  00, 0x82, 0x08, 0x81, 00, 0x82, 00, 0x82, 00, 0x81, 00, 0xa2,
  00, 0x81, 00, 0x61, 00, 0x82, 00, 0x82, 00, 0x82, 00, 0xa2,
  00, 0x82, 00, 0x81, 00, 0x82, 00, 0x81, 00, 0x82, 00, 0xa2,
  00, 0xa3, 0x08, 0xc3, 00, 0x81, 00, 0xa2, 00, 0xc3, 00, 0x81,
  00, 0xc2, 00, 0xa2, 00, 0x82, 00, 0xa2, 00, 0x82, 00, 0x81,
  00, 0x82, 00, 0x82, 00, 0x82, 00, 0x81, 00, 0x82, 00, 0x82,
  00, 0xc2, 00, 0xa2, 00, 0x81, 00, 0xa2, 00, 0x82, 00, 0xa2,
  00, 0x82, 0x08, 0xc2, 00, 0x82, 0x08, 0xa2, 00, 0x82, 00, 0x61,
  00, 0x81, 00, 0x61, 00, 0x81, 00, 0x81, 00, 0x41, 00, 0x61,
  00, 0x81, 00, 0x81, 00, 0x82, 00, 0x40, 00, 0x41, 0x08, 0x61,
  00, 0x41, 00, 0x21, 00, 0x41, 00, 0x41, 00, 0x41, 00, 0x41,
  00, 0x41, 00, 0x41, 00, 0x41, 00, 0x41, 00, 0x41, 00, 0x41,
  00, 0x41, 00, 0x41, 00, 0x41, 00, 0x41, 00, 0x41, 00, 0x41,
  00, 0x41, 00, 0x41, 00, 0x41, 00, 0x41, 00, 0x41, 00, 0x41,
  00, 0x42, 00, 0x21, 00, 0x41, 00, 0x41, 00, 0x41, 00, 0x41,
  00, 0x41, 00, 0x41, 00, 0x41, 00, 0x40, 00, 0x41, 00, 0x41,
  00, 0x41, 00, 0x41, 00, 0x41, 00, 0x41, 00, 0x41, 00, 0x40,
  00, 0x01, 00, 0x21, 00, 0x41, 0x08, 0x41, 00, 0x01, 00, 0x21,
  00, 0x01, 00, 00, 00, 0x01, 00, 00, 00, 00, 00, 0x20,
  00, 0x01, 00, 00, 00, 00, 00, 00, 00, 00, 00, 00,
  0x08, 0x40, 00, 00, 0x08, 00, 00, 00, 0x08, 0x40, 00, 00,
  0x08, 0x40, 00, 00, 0x08, 0x40, 00, 00, 00, 00, 00, 0x01,
  0x08, 0x20, 00, 00, 0x08, 0x40, 00, 0x20, 0x08, 0x40, 00, 00,
  0x08, 0x40, 00, 0x20, 0x08, 0x40, 00, 00, 0x08, 0x40, 00, 0x20,
  0x08, 0x40, 00, 00, 0x08, 0x40, 00, 0x20, 0x08, 0x40, 00, 0x40,
  0x08, 0x40, 00, 0x20, 0x08, 0x41, 00, 0x41, 0x08, 0x40, 00, 0x20,
  0x10, 0x80, 0x08, 0x81, 0x20, 0xc2, 0x08, 0x41, 0x10, 0xc2, 00, 0x41,
  0x08, 0x61, 00, 0x61, 0x08, 0x41, 00, 0x41, 00, 0x40, 00, 0x40,
  0x08, 0x61, 00, 0x41, 0x08, 0x40, 00, 0x20, 00, 0x40, 00, 0x41,
  00, 0x40, 00, 0x40, 0x08, 0x61, 00, 0x41, 0x08, 0x40, 00, 0x40,
  0x08, 0x41, 00, 0x41, 0x08, 0x61, 00, 0x41, 0x18, 0xa1, 0x29, 0x64,
  00, 0x40, 00, 0x41, 0x08, 0x61, 00, 0x61, 0x08, 0x81, 00, 0x41,
  0x08, 0x81, 00, 0x41, 0x08, 0x61, 00, 0x61, 0x08, 0x81, 00, 0x41,
  0x08, 0x61, 00, 0x41, 0x10, 0xa2, 00, 0x41, 0x08, 0x81, 00, 0x41,
  0x08, 0x81, 00, 0x41, 0x08, 0x81, 00, 0x61, 0x08, 0x81, 00, 0x81,
  0x08, 0xa2, 00, 0x61, 0x08, 0x81, 00, 0x41, 00, 0x81, 00, 0x82,
  0x08, 0xc1, 00, 0xa1, 0x08, 0x81, 00, 0x61, 0x08, 0x81, 00, 0x81,
  00, 0x81, 00, 0x82, 0x08, 0xa2, 00, 0x61, 0x08, 0x81, 00, 0x61,
  0x08, 0x81, 00, 0x81, 0x08, 0x81, 00, 0x41, 0x08, 0x81, 00, 0x81,
  0x08, 0x61, 00, 0x41, 0x08, 0xa2, 00, 0x61, 0x08, 0x81, 00, 0x81,
  0x08, 0x81, 00, 0x81, 00, 0x81, 00, 0x82, 0x08, 0xc2, 00, 0xa2,
  0x08, 0x81, 00, 0x61, 0x08, 0x81, 00, 0x81, 00, 0x81, 00, 0x82,
  0x08, 0xc2, 00, 0xa2, 0x08, 0xc1, 00, 0xa1, 0x08, 0xc2, 00, 0xa2,
  0x08, 0xa1, 0x08, 0xe2, 0x08, 0xc2, 00, 0xa2, 0x08, 0xc1, 00, 0xa1,
  0x08, 0xc1, 00, 0xa1, 0x08, 0xc1, 00, 0xa1, 0x08, 0xc1, 00, 0xa1,
  00, 0x81, 00, 0x82, 0x08, 0x81, 00, 0x81, 0x08, 0xc1, 00, 0xa1,
  0x08, 0xc1, 00, 0xa1, 0x39, 0xe5, 0x08, 0xc1, 0x08, 0xc1, 00, 0xa1,
  0x08, 0xa2, 00, 0xa2, 0x08, 0xc2, 00, 0xc2, 0x08, 0xc1, 00, 0xa1,
  0x08, 0xa2, 00, 0x61, 0x08, 0x81, 00, 0x61, 0x08, 0x81, 00, 0x41,
  0x08, 0x81, 00, 0x41, 0x08, 0x81, 00, 0x41, 0x08, 0x61, 00, 0x41,
  0x08, 0x61, 00, 0x61, 00, 0x40, 00, 0x40, 0x08, 0x61, 00, 0x41,
  0x08, 0x40, 00, 0x20, 0x08, 0x40, 00, 0x40, 00, 0x40, 00, 0x40,
  0x08, 0x80, 00, 0x40, 0x08, 0x40, 00, 0x20, 0x08, 0x40, 00, 0x40,
  0x08, 0x40, 00, 0x20, 0x08, 0x40, 00, 0x40, 0x08, 0x40, 00, 0x40,
  00, 0x40, 00, 0x40, 0x08, 0x40, 00, 0x20, 0x08, 0x40, 00, 0x40,
  0x08, 0x40, 00, 0x20, 0x08, 0x41, 00, 0x41, 0x08, 0x40, 00, 0x41,
  0x08, 0x61, 00, 0x41, 0x08, 0x40, 00, 00, 0x08, 0x40, 00, 00,
  0x08, 0x40, 00, 00, 0x08, 0x40, 00, 00, 0x08, 0x40, 00, 0x20,
  0x08, 0x40, 00, 00, 0x08, 0x40, 00, 0x20, 0x08, 0x40, 00, 00,
  0x08, 0x40, 00, 00, 0x08, 0x40, 00, 00, 0x08, 0x40, 00, 00,
  00, 00, 00, 00, 00, 00, 00, 00, 00, 0x20, 00, 0x20,
  00, 00, 00, 00, 00, 0x01, 00, 0x21, 00, 00, 00, 00,
  00, 0x01, 00, 0x21, 00, 00, 00, 00, 00, 00, 0x08, 0x21,
  00, 00, 00, 00, 00, 00, 0x08, 0x21, 00, 00, 0x08, 0x21,
  00, 0x01, 00, 0x21, 00, 00, 00, 0x20, 00, 0x41, 00, 0x40,
  00, 0x41, 00, 0x41, 00, 0x41, 00, 0x41, 00, 0x41, 00, 0x41,
  0x08, 0x40, 0x31, 0x44, 0x83, 0x6b, 0x49, 0x63, 00, 0x61, 0x08, 0x61,
  00, 0x41, 00, 0x21, 00, 0x41, 00, 0x41, 00, 0x41, 00, 0x41,
  00, 0x41, 00, 0x41, 00, 0x41, 00, 0x41, 00, 0x41, 00, 0x41,
  00, 0x41, 00, 0x41, 00, 0x41, 00, 0x21, 00, 0x41, 00, 0x41,
  00, 0x41, 00, 0x41, 00, 0x41, 00, 0x41, 0x08, 0x81, 0x29, 0x44,
  00, 0x41, 00, 0x40, 00, 0x41, 0x08, 0x61, 00, 0x41, 00, 0x41,
  00, 0x41, 00, 0x41, 00, 0x41, 00, 0x41, 00, 0x41, 00, 0x61,
  00, 0x41, 00, 0x41, 00, 0x41, 00, 0x61, 00, 0x82, 00, 0x61,
  00, 0x81, 00, 0x61, 00, 0x41, 00, 0x61, 00, 0x82, 00, 0x81,
  00, 0x81, 00, 0x61, 00, 0x82, 00, 0x81, 00, 0x81, 00, 0x61,
  00, 0x81, 0x08, 0xc2, 00, 0x81, 00, 0x61, 00, 0x81, 00, 0xa2,
  00, 0x81, 00, 0x61, 00, 0x81, 00, 0x61, 00, 0x41, 00, 0x61,
  00, 0x82, 00, 0x81, 00, 0x41, 00, 0x61, 00, 0x81, 00, 0x81,
  00, 0x41, 00, 0x61, 00, 0x81, 00, 0x61, 00, 0x81, 00, 0x61,
  00, 0x82, 00, 0x82, 00, 0x82, 00, 0x61, 00, 0x82, 00, 0x82,
  00, 0x81, 00, 0x61, 00, 0x81, 00, 0x61, 00, 0x82, 00, 0x81,
  00, 0x82, 00, 0xa2, 00, 0xc2, 00, 0xa2, 00, 0x82, 00, 0xa2,
  00, 0x82, 00, 0x82, 00, 0x82, 00, 0xa2, 00, 0xc2, 00, 0xa2,
  00, 0x82, 00, 0x82, 00, 0x81, 00, 0x61, 00, 0x82, 00, 0x81,
  00, 0x81, 00, 0x61, 00, 0x81, 00, 0x61, 00, 0x82, 00, 0x81,
  00, 0x82, 00, 0xa2, 0x09, 0x04, 0x08, 0xa2, 00, 0xc2, 0x08, 0xe3,
  00, 0xc2, 00, 0xa2, 00, 0xc2, 00, 0xa2, 00, 0xc2, 00, 0xa2,
  00, 0xc2, 0x08, 0xc2, 00, 0x81, 00, 0x61, 00, 0x81, 00, 0x61,
  00, 0x41, 00, 0x61, 00, 0x41, 00, 0x61, 00, 0x41, 00, 0x41,
  00, 0x41, 00, 0x41, 00, 0x41, 00, 0x41, 00, 0x41, 00, 0x41,
  00, 0x41, 00, 0x41, 00, 0x41, 00, 0x41, 00, 0x41, 00, 0x41,
  00, 0x41, 00, 0x41, 00, 0x41, 00, 0x40, 00, 0x41, 00, 0x41,
  00, 0x41, 00, 0x41, 00, 0x41, 00, 0x21, 00, 0x41, 00, 0x41,
  00, 0x41, 00, 0x41, 00, 0x41, 00, 0x41, 00, 0x41, 00, 0x41,
  00, 0x01, 00, 0x21, 00, 0x41, 00, 0x41, 00, 0x41, 00, 0x40,
  00, 0x41, 00, 0x41, 00, 0x41, 00, 0x40, 00, 0x41, 00, 0x41,
  00, 00, 00, 0x20, 00, 00, 0x08, 0x21, 00, 0x41, 00, 00,
  00, 0x41, 0x08, 0x40, 00, 00, 00, 00, 00, 0x41, 00, 0x40,
  00, 00, 00, 00, 00, 0x41, 00, 00, 00, 00, 00, 00,
  00, 00, 00, 00, 0x08, 0x40, 00, 00, 00, 00, 00, 00,
  0x08, 0x40, 00, 0x20, 0x08, 0x40, 00, 0x20, 0x08, 0x40, 00, 00,
  0x08, 0x40, 00, 00, 0x08, 0x40, 00, 00, 0x08, 0x40, 00, 00,
  0x08, 0x20, 00, 00, 0x08, 0x20, 00, 0x20, 0x08, 0x40, 00, 00,
  0x08, 0x40, 00, 0x20, 0x08, 0x40, 00, 00, 0x08, 0x40, 00, 0x20,
  0x08, 0x60, 00, 0x40, 0x08, 0x40, 00, 0x41, 0x10, 0x60, 0x10, 0x81,
  0x28, 0xa0, 0x49, 0xe5, 0xf6, 0xb6, 0x72, 0xe8, 0x20, 0xc1, 0x18, 0x81,
  0x10, 0x81, 0x08, 0x41, 0x08, 0x80, 00, 0x40, 0x08, 0x61, 00, 0x41,
  00, 0x40, 00, 0x40, 0x08, 0x80, 00, 0x40, 00, 0x40, 00, 0x40,
  00, 0x40, 00, 0x41, 0x08, 0x81, 00, 0x41, 0x08, 0x40, 00, 0x40,
  00, 0x40, 00, 0x41, 0x08, 0x61, 00, 0x41, 0x08, 0x40, 00, 0x20,
  0x08, 0x61, 00, 0x41, 00, 0x40, 00, 0x41, 0x08, 0x61, 00, 0x41,
  0x08, 0x61, 00, 0x61, 0x08, 0x61, 00, 0x61, 0x08, 0x81, 00, 0x41,
  0x08, 0x81, 00, 0x41, 0x08, 0x61, 00, 0x61, 0x08, 0x81, 00, 0x61,
  0x10, 0xa2, 00, 0x61, 0x08, 0x81, 00, 0x41, 0x08, 0x81, 00, 0x41,
  0x08, 0x81, 00, 0x41, 0x08, 0x81, 00, 0x41, 0x08, 0x81, 00, 0x61,
  0x08, 0x81, 00, 0x81, 00, 0x81, 00, 0x82, 0x08, 0xc1, 00, 0xa1,
  0x08, 0x81, 00, 0x41, 0x08, 0x61, 00, 0x61, 0x08, 0x81, 00, 0x41,
  0x08, 0x81, 00, 0x41, 0x08, 0x81, 00, 0x61, 0x08, 0x81, 00, 0x61,
  0x08, 0x81, 00, 0x81, 0x08, 0x81, 00, 0x41, 0x08, 0x81, 00, 0x81,
  0x08, 0x81, 00, 0x81, 0x10, 0xc1, 00, 0x81, 0x08, 0xc1, 00, 0xa1,
  0x08, 0x81, 00, 0x61, 0x08, 0x81, 00, 0x61, 00, 0x81, 00, 0x82,
  0x08, 0xc1, 00, 0xa1, 0x08, 0xa2, 00, 0xa2, 0x08, 0xa2, 00, 0xa2,
  0x08, 0xa2, 00, 0xa2, 0x08, 0xc1, 00, 0xa1, 0x08, 0xc1, 00, 0xa1,
  0x08, 0xc1, 00, 0xa1, 0x08, 0x81, 00, 0x61, 0x08, 0x81, 00, 0x81,
  0x08, 0x81, 00, 0x61, 0x08, 0x81, 00, 0x61, 0x08, 0x81, 00, 0x81,
  0x08, 0xc1, 00, 0xa1, 0x08, 0xa2, 00, 0xa2, 0x08, 0xc1, 00, 0xc2,
  0x08, 0xc1, 00, 0xc2, 0x08, 0xc1, 00, 0xa1, 0x08, 0xc1, 00, 0xc2,
  0x08, 0xc1, 00, 0xa1, 0x08, 0x81, 00, 0x41, 0x08, 0x81, 00, 0x61,
  0x08, 0x81, 00, 0x41, 0x08, 0x81, 00, 0x41, 00, 0x40, 00, 0x41,
  00, 0x40, 00, 0x40, 0x08, 0x41, 00, 0x41, 0x08, 0x40, 00, 0x40,
  00, 0x40, 00, 0x40, 00, 0x40, 00, 0x40, 00, 0x40, 00, 0x41,
  0x08, 0x40, 00, 0x40, 0x08, 0x40, 00, 0x40, 00, 0x40, 00, 0x40,
  0x08, 0x40, 00, 0x40, 00, 0x40, 00, 0x40, 00, 0x40, 00, 0x40,
  00, 0x40, 00, 0x40, 0x08, 0x40, 00, 0x40, 0x08, 0x40, 00, 0x20,
  0x08, 0x40, 00, 00, 0x08, 0x40, 00, 0x20, 0x08, 0x40, 00, 0x61,
  0x08, 0x40, 00, 00, 0x08, 0x40, 00, 00, 0x08, 0x40, 00, 00,
  0x08, 0x40, 00, 00, 0x08, 0x20, 00, 0x20, 0x10, 0x81, 00, 00,
  0x08, 0x40, 00, 00, 0x08, 0x40, 00, 00, 0x08, 0x40, 00, 0x20,
  0x08, 0x40, 00, 0x20, 0x08, 0x40, 00, 0x20, 0x08, 0x40, 00, 00,
  00, 00, 00, 00, 00, 00, 0x10, 0x62, 0x21, 0x04, 00, 00,
  00, 00, 00, 00, 00, 00, 00, 00, 00, 0x01, 00, 00,
  00, 00, 00, 00, 00, 00, 00, 00, 00, 00, 00, 00,
  00, 00, 00, 00, 00, 0x01, 00, 00, 00, 0x01, 00, 0x21,
  00, 0x01, 00, 0x21, 00, 0x01, 00, 0x21, 00, 0x01, 00, 0x21,
  00, 0x41, 00, 0x41, 00, 0x41, 00, 0x40, 00, 0x41, 00, 0x41,
  0x08, 0x41, 0x20, 0xc2, 0x41, 0xa5, 0x30, 0xe2, 00, 0x82, 00, 0x40,
  00, 0x41, 00, 0x41, 00, 0x41, 00, 0x41, 00, 0x41, 0x08, 0x61,
  00, 0x41, 00, 0x41, 00, 0x41, 00, 0x21, 00, 0x41, 00, 0x41,
  00, 0x41, 00, 0x41, 00, 0x41, 00, 0x41, 00, 0x41, 00, 0x41,
  00, 0x82, 00, 0x40, 00, 0x41, 00, 0x41, 00, 0x41, 00, 0x41,
  00, 0x41, 00, 0x41, 00, 0x41, 00, 0x41, 00, 0x41, 00, 0x41,
  00, 0x41, 0x08, 0x21, 00, 0x41, 00, 0x41, 00, 0x41, 00, 0x21,
  00, 0x41, 00, 0x41, 00, 0x41, 00, 0x61, 00, 0x81, 00, 0x61,
  00, 0x81, 00, 0x61, 00, 0x82, 00, 0x81, 00, 0x81, 00, 0x61,
  00, 0x82, 00, 0x81, 00, 0x82, 00, 0x81, 00, 0x82, 00, 0x81,
  00, 0x81, 00, 0x61, 00, 0x81, 00, 0x81, 00, 0x82, 00, 0x81,
  00, 0x81, 00, 0x61, 00, 0x41, 00, 0x61, 00, 0x41, 00, 0x61,
  00, 0x81, 00, 0x61, 00, 0x82, 00, 0x61, 00, 0x81, 00, 0x61,
  00, 0x81, 00, 0x61, 00, 0x82, 00, 0x81, 00, 0x82, 00, 0x81,
  00, 0x82, 00, 0x81, 00, 0x82, 00, 0x81, 00, 0x82, 00, 0x81,
  00, 0x82, 00, 0x82, 00, 0x81, 00, 0x61, 00, 0x82, 00, 0x81,
  00, 0x82, 00, 0x82, 00, 0x82, 00, 0xa2, 00, 0x82, 00, 0x82,
  00, 0x82, 0x08, 0xa2, 00, 0xc3, 00, 0x81, 00, 0x82, 00, 0x81,
  00, 0x82, 00, 0x81, 00, 0x82, 00, 0x81, 00, 0x81, 00, 0x61,
  00, 0x81, 00, 0x61, 00, 0x81, 00, 0x61, 00, 0x41, 00, 0x61,
  00, 0x82, 00, 0xa2, 00, 0xc2, 00, 0xa2, 00, 0xc2, 00, 0xa2,
  00, 0x82, 00, 0xa2, 00, 0x82, 00, 0xa2, 00, 0xc2, 00, 0xc2,
  00, 0x82, 00, 0x82, 00, 0x81, 00, 0x61, 00, 0x41, 0x08, 0x61,
  00, 0x41, 00, 0x41, 00, 0x41, 00, 0x41, 00, 0x41, 00, 0x41,
  00, 0x41, 00, 0x41, 00, 0x41, 00, 0x41, 00, 0x41, 00, 0x41,
  00, 0x41, 00, 0x41, 00, 0x41, 00, 0x41, 00, 0x41, 00, 0x41,
  00, 0x41, 00, 0x41, 00, 0x41, 00, 0x41, 00, 0x41, 00, 0x41,
  00, 0x41, 00, 0x41, 00, 0x41, 00, 0x40, 00, 0x41, 00, 0x41,
  00, 0x41, 00, 0x41, 00, 0x41, 00, 0x41, 00, 0x41, 00, 0x41,
  00, 0x01, 00, 0x21, 00, 0x01, 00, 0x21, 00, 0x41, 0x08, 0x41,
  00, 0x41, 0x08, 0x20, 00, 0x41, 00, 0x40, 00, 0x01, 00, 0x21,
  00, 0x41, 00, 0x40, 00, 00, 00, 00, 00, 00, 0x08, 0x21,
  00, 00, 00, 00, 00, 00, 0x08, 0x21, 00, 00, 00, 00,
  00, 00, 00, 00, 00, 00, 00, 00, 00, 00, 00, 00,
  0x08, 0x40, 00, 00, 00, 00, 00, 00, 0x10, 0x81, 00, 00,
  0x08, 0x40, 00, 0x20, 0x08, 0x40, 00, 00, 0x08, 0x40, 00, 00,
  0x08, 0x40, 00, 00, 0x08, 0x40, 00, 00, 0x08, 0x40, 00, 0x20,
  0x08, 0x40, 00, 0x20, 0x08, 0x40, 00, 00, 0x08, 0x40, 00, 00,
  0x08, 0x40, 00, 00, 0x08, 0x40, 00, 0x20, 0x08, 0x40, 00, 00,
  0x08, 0x40, 00, 00, 0x08, 0x40, 00, 0x40, 00, 0x40, 00, 0x40,
  0x10, 0x81, 00, 0x40, 0x18, 0xc2, 0x08, 0x40, 0x10, 0x81, 00, 0x41,
  0x08, 0x40, 00, 0x20, 0x08, 0x40, 00, 0x40, 0x08, 0x61, 00, 0x61,
  0x08, 0x80, 00, 0x40, 0x08, 0x40, 00, 0x20, 0x08, 0x40, 00, 0x40,
  0x08, 0x40, 00, 0x41, 0x08, 0x61, 00, 0x41, 00, 0x40, 00, 0x41,
  0x08, 0x81, 00, 0x40, 00, 0x40, 00, 0x40, 0x08, 0x61, 00, 0x41,
  00, 0x40, 00, 0x41, 0x08, 0x61, 00, 0x61, 00, 0x40, 00, 0x40,
  0x08, 0x61, 00, 0x41, 00, 0x40, 00, 0x40, 0x08, 0x61, 00, 0x61,
  0x08, 0x61, 00, 0x61, 0x10, 0xa2, 00, 0x41, 0x08, 0x61, 00, 0x61,
  0x08, 0x81, 00, 0x61, 0x08, 0x81, 00, 0x81, 0x08, 0x81, 00, 0x41,
  0x08, 0x81, 00, 0x61, 00, 0x81, 00, 0x82, 0x08, 0x81, 00, 0x61,
  0x08, 0x81, 00, 0x61, 00, 0x81, 00, 0x82, 0x08, 0x81, 00, 0x41,
  0x08, 0x61, 00, 0x61, 0x08, 0x81, 00, 0x41, 0x08, 0x61, 00, 0x61,
  0x08, 0x81, 00, 0x41, 0x08, 0x81, 00, 0x41, 0x08, 0x81, 00, 0x81,
  0x08, 0x81, 00, 0x41, 0x08, 0x81, 00, 0x81, 0x08, 0x81, 00, 0x61,
  0x08, 0x81, 00, 0x81, 0x08, 0xc1, 00, 0xa1, 0x08, 0x81, 00, 0x81,
  00, 0x81, 00, 0x82, 0x08, 0xc1, 00, 0xa1, 0x08, 0xc1, 00, 0xa1,
  0x08, 0xc2, 00, 0xa2, 00, 0x81, 00, 0x82, 0x08, 0xc1, 00, 0xa1,
  0x08, 0xc1, 00, 0xa1, 0x08, 0xc1, 00, 0xa1, 0x08, 0xc1, 00, 0xa1,
  0x08, 0xc1, 00, 0xa1, 0x08, 0xc1, 00, 0xa1, 0x08, 0xc1, 00, 0xa1,
  0x08, 0x81, 00, 0x81, 0x08, 0x81, 00, 0x41, 0x08, 0x61, 00, 0x61,
  0x08, 0x81, 00, 0x81, 0x08, 0xc1, 00, 0xa1, 0x08, 0xe3, 00, 0xa2,
  0x08, 0xc1, 00, 0xa1, 0x08, 0xc1, 00, 0xa1, 0x08, 0xa2, 00, 0xa2,
  0x08, 0xc1, 00, 0xa1, 00, 0x81, 00, 0x82, 0x08, 0x81, 00, 0x41,
  0x08, 0x61, 00, 0x61, 0x08, 0x81, 00, 0x41, 00, 0x40, 00, 0x40,
  0x08, 0x61, 00, 0x41, 0x08, 0x40, 00, 0x20, 0x08, 0x40, 00, 0x40,
  0x08, 0x40, 0x08, 0x41, 0x08, 0x80, 00, 0x60, 00, 0x40, 00, 0x40,
  0x08, 0x61, 00, 0x41, 0x08, 0x40, 00, 00, 0x08, 0x40, 00, 00,
  0x08, 0x40, 00, 00, 0x08, 0x40, 00, 00, 00, 0x40, 00, 0x40,
  0x08, 0x40, 00, 0x40, 0x08, 0x40, 00, 00, 0x08, 0x41, 00, 0x41,
  0x08, 0x40, 00, 00, 0x08, 0x40, 00, 00, 0x08, 0x40, 00, 00,
  0x08, 0x40, 00, 00, 0x08, 0x20, 00, 00, 0x08, 0x40, 00, 00,
  0x08, 0x40, 00, 0x20, 0x08, 0x40, 00, 00, 0x08, 0x40, 00, 00,
  0x08, 0x40, 00, 00, 0x08, 0x40, 00, 0x20, 0x08, 0x40, 00, 00,
  0x08, 0x40, 00, 0x20, 0x08, 0x40, 00, 0x20, 0x08, 00, 00, 00,
  00, 00, 00, 00, 00, 00, 00, 00, 00, 00, 00, 00,
  00, 00, 00, 00, 00, 0x01, 00, 00, 00, 00, 00, 00,
  00, 00, 00, 00, 00, 00, 0x08, 0x20, 00, 0x01, 00, 00,
  00, 00, 00, 00, 00, 0x01, 00, 0x21, 00, 00, 00, 00,
  00, 0x41, 00, 0x41, 00, 0x01, 00, 0x21, 00, 0x41, 00, 0x21,
  00, 0x41, 0x08, 0x40, 00, 0x41, 00, 0x41, 00, 0x41, 00, 0x40,
  00, 0x41, 00, 0x41, 0x08, 0x82, 0x08, 0x20, 00, 0x41, 00, 0x41,
  00, 0x41, 00, 0x41, 00, 0x41, 00, 0x41, 00, 0x41, 00, 0x21,
  00, 0x41, 0x08, 0x41, 00, 0x42, 00, 0x21, 00, 0x41, 00, 0x41,
  00, 0x41, 00, 0x41, 00, 0x41, 00, 0x21, 00, 0x41, 00, 0x41,
  00, 0x41, 00, 0x41, 00, 0x41, 00, 0x40, 00, 0x41, 00, 0x41,
  00, 0x41, 00, 0x41, 00, 0x41, 00, 0x41, 00, 0x41, 00, 0x41,
  00, 0x41, 00, 0x41, 00, 0x41, 00, 0x41, 00, 0x41, 00, 0x41,
  00, 0x41, 00, 0x61, 00, 0x82, 00, 0x61, 00, 0x41, 00, 0x61,
  00, 0x41, 00, 0x61, 00, 0x41, 0x08, 0x61, 00, 0x82, 00, 0x81,
  00, 0x42, 00, 0x62, 00, 0x81, 00, 0x61, 00, 0x81, 00, 0x61,
  00, 0x81, 0x08, 0x81, 00, 0x41, 00, 0x61, 00, 0x41, 0x08, 0x61,
  00, 0x41, 00, 0x61, 00, 0x82, 00, 0x81, 00, 0x41, 00, 0x41,
  00, 0x41, 00, 0x61, 00, 0x41, 00, 0x61, 00, 0x82, 00, 0x81,
  00, 0x41, 00, 0x61, 00, 0x82, 00, 0x81, 00, 0x82, 00, 0x81,
  00, 0x82, 00, 0x81, 00, 0x82, 00, 0x81, 00, 0x82, 00, 0x81,
  00, 0x82, 00, 0x81, 00, 0x82, 00, 0xa2, 00, 0x81, 00, 0xa2,
  00, 0x82, 00, 0x82, 00, 0x82, 00, 0x82, 00, 0x82, 00, 0xa2,
  00, 0x82, 00, 0xa2, 00, 0x82, 00, 0x82, 00, 0x82, 00, 0x81,
  00, 0x82, 00, 0x61, 00, 0x82, 00, 0x81, 00, 0x82, 00, 0x81,
  00, 0x81, 00, 0x61, 00, 0x81, 00, 0x61, 00, 0x41, 00, 0x61,
  00, 0x81, 00, 0x61, 00, 0x82, 00, 0x81, 00, 0xc2, 00, 0xa2,
  00, 0x82, 00, 0x81, 00, 0x82, 00, 0x81, 00, 0x81, 00, 0xa2,
  00, 0x82, 00, 0x82, 00, 0x42, 00, 0x62, 00, 0x41, 00, 0x61,
  00, 0x41, 00, 0x41, 00, 0x41, 00, 0x61, 00, 0x41, 00, 0x41,
  00, 0x41, 00, 0x21, 00, 0x41, 00, 0x41, 00, 0x41, 00, 0x41,
  00, 0x41, 00, 0x41, 00, 0x41, 0x08, 0x81, 00, 0x41, 00, 0x21,
  00, 0x41, 00, 0x41, 00, 0x41, 00, 0x40, 00, 0x41, 00, 0x40,
  00, 0x01, 00, 0x21, 00, 0x41, 00, 0x41, 00, 0x41, 00, 0x41,
  00, 0x41, 00, 0x41, 00, 0x41, 00, 0x41, 00, 0x41, 00, 0x40,
  00, 0x40, 00, 0x20, 00, 0x41, 00, 0x40, 00, 0x01, 00, 0x21,
  00, 0x41, 00, 0x41, 00, 0x01, 00, 0x21, 00, 0x01, 00, 0x21,
  00, 00, 00, 00, 00, 0x01, 00, 0x21, 00, 00, 00, 00,
  00, 00, 0x08, 0x21, 00, 00, 00, 00, 00, 0x01, 00, 0x21,
  00, 00, 00, 00, 00, 00, 00, 00, 00, 00, 00, 00,
  0x08, 0x40, 00, 00, 0x08, 0x40, 00, 00, 0x08, 0x40, 00, 00,
  0x08, 0x40, 00, 0x20, 0x08, 0x40, 00, 00, 0x08, 0x40, 00, 00,
  0x08, 0x40, 00, 0x20, 0x08, 0x20, 00, 00, 0x08, 0x40, 00, 00,
  0x08, 0x40, 00, 00, 0x08, 0x40, 00, 00, 0x08, 0x40, 00, 00,
  0x08, 0x40, 00, 00, 0x08, 0x40, 00, 00, 0x08, 0x40, 00, 0x20,
  0x08, 0x20, 00, 0x20, 0x08, 0x40, 00, 00, 0x08, 0x80, 00, 0x40,
  0x08, 0x40, 00, 0x40, 0x10, 0x80, 00, 0x40, 0x08, 0x40, 00, 0x40,
  0x08, 0x61, 00, 0x41, 0x08, 0x40, 00, 00, 0x08, 0x80, 00, 0x40,
  0x08, 0x40, 00, 0x61, 0x10, 0x81, 00, 00, 0x08, 0x40, 00, 0x40,
  0x08, 0x40, 00, 0x40, 0x08, 0x40, 00, 0x40, 0x08, 0x41, 00, 0x41,
  00, 0x40, 00, 0x40, 00, 0x40, 00, 0x40, 0x08, 0x41, 00, 0x41,
  0x08, 0x41, 00, 0x41, 0x08, 0x61, 00, 0x61, 0x08, 0x80, 00, 0x40,
  0x08, 0x61, 00, 0x41, 0x08, 0x41, 00, 0x41, 0x08, 0x61, 00, 0x41,
  0x08, 0x81, 00, 0x41, 0x08, 0x81, 00, 0x61, 0x08, 0x81, 00, 0x41,
  0x08, 0x81, 00, 0x41, 0x08, 0x81, 00, 0x61, 0x08, 0x81, 00, 0x61,
  0x08, 0x81, 00, 0x81, 0x08, 0x81, 00, 0x61, 0x08, 0x81, 00, 0x61,
  0x08, 0x81, 00, 0x41, 0x08, 0x81, 00, 0x61, 0x08, 0x81, 00, 0x61,
  0x08, 0x81, 00, 0x41, 0x08, 0x61, 00, 0x41, 0x08, 0x81, 00, 0x41,
  0x08, 0x61, 00, 0x41, 0x08, 0x81, 00, 0x41, 0x08, 0x81, 00, 0x41,
  0x08, 0x81, 00, 0x61, 0x08, 0x80, 00, 0x60, 0x08, 0x81, 00, 0x81,
  00, 0x81, 00, 0x82, 0x08, 0xc1, 00, 0xa1, 0x08, 0xc1, 00, 0xa1,
  0x08, 0xc1, 00, 0xa1, 0x08, 0xc2, 00, 0x81, 0x08, 0xc1, 00, 0xa1,
  00, 0x81, 00, 0x82, 0x08, 0xc1, 00, 0xa1, 0x08, 0xc1, 00, 0xa1,
  0x08, 0xc1, 00, 0xa1, 0x08, 0xc1, 00, 0xa1, 0x08, 0xc1, 00, 0xa1,
  0x10, 0xa0, 0x3a, 0x47, 0x08, 0xc2, 00, 0x81, 0x08, 0x81, 00, 0x81,
  00, 0x81, 00, 0x82, 0x08, 0x81, 00, 0x41, 0x08, 0x81, 00, 0x41,
  0x08, 0x81, 00, 0x61, 0x08, 0xa2, 00, 0xa2, 0x08, 0xc1, 00, 0xa1,
  00, 0x81, 00, 0x82, 0x08, 0x81, 00, 0x41, 0x08, 0xc1, 00, 0xa1,
  0x08, 0x81, 00, 0x61, 0x08, 0x81, 00, 0x81, 0x08, 0x61, 00, 0x41,
  0x08, 0x61, 00, 0x41, 0x08, 0x61, 00, 0x61, 0x08, 0x81, 00, 0x41,
  00, 0x40, 00, 0x41, 00, 0x40, 00, 0x40, 0x08, 0x40, 00, 0x20,
  0x08, 0x40, 00, 0x40, 0x08, 0x60, 00, 0x40, 0x08, 0x40, 00, 00,
  0x08, 0x40, 00, 0x41, 00, 0x40, 00, 0x40, 0x08, 0x40, 00, 00,
  0x08, 0x40, 00, 0x20, 0x08, 0x40, 00, 00, 0x08, 0x40, 00, 00,
  0x08, 0x40, 00, 00, 0x08, 0x40, 00, 00, 0x08, 0x20, 00, 0x20,
  0x08, 0x40, 00, 00, 0x08, 0x40, 00, 00, 0x08, 0x40, 00, 00,
  0x08, 0x20, 00, 00, 0x08, 0x40, 00, 0x20, 0x08, 0x40, 00, 00,
  0x08, 0x40, 00, 0x20, 0x08, 0x40, 00, 00, 0x08, 0x40, 00, 00,
  0x08, 0x40, 00, 0x20, 0x08, 0x40, 00, 00, 0x08, 0x40, 00, 00,
  0x08, 0x40, 00, 00, 0x08, 0x40, 00, 00, 0x08, 0x40, 00, 00,
  00, 00, 00, 00, 00, 00, 00, 00, 00, 00, 00, 00,
  00, 00, 00, 00, 00, 00, 00, 00, 00, 0x41, 00, 0x40,
  00, 00, 0x08, 0x20, 00, 0x01, 00, 00, 00, 00, 00, 00,
  00, 00, 0x08, 0x21, 00, 00, 00, 00, 00, 0x01, 00, 0x21,
  00, 0x01, 00, 0x21, 00, 0x41, 00, 0x41, 00, 0x41, 00, 0x40,
  00, 00, 0x08, 0x21, 00, 0x01, 00, 0x21, 00, 0x41, 00, 0x41,
  00, 0x41, 00, 0x40, 00, 0x41, 0x08, 0x21, 00, 0x41, 00, 0x41,
  00, 0x41, 00, 0x41, 00, 0x41, 00, 0x41, 00, 0x41, 00, 0x41,
  00, 0x41, 00, 0x41, 00, 0x41, 00, 0x41, 00, 0x41, 00, 0x41,
  00, 0x41, 00, 0x41, 00, 0x41, 00, 0x41, 00, 0x41, 00, 0x41,
  00, 0x41, 00, 0x41, 00, 0x41, 00, 0x41, 00, 0x41, 00, 0x41,
  00, 0x41, 00, 0x41, 00, 0x41, 00, 0x21, 00, 0x41, 00, 0x41,
  00, 0x41, 00, 0x41, 00, 0x41, 00, 0x41, 00, 0x41, 00, 0x61,
  00, 0x41, 00, 0x61, 00, 0x82, 00, 0x81, 00, 0x82, 00, 0x40,
  00, 0x41, 00, 0x61, 00, 0x81, 00, 0x61, 00, 0x41, 00, 0x61,
  00, 0x41, 0x08, 0x61, 00, 0x41, 0x08, 0x82, 00, 0x82, 00, 0x61,
  00, 0x81, 00, 0x61, 00, 0x82, 00, 0x81, 00, 0x41, 00, 0x61,
  00, 0x41, 00, 0x61, 00, 0x41, 0x08, 0x61, 00, 0x41, 00, 0x61,
  00, 0x41, 00, 0x61, 00, 0x41, 00, 0x61, 00, 0x81, 00, 0x61,
  00, 0x82, 00, 0x61, 0x19, 0x04, 0x21, 0x04, 00, 0x61, 0x08, 0xa2,
  00, 0x82, 00, 0x82, 00, 0x82, 00, 0x81, 00, 0x81, 00, 0x61,
  00, 0x82, 00, 0x81, 00, 0x82, 0x08, 0xa2, 00, 0x82, 00, 0x81,
  00, 0x82, 00, 0x81, 00, 0x82, 00, 0x81, 00, 0xc3, 00, 0x81,
  00, 0x82, 00, 0x81, 00, 0x81, 00, 0x61, 00, 0x82, 00, 0x81,
  00, 0x81, 0x10, 0xc2, 00, 0x82, 00, 0x81, 00, 0x82, 00, 0x81,
  00, 0x82, 00, 0x81, 00, 0x81, 00, 0x61, 00, 0x82, 00, 0x81,
  00, 0x82, 00, 0x81, 00, 0x82, 00, 0xa2, 00, 0x82, 00, 0x82,
  00, 0x81, 00, 0x61, 00, 0x41, 00, 0x61, 00, 0x81, 0x08, 0xc2,
  00, 0x82, 00, 0x81, 00, 0x82, 00, 0x81, 00, 0x41, 00, 0x41,
  00, 0x41, 00, 0x61, 00, 0x41, 0x08, 0x61, 00, 0x20, 0x29, 0x44,
  0x31, 0xa5, 0x08, 0x20, 00, 0x41, 00, 0x21, 00, 0x41, 00, 0x41,
  00, 0x41, 00, 0x41, 00, 0x41, 00, 0x41, 00, 0x41, 00, 0x41,
  00, 0x41, 00, 0x41, 00, 0x41, 00, 0x41, 00, 0x41, 00, 0x40,
  00, 0x41, 00, 0x41, 00, 0x41, 00, 0x41, 00, 0x41, 00, 0x41,
  00, 0x41, 00, 0x41, 00, 0x41, 0x10, 0x82, 0x08, 0xa2, 00, 0x20,
  00, 0x41, 00, 0x41, 00, 0x01, 00, 0x21, 00, 0x01, 00, 0x21,
  00, 0x01, 00, 0x21, 00, 0x01, 00, 0x21, 00, 00, 00, 00,
  00, 0x01, 00, 0x21, 00, 0x40, 00, 0x20, 00, 0x01, 00, 0x21,
  00, 00, 00, 00, 00, 00, 00, 00, 00, 00, 00, 00,
  00, 00, 0x08, 0x21, 00, 00, 00, 00, 00, 00, 00, 00,
  0x08, 0x40, 00, 00, 00, 00, 00, 00, 0x08, 0x40, 00, 00,
  00, 00, 00, 00, 0x08, 0x40, 00, 0x20, 0x08, 0x40, 00, 00,
  0x08, 0x40, 00, 00, 0x08, 0x40, 00, 0x20, 0x08, 0x40, 00, 00,
  0x08, 0x40, 00, 0x20, 0x08, 0x40, 00, 00, 0x08, 0x40, 00, 0x20,
  0x08, 0x40, 00, 00, 0x08, 0x40, 00, 00, 0x08, 0x40, 00, 00,
  0x08, 0x40, 00, 0x20, 0x08, 0x40, 00, 0x20, 0x08, 0x40, 00, 0x20,
  0x08, 0x80, 00, 0x40, 0x08, 0x40, 00, 0x40, 0x08, 0x40, 00, 0x40,
  0x08, 0x40, 00, 0x20, 0x08, 0x40, 00, 0x40, 0x08, 0x40, 00, 00,
  0x08, 0x41, 00, 0x41, 0x08, 0x40, 00, 00, 0x08, 0x40, 00, 0x40,
  0x08, 0x40, 00, 0x20, 0x08, 0x41, 00, 0x41, 0x08, 0x40, 00, 0x20,
  0x08, 0x40, 00, 0x40, 00, 0x40, 00, 0x40, 0x08, 0x40, 00, 0x40,
  0x08, 0x41, 00, 0x41, 0x08, 0x81, 00, 0x41, 00, 0x40, 00, 0x40,
  0x08, 0x80, 00, 0x40, 00, 0x40, 00, 0x40, 0x08, 0x61, 00, 0x61,
  0x10, 0x81, 0x08, 0x81, 0x08, 0x81, 00, 0x81, 0x08, 0x61, 00, 0x61,
  0x08, 0x61, 00, 0x61, 0x08, 0x61, 00, 0x41, 0x08, 0x61, 00, 0x61,
  0x08, 0x81, 00, 0x81, 0x08, 0x81, 00, 0x81, 0x08, 0x81, 00, 0x41,
  0x08, 0x81, 00, 0x41, 0x08, 0x61, 00, 0x61, 0x08, 0x81, 00, 0x41,
  0x08, 0x61, 00, 0x61, 0x08, 0x81, 00, 0x41, 0x08, 0x61, 00, 0x41,
  0x08, 0x81, 00, 0x61, 0x08, 0x81, 00, 0x41, 0x08, 0x81, 00, 0x41,
  0x08, 0x81, 00, 0x41, 0x10, 0xa2, 0x08, 0xa2, 00, 0x81, 00, 0x81,
  0x08, 0xc1, 00, 0xa1, 0x08, 0x81, 00, 0x61, 0x08, 0x81, 00, 0x41,
  0x08, 0x81, 00, 0x61, 0x08, 0x81, 00, 0x81, 00, 0x81, 00, 0x82,
  0x08, 0xc1, 00, 0xa1, 00, 0x81, 00, 0x82, 0x08, 0xc1, 00, 0xa1,
  0x08, 0x81, 00, 0x61, 0x08, 0xc1, 00, 0xa1, 0x08, 0xc1, 00, 0xa1,
  0x08, 0xc1, 00, 0xa1, 00, 0x81, 00, 0x82, 0x08, 0xc2, 00, 0xa2,
  00, 0x81, 00, 0x82, 0x08, 0xa2, 00, 0x61, 0x08, 0x81, 00, 0x41,
  0x08, 0xc1, 00, 0xa1, 0x08, 0xc1, 00, 0xa1, 0x08, 0xc1, 00, 0xa1,
  0x08, 0x81, 00, 0x41, 0x08, 0x81, 00, 0x41, 0x08, 0x81, 00, 0x81,
  0x08, 0xc1, 00, 0xa1, 0x08, 0x81, 00, 0x61, 0x08, 0x81, 00, 0x41,
  0x08, 0x61, 00, 0x61, 0x08, 0x81, 00, 0x41, 0x08, 0x40, 0x10, 0xa2,
  0x21, 0x02, 00, 0x40, 0x08, 0x40, 00, 00, 0x08, 0x40, 00, 0x40,
  00, 0x40, 00, 0x40, 0x08, 0x41, 00, 0x41, 0x08, 0x40, 00, 0x20,
  0x08, 0x40, 00, 00, 0x08, 0x40, 00, 0x20, 0x08, 0x40, 00, 00,
  0x08, 0x40, 00, 00, 00, 0x40, 00, 0x40, 0x08, 0x40, 00, 0x20,
  0x08, 0x41, 00, 0x41, 0x08, 0x20, 0x10, 0xa2, 0x21, 0x03, 00, 00,
  0x08, 0x40, 00, 00, 0x08, 0x40, 00, 00, 0x08, 0x40, 00, 0x20,
  0x08, 0x40, 00, 0x20, 0x08, 0x40, 00, 00, 0x08, 0x40, 00, 00,
  0x08, 0x40, 00, 0x20, 0x08, 0x40, 00, 0x41, 0x08, 0x40, 00, 00,
  0x08, 0x40, 00, 00, 0x08, 0x40, 00, 0x20, 0x08, 0x40, 00, 00,
  00, 00, 00, 0x01, 0x08, 0x40, 00, 00, 00, 00, 00, 00,
  00, 00, 00, 00, 00, 00, 00, 00, 00, 00, 00, 00,
  00, 00, 00, 00, 00, 00, 0x08, 0x20, 00, 00, 0x10, 0x61,
  0x08, 0x41, 00, 00, 00, 00, 00, 00, 00, 00, 0x08, 0x21,
  00, 00, 00, 00, 00, 0x41, 00, 0x41, 00, 00, 00, 0x20,
  00, 0x01, 00, 0x21, 00, 0x01, 00, 0x21, 00, 0x41, 00, 0x41,
  00, 00, 00, 00, 00, 0x01, 00, 0x21, 00, 00, 0x08, 0x21,
  00, 0x41, 00, 0x41, 00, 0x41, 00, 0x40, 00, 0x41, 00, 0x40,
  00, 0x41, 00, 0x41, 00, 0x41, 00, 0x41, 00, 0x41, 00, 0x40,
  00, 0x41, 00, 0x41, 00, 0x41, 00, 0x41, 00, 0x41, 00, 0x41,
  00, 0x41, 00, 0x41, 00, 0x41, 00, 0x41, 00, 0x41, 00, 0x40,
  00, 0x41, 00, 0x41, 00, 0x41, 00, 0x21, 00, 0x41, 00, 0x41,
  00, 0x41, 00, 0x41, 00, 0x41, 00, 0x41, 00, 0x41, 00, 0x41,
  00, 0x41, 00, 0x41, 00, 0x41, 00, 0x41, 00, 0x41, 00, 0x20,
  0x41, 0x85, 0x41, 0x65, 00, 0x41, 0x08, 0x61, 00, 0x41, 00, 0x61,
  00, 0x41, 00, 0x61, 00, 0x41, 00, 0x41, 00, 0x41, 0x08, 0x61,
  00, 0x41, 00, 0x61, 00, 0x82, 00, 0x81, 00, 0x41, 00, 0x61,
  00, 0x82, 00, 0x81, 00, 0x81, 00, 0x61, 00, 0x82, 00, 0x81,
  00, 0x41, 00, 0x21, 00, 0x41, 00, 0x61, 00, 0x41, 00, 0x41,
  00, 0x81, 00, 0x81, 00, 0x41, 00, 0x61, 00, 0x81, 00, 0x61,
  00, 0x41, 00, 0x61, 00, 0x81, 00, 0x61, 00, 0x81, 00, 0x61,
  00, 0x82, 00, 0x81, 00, 0x81, 00, 0x61, 00, 0x82, 00, 0x81,
  00, 0x82, 00, 0x81, 00, 0x82, 00, 0x61, 00, 0x82, 00, 0x81,
  00, 0x81, 00, 0xa2, 00, 0x82, 00, 0x82, 00, 0x82, 00, 0x82,
  00, 0x82, 00, 0x81, 00, 0xc2, 00, 0xc2, 00, 0x82, 00, 0x82,
  00, 0x82, 00, 0x81, 00, 0x81, 00, 0x61, 00, 0x82, 00, 0x81,
  00, 0x82, 00, 0x81, 00, 0x82, 00, 0x82, 00, 0x82, 00, 0x81,
  00, 0x81, 00, 0xa2, 00, 0x82, 00, 0x82, 00, 0x82, 00, 0x82,
  00, 0x81, 00, 0x61, 00, 0x81, 00, 0x61, 00, 0x82, 00, 0x81,
  00, 0x82, 00, 0x82, 00, 0x41, 00, 0x61, 00, 0x82, 00, 0x81,
  00, 0x81, 00, 0x61, 00, 0x41, 00, 0x41, 00, 0x41, 00, 0x41,
  00, 0x41, 00, 0x40, 00, 0x41, 00, 0x41, 00, 0x41, 00, 0x41,
  00, 0x41, 00, 0x41, 00, 0x41, 00, 0x41, 00, 0x41, 00, 0x41,
  00, 0x41, 00, 0x41, 00, 0x01, 00, 0x21, 00, 0x41, 00, 0x41,
  00, 0x41, 00, 0x40, 00, 0x41, 00, 0x41, 00, 0x41, 00, 0x40,
  00, 0x41, 00, 0x41, 00, 0x41, 00, 0x20, 00, 0x01, 00, 0x21,
  00, 0x01, 00, 0x21, 00, 0x41, 00, 0x40, 00, 0x01, 00, 0x21,
  00, 0x41, 00, 0x41, 00, 0x41, 00, 00, 00, 0x01, 00, 0x21,
  00, 0x01, 00, 0x21, 00, 00, 00, 00, 00, 00, 00, 00,
  00, 0x01, 00, 0x21, 00, 00, 00, 00, 00, 00, 00, 00,
  00, 00, 00, 00, 00, 00, 00, 00, 00, 00, 00, 00,
  00, 00, 00, 00, 0x08, 0x40, 00, 00, 0x08, 0x40, 00, 00,
  00, 00, 00, 0x01, 0x08, 0x40, 00, 0x20, 00, 00, 00, 00,
  0x08, 0x40, 00, 00, 0x08, 0x40, 00, 00, 0x08, 0x40, 00, 00,
  0x08, 0x40, 00, 00, 0x08, 0x40, 00, 00, 0x08, 0x40, 00, 00,
  0x39, 0x85, 0x08, 0x40, 0x08, 0x40, 00, 0x20, 0x08, 0x40, 00, 00,
  0x08, 0x40, 0x08, 0x41, 0x08, 0x40, 00, 00, 0x08, 0x40, 00, 0x20,
  0x08, 0x40, 00, 00, 0x08, 0x40, 00, 00, 0x08, 0x40, 00, 00,
  0x08, 0x81, 00, 0x41, 0x08, 0x40, 00, 0x20, 0x08, 0x40, 00, 0x40,
  0x08, 0x40, 00, 0x20, 0x08, 0x40, 00, 00, 0x08, 0x40, 00, 0x20,
  0x08, 0x40, 00, 0x40, 0x08, 0x40, 00, 00, 0x08, 0x40, 00, 00,
  00, 0x40, 00, 0x40, 0x08, 0x80, 00, 0x40, 0x08, 0x60, 00, 0x40,
  00, 0x40, 00, 0x41, 0x08, 0x40, 00, 0x40, 0x08, 0x40, 00, 0x40,
  00, 0x40, 00, 0x40, 00, 0x40, 00, 0x40, 0x08, 0x61, 00, 0x41,
  0x08, 0x81, 00, 0x61, 0x08, 0x61, 00, 0x41, 0x08, 0x61, 00, 0x61,
  0x08, 0x61, 00, 0x61, 0x08, 0x81, 00, 0x41, 0x08, 0x61, 00, 0x61,
  0x08, 0x61, 00, 0x41, 0x08, 0x81, 00, 0x81, 0x10, 0xa2, 00, 0x61,
  0x08, 0x81, 00, 0x41, 0x08, 0x81, 00, 0x41, 0x08, 0x81, 00, 0x61,
  0x08, 0x61, 00, 0x41, 0x08, 0x61, 00, 0x41, 0x08, 0x61, 00, 0x61,
  0x08, 0x61, 00, 0x41, 0x08, 0x81, 00, 0x61, 0x08, 0x81, 00, 0x61,
  0x08, 0x81, 00, 0x61, 0x08, 0x81, 00, 0x41, 0x08, 0xa2, 00, 0x61,
  0x08, 0x81, 00, 0x81, 0x08, 0x81, 00, 0x81, 0x08, 0x81, 00, 0x61,
  0x08, 0x81, 00, 0x81, 0x08, 0x81, 00, 0x61, 0x08, 0x81, 00, 0x81,
  00, 0x81, 00, 0x82, 0x08, 0xc1, 00, 0xa1, 0x08, 0x81, 00, 0x81,
  0x08, 0xc1, 00, 0xa1, 0x08, 0x82, 00, 0x82, 0x08, 0xc1, 00, 0xa1,
  0x08, 0x81, 00, 0x61, 0x08, 0x81, 00, 0x61, 00, 0x81, 00, 0x82,
  00, 0x81, 00, 0x82, 00, 0x81, 00, 0x82, 00, 0x81, 00, 0x82,
  00, 0x81, 00, 0x82, 0x08, 0xa1, 00, 0x61, 0x08, 0x81, 00, 0x61,
  0x08, 0x81, 00, 0x41, 0x08, 0x81, 00, 0x41, 00, 0x81, 00, 0x82,
  0x08, 0x81, 00, 0x41, 0x08, 0x81, 00, 0x41, 0x08, 0x81, 00, 0x41,
  0x08, 0x61, 00, 0x61, 0x08, 0x61, 00, 0x61, 0x08, 0x61, 00, 0x61,
  0x08, 0x80, 00, 0x40, 0x08, 0x61, 00, 0x41, 00, 0x40, 00, 0x40,
  0x08, 0x41, 00, 0x41, 0x08, 0x40, 00, 0x40, 0x08, 0x41, 00, 0x41,
  00, 0x40, 00, 0x40, 0x08, 0x40, 00, 00, 0x08, 0x40, 00, 0x20,
  0x08, 0x40, 00, 0x40, 0x08, 0x40, 00, 00, 0x08, 0x40, 00, 00,
  0x08, 0x41, 00, 0x41, 0x08, 0x40, 00, 00, 0x08, 0x40, 00, 00,
  0x08, 0x40, 00, 0x20, 0x08, 0x40, 00, 00, 0x08, 0x40, 00, 00,
  0x08, 0x40, 00, 00, 0x08, 0x40, 00, 00, 0x08, 0x40, 00, 00,
  0x08, 0x40, 00, 00, 0x20, 0xa1, 0x49, 0xe6, 0x08, 0x40, 00, 00,
  0x08, 0x40, 00, 00, 0x08, 0x40, 00, 00, 0x08, 0x40, 0x08, 0x41,
  0x08, 0x40, 00, 00, 0x08, 0x40, 00, 0x20, 0x08, 00, 00, 00,
  00, 00, 00, 00, 00, 00, 00, 00, 00, 00, 00, 00,
  00, 00, 00, 00, 00, 00, 00, 00, 00, 00, 00, 00,
  00, 00, 0x08, 0x21, 00, 00, 00, 00, 00, 0x01, 00, 00,
  00, 00, 00, 00, 00, 00, 00, 00, 00, 0x01, 00, 0x21,
  0x08, 0x41, 0x08, 0x21, 00, 0x41, 00, 0x40, 00, 0x01, 00, 0x21,
  00, 00, 0x08, 0x21, 00, 0x01, 00, 0x21, 00, 0x01, 00, 0x21,
  00, 0x01, 00, 0x21, 00, 0x41, 00, 0x40, 00, 0x41, 00, 0x41,
  00, 0x41, 00, 0x41, 00, 00, 0x08, 0x21, 00, 0x41, 00, 0x41,
  00, 0x41, 00, 0x40, 00, 0x41, 00, 0x40, 00, 0x41, 00, 0x41,
  00, 0x41, 00, 0x41, 00, 0x41, 00, 0x41, 00, 0x41, 00, 0x41,
  00, 0x41, 00, 0x41, 00, 0x01, 00, 0x21, 00, 0x41, 00, 0x41,
  00, 0x41, 00, 0x41, 00, 0x41, 0x08, 0x21, 00, 0x41, 00, 0x41,
  00, 0x41, 00, 0x41, 00, 0x41, 00, 0x41, 00, 0x41, 00, 0x41,
  00, 0x41, 00, 0x41, 00, 0x41, 00, 0x41, 00, 0x41, 00, 0x61,
  00, 0x41, 00, 0x61, 00, 0x41, 00, 0x41, 00, 0x41, 00, 0x41,
  00, 0x41, 00, 0x61, 00, 0x41, 00, 0x61, 00, 0x81, 00, 0x81,
  00, 0x41, 0x08, 0x61, 00, 0x82, 00, 0x61, 00, 0x41, 00, 0x41,
  00, 0x41, 00, 0x61, 00, 0x41, 00, 0x61, 00, 0x41, 00, 0x61,
  00, 0x81, 00, 0x61, 00, 0x81, 00, 0x61, 00, 0x41, 0x08, 0x61,
  00, 0x82, 00, 0x61, 00, 0x41, 00, 0x61, 00, 0x82, 00, 0x61,
  00, 0x82, 00, 0x61, 00, 0x82, 0x08, 0x61, 00, 0x82, 00, 0x81,
  00, 0x81, 00, 0x61, 00, 0x41, 00, 0x61, 00, 0x82, 00, 0x81,
  00, 0x82, 00, 0x81, 00, 0xc2, 00, 0xa2, 00, 0x82, 00, 0x82,
  00, 0x82, 00, 0x81, 00, 0x82, 00, 0x81, 00, 0x81, 00, 0x61,
  00, 0x41, 00, 0x61, 00, 0x41, 00, 0x61, 00, 0x82, 00, 0x81,
  00, 0x82, 00, 0xa2, 00, 0x82, 00, 0x81, 00, 0x82, 00, 0x82,
  00, 0x82, 00, 0x81, 00, 0x81, 00, 0x61, 00, 0x82, 00, 0x81,
  00, 0x82, 00, 0x81, 00, 0x81, 00, 0x81, 00, 0x82, 00, 0x61,
  00, 0x82, 00, 0x81, 00, 0x82, 00, 0x61, 00, 0x41, 00, 0x61,
  00, 0x41, 00, 0x41, 00, 0x41, 00, 0x41, 00, 0x41, 00, 0x41,
  00, 0x41, 00, 0x41, 00, 0x41, 00, 0x41, 00, 0x41, 00, 0x41,
  00, 0x41, 00, 0x41, 00, 0x41, 00, 0x41, 00, 0x41, 00, 0x41,
  00, 0x41, 00, 0x41, 00, 0x41, 00, 0x41, 00, 0x41, 00, 0x41,
  00, 0x41, 00, 0x41, 00, 0x01, 00, 0x21, 00, 0x41, 00, 0x41,
  00, 0x41, 00, 0x41, 00, 0x01, 00, 0x21, 00, 0x01, 00, 0x21,
  00, 0x41, 00, 0x40, 00, 0x41, 00, 0x40, 00, 0x41, 00, 0x40,
  00, 0x01, 00, 0x21, 00, 0x41, 00, 0x41, 00, 0x01, 00, 0x21,
  00, 0x41, 00, 0x40, 0x08, 0x41, 0x29, 0x04, 00, 00, 0x08, 0x21,
  00, 00, 00, 0x20, 00, 00, 0x08, 0x20, 00, 00, 0x08, 0x21,
  00, 00, 00, 00, 00, 00, 00, 00, 00, 00, 00, 00,
  0x08, 0x40, 00, 00, 0x08, 0x40, 00, 0x20, 0x08, 0x40, 00, 00,
  00, 00, 00, 00, 0x08, 0x40, 00, 00, 0x08, 0x40, 00, 00,
  0x08, 0x40, 00, 0x20, 0x08, 0x40, 00, 00, 0x08, 0x40, 00, 00,
  0x08, 0x40, 00, 00, 0x08, 0x40, 00, 00, 0x08, 0x40, 00, 00,
  0x08, 0x40, 00, 0x20, 0x08, 0x40, 00, 00, 0x08, 0x40, 00, 00,
  0x08, 0x40, 00, 0x20, 0x08, 0x40, 00, 00, 0x08, 0x40, 00, 0x20,
  0x08, 0x40, 00, 00, 0x08, 0x40, 00, 00, 0x08, 0x40, 00, 0x40,
  0x08, 0x40, 00, 0x20, 0x08, 0x40, 00, 00, 0x08, 0x40, 00, 0x20,
  0x08, 0x40, 00, 00, 0x08, 0x40, 00, 0x20, 0x08, 0x40, 00, 00,
  0x08, 0x40, 00, 0x40, 0x08, 0x40, 00, 00, 0x08, 0x40, 00, 0x20,
  0x08, 0x20, 0x08, 0x61, 0x31, 0x45, 00, 00, 0x08, 0x80, 00, 0x40,
  0x08, 0x41, 00, 0x41, 0x08, 0x61, 00, 0x41, 0x08, 0x40, 00, 0x20,
  0x08, 0x41, 00, 0x41, 0x08, 0x41, 00, 0x41, 0x08, 0x61, 00, 0x41,
  0x08, 0x80, 00, 0x40, 0x08, 0x81, 00, 0x41, 0x08, 0x80, 00, 0x40,
  0x08, 0x81, 00, 0x41, 00, 0x40, 00, 0x40, 0x08, 0x61, 00, 0x41,
  0x08, 0x61, 00, 0x61, 0x08, 0x81, 00, 0x41, 0x08, 0x80, 00, 0x60,
  0x08, 0x81, 00, 0x41, 0x08, 0x61, 00, 0x41, 0x08, 0x61, 00, 0x41,
  0x08, 0x61, 00, 0x61, 0x08, 0x81, 00, 0x41, 0x08, 0x61, 00, 0x61,
  0x08, 0x81, 00, 0x41, 0x08, 0x81, 00, 0x61, 0x08, 0x81, 00, 0x81,
  0x08, 0x81, 00, 0x61, 0x08, 0x81, 00, 0x61, 0x08, 0x81, 00, 0x61,
  0x08, 0x81, 00, 0x41, 0x08, 0x61, 00, 0x61, 0x08, 0x81, 00, 0x81,
  0x08, 0x61, 00, 0x61, 0x08, 0x81, 00, 0x41, 0x08, 0x81, 00, 0x61,
  0x08, 0xa2, 00, 0xa2, 0x08, 0xc1, 00, 0xa1, 0x08, 0xc1, 00, 0xa1,
  0x08, 0x81, 00, 0x81, 0x08, 0x81, 00, 0x81, 0x08, 0x81, 00, 0x61,
  0x08, 0x81, 00, 0x41, 0x08, 0x61, 00, 0x61, 00, 0x81, 00, 0x82,
  0x08, 0x81, 00, 0x81, 0x08, 0xc2, 00, 0x81, 00, 0x81, 00, 0x82,
  0x08, 0x81, 00, 0x41, 0x08, 0x61, 00, 0x61, 0x08, 0x81, 00, 0x41,
  0x08, 0x81, 00, 0x41, 0x08, 0x81, 00, 0x41, 0x08, 0x81, 00, 0x41,
  0x08, 0x81, 00, 0x41, 0x08, 0x81, 00, 0x41, 0x08, 0x81, 00, 0x61,
  0x08, 0x80, 00, 0x60, 0x08, 0x61, 00, 0x41, 00, 0x40, 00, 0x40,
  0x08, 0x40, 00, 0x40, 0x08, 0x40, 00, 0x20, 0x08, 0x41, 00, 0x41,
  0x08, 0x40, 00, 00, 0x08, 0x40, 00, 0x40, 0x08, 0x40, 00, 0x20,
  0x08, 0x40, 00, 0x41, 0x08, 0x40, 00, 00, 0x08, 0x40, 00, 0x40,
  0x08, 0x40, 00, 0x20, 0x08, 0x40, 00, 00, 0x08, 0x40, 00, 0x20,
  0x08, 0x40, 00, 00, 0x08, 0x40, 00, 0x20, 0x08, 0x40, 00, 00,
  0x08, 0x40, 00, 00, 0x08, 0x40, 00, 00, 0x08, 0x40, 00, 00,
  0x08, 0x40, 00, 00, 0x08, 0x40, 00, 0x20, 0x08, 0x40, 00, 00,
  0x08, 0x40, 00, 0x20, 0x08, 0x40, 00, 0x20, 0x08, 0x40, 00, 0x20,
  0x08, 0x40, 00, 00, 0x08, 0x40, 00, 0x20, 0x08, 0x40, 00, 00,
  0x08, 0x40, 00, 00, 0x08, 0x40, 00, 00, 00, 00, 00, 00,
  00, 00, 00, 00, 00, 00, 00, 00, 00, 00, 00, 00,
  00, 00, 00, 00, 00, 00, 0x08, 0x20, 00, 00, 00, 00,
  00, 00, 00, 00, 00, 00, 0x08, 0x20, 00, 0x01, 00, 00,
  00, 00, 00, 00, 00, 0x01, 00, 0x21, 00, 00, 00, 00,
  00, 0x41, 00, 0x40, 00, 0x01, 00, 0x21, 00, 0x41, 00, 0x40,
  00, 00, 00, 0x20, 00, 0x01, 00, 0x21, 00, 0x01, 00, 0x21,
  00, 0x41, 00, 0x40, 00, 0x01, 00, 0x21, 00, 0x41, 00, 0x41,
  00, 0x41, 00, 0x40, 00, 0x41, 00, 0x41, 00, 0x41, 00, 0x40,
  00, 0x41, 00, 0x40, 00, 0x01, 00, 0x21, 00, 0x01, 00, 0x21,
  00, 0x41, 00, 0x41, 00, 0x41, 00, 0x41, 00, 0x41, 00, 0x40,
  00, 0x41, 0x08, 0x41, 0x08, 0x82, 0x08, 0x20, 00, 0x41, 00, 0x41,
  00, 0x41, 00, 0x41, 00, 0x41, 00, 0x41, 00, 0x41, 00, 0x41,
  00, 0x41, 0x08, 0x61, 00, 0x41, 00, 0x41, 00, 0x41, 00, 0x41,
  00, 0x41, 00, 0x41, 00, 0x41, 00, 0x41, 00, 0x41, 0x08, 0x61,
  00, 0x41, 00, 0x41, 00, 0x41, 00, 0x41, 00, 0x41, 00, 0x61,
  00, 0x41, 00, 0x61, 00, 0x82, 00, 0x61, 00, 0x41, 00, 0x41,
  00, 0x41, 0x08, 0x61, 00, 0x41, 00, 0x41, 00, 0x41, 00, 0x61,
  00, 0x41, 00, 0x61, 00, 0x81, 00, 0x61, 00, 0x41, 00, 0x61,
  00, 0x41, 00, 0x61, 00, 0x41, 00, 0x61, 00, 0x82, 00, 0x81,
  00, 0x82, 00, 0x81, 00, 0x81, 00, 0x61, 00, 0x41, 00, 0x61,
  00, 0x81, 00, 0x61, 00, 0x62, 0x10, 0xc3, 00, 0x81, 00, 0x81,
  00, 0x41, 00, 0x61, 00, 0x82, 00, 0x81, 00, 0x81, 00, 0x61,
  00, 0xc2, 00, 0xa2, 00, 0x82, 00, 0xa2, 00, 0x82, 00, 0x82,
  00, 0x82, 0x08, 0x81, 00, 0x82, 00, 0x61, 00, 0x81, 00, 0x61,
  00, 0x81, 00, 0x61, 00, 0x81, 00, 0x61, 00, 0x82, 00, 0x82,
  00, 0x82, 00, 0x81, 00, 0x82, 00, 0x81, 00, 0x81, 00, 0x61,
  00, 0x81, 00, 0x61, 00, 0x41, 00, 0x61, 00, 0x82, 00, 0x81,
  00, 0x81, 00, 0x81, 00, 0x81, 00, 0x81, 00, 0x81, 00, 0x61,
  00, 0x42, 00, 0x62, 00, 0x41, 0x08, 0x61, 00, 0x41, 00, 0x61,
  00, 0x41, 00, 0x41, 00, 0x41, 00, 0x41, 00, 0x41, 00, 0x41,
  00, 0x41, 00, 0x41, 00, 0x41, 00, 0x41, 00, 0x41, 00, 0x41,
  00, 0x41, 00, 0x41, 00, 0x41, 00, 0x41, 00, 0x41, 00, 0x40,
  00, 00, 0x41, 0xc6, 0x10, 0xa2, 0x08, 0x20, 00, 0x41, 00, 0x21,
  00, 0x41, 00, 0x40, 00, 0x41, 00, 0x41, 00, 0x41, 00, 0x40,
  00, 0x41, 00, 0x41, 00, 00, 00, 0x20, 00, 0x01, 00, 0x21,
  00, 0x01, 00, 0x21, 00, 0x41, 00, 0x40, 00, 0x01, 00, 0x21,
  00, 0x41, 00, 0x40, 00, 0x41, 00, 0x40, 00, 0x01, 00, 0x21,
  00, 00, 00, 00, 00, 00, 0x08, 0x21, 00, 00, 00, 00,
  00, 0x01, 00, 0x21, 00, 00, 00, 00, 00, 0x01, 00, 00,
  00, 00, 0x08, 0x21, 00, 00, 00, 00, 00, 00, 00, 00,
  0x08, 0x20, 00, 0x20, 0x08, 0x40, 00, 00, 0x08, 0x40, 00, 00,
  0x08, 0x40, 00, 0x20, 0x08, 0x40, 00, 00, 0x08, 0x40, 00, 00,
  0x08, 0x40, 00, 00, 0x08, 0x40, 00, 00, 0x08, 0x40, 00, 00,
  0x08, 0x40, 00, 00, 0x08, 0x40, 00, 0x20, 0x08, 0x40, 00, 00,
  0x08, 0x40, 00, 00, 0x08, 0x40, 00, 00, 0x08, 0x40, 00, 00,
  0x08, 0x40, 00, 00, 0x08, 0x40, 00, 00, 0x08, 0x40, 0x08, 0x40,
  0x08, 0x40, 00, 0x20, 0x08, 0x40, 00, 00, 0x08, 0x40, 00, 00,
  0x10, 0x61, 00, 0x20, 0x08, 0x40, 00, 0x20, 0x08, 0x40, 00, 00,
  0x08, 0x40, 00, 00, 0x08, 0x40, 00, 00, 0x08, 0x40, 00, 00,
  0x08, 0x40, 00, 00, 0x08, 0x40, 00, 00, 00, 0x40, 00, 0x40,
  0x08, 0x40, 00, 00, 00, 0x40, 00, 0x40, 00, 0x40, 00, 0x40,
  0x08, 0x40, 00, 0x40, 00, 0x40, 00, 0x40, 0x08, 0x40, 00, 0x20,
  00, 0x40, 00, 0x41, 0x08, 0x61, 00, 0x41, 00, 0x40, 00, 0x40,
  0x08, 0x41, 00, 0x41, 0x08, 0x61, 00, 0x41, 0x08, 0x61, 00, 0x41,
  00, 0x40, 00, 0x41, 0x08, 0x61, 00, 0x41, 0x08, 0x61, 00, 0x41,
  0x08, 0x61, 00, 0x41, 0x08, 0x61, 00, 0x61, 0x08, 0x61, 00, 0x61,
  0x08, 0x81, 00, 0x41, 0x08, 0x61, 00, 0x61, 0x08, 0x61, 00, 0x61,
  0x08, 0x81, 00, 0x61, 0x08, 0x61, 00, 0x41, 0x08, 0x81, 00, 0x41,
  0x29, 0x43, 0x18, 0xc2, 0x08, 0x61, 00, 0x61, 0x08, 0x81, 00, 0x81,
  0x08, 0xc2, 00, 0x81, 0x08, 0x81, 00, 0x41, 0x08, 0x81, 00, 0x61,
  0x08, 0x81, 00, 0x41, 0x08, 0x81, 00, 0x81, 0x08, 0x81, 00, 0x81,
  0x08, 0x81, 00, 0x81, 0x08, 0x81, 00, 0x61, 0x08, 0x81, 00, 0x61,
  0x08, 0xc1, 00, 0xa1, 0x19, 0x04, 00, 0x82, 00, 0x81, 00, 0x82,
  0x08, 0x81, 00, 0x82, 0x08, 0x81, 00, 0x81, 0x08, 0x81, 00, 0x41,
  0x08, 0x81, 00, 0x61, 0x08, 0x81, 00, 0x81, 0x08, 0x81, 00, 0x41,
  0x08, 0x81, 00, 0x61, 0x08, 0x81, 00, 0x81, 00, 0x81, 00, 0x82,
  0x08, 0x61, 00, 0x61, 0x08, 0x81, 00, 0x61, 0x08, 0x81, 00, 0x61,
  0x08, 0x81, 00, 0x41, 0x08, 0x81, 00, 0x41, 0x08, 0x81, 00, 0x41,
  0x08, 0x81, 00, 0x41, 0x08, 0x61, 00, 0x61, 0x08, 0x81, 00, 0x41,
  0x08, 0x81, 00, 0x61, 0x08, 0x81, 00, 0x61, 0x08, 0x61, 00, 0x61,
  0x08, 0x61, 00, 0x20, 00, 0x40, 00, 0x40, 0x08, 0x40, 00, 0x40,
  0x08, 0x40, 00, 00, 0x08, 0x40, 00, 0x20, 0x08, 0x40, 00, 0x40,
  0x08, 0x40, 00, 0x61, 0x08, 0x40, 00, 0x40, 0x08, 0x40, 00, 00,
  0x08, 0x40, 00, 00, 0x08, 0x40, 00, 00, 0x08, 0x40, 00, 00,
  0x08, 0x40, 00, 00, 0x08, 0x40, 00, 00, 0x08, 0x40, 00, 00,
  0x08, 0x40, 00, 00, 0x08, 0x40, 00, 00, 0x08, 0x40, 00, 00,
  0x08, 0x40, 00, 0x20, 0x08, 0x40, 00, 00, 0x08, 0x40, 00, 00,
  0x08, 0x40, 00, 00, 0x08, 0x40, 00, 00, 0x08, 0x40, 00, 00,
  0x08, 0x40, 00, 0x20, 0x08, 0x40, 00, 00, 0x08, 0x40, 00, 0x20,
  0x08, 0x20, 00, 00, 0x08, 0x40, 00, 00, 0x08, 0x40, 00, 00,
  00, 00, 00, 00, 00, 00, 00, 00, 00, 00, 00, 00,
  00, 00, 00, 00, 00, 00, 0x08, 0x21, 00, 00, 00, 00,
  00, 00, 00, 00, 00, 00, 00, 00, 00, 00, 0x08, 00,
  00, 00, 00, 00, 00, 00, 00, 00, 00, 00, 00, 00,
  00, 00, 00, 00, 00, 0x01, 00, 0x21, 00, 0x01, 00, 0x21,
  00, 00, 00, 0x20, 00, 0x01, 00, 0x21, 00, 0x01, 00, 0x21,
  00, 0x01, 00, 0x21, 00, 0x01, 00, 0x21, 00, 0x01, 00, 0x21,
  00, 00, 0x08, 0x21, 00, 0x41, 00, 0x41, 00, 0x01, 00, 0x21,
  00, 0x41, 00, 0x41, 00, 0x01, 00, 0x21, 00, 0x41, 0x08, 0x40,
  00, 0x41, 00, 0x41, 00, 0x41, 00, 0x41, 00, 0x41, 00, 0x41,
  00, 0x41, 00, 0x40, 00, 0x41, 00, 0x41, 00, 0x41, 00, 0x41,
  00, 0x41, 00, 0x41, 00, 0x41, 00, 0x41, 00, 0x41, 00, 0x41,
  00, 0x41, 00, 0x41, 00, 0x41, 00, 0x41, 00, 0x41, 00, 0x41,
  00, 0x41, 00, 0x41, 00, 0x41, 00, 0x41, 00, 0x41, 00, 0x41,
  00, 0x41, 00, 0x41, 00, 0x41, 00, 0x41, 00, 0x41, 00, 0x41,
  00, 0x41, 00, 0x41, 00, 0x41, 00, 0x41, 00, 0x41, 00, 0x41,
  00, 0x41, 0x08, 0x61, 00, 0x41, 00, 0x61, 00, 0x41, 00, 0x61,
  00, 0x41, 00, 0x61, 00, 0x41, 00, 0x61, 00, 0x81, 00, 0x61,
  0x08, 0x82, 0x08, 0x62, 00, 0x81, 00, 0x61, 00, 0x81, 00, 0x61,
  00, 0x62, 0x08, 0x82, 00, 0x41, 0x08, 0x62, 00, 0x81, 00, 0x61,
  00, 0x41, 00, 0x61, 00, 0x82, 00, 0x81, 00, 0x82, 00, 0x81,
  00, 0x82, 00, 0x82, 00, 0x82, 00, 0x81, 00, 0x82, 00, 0x81,
  00, 0x82, 00, 0x82, 00, 0x82, 0x08, 0x82, 00, 0x82, 00, 0x82,
  00, 0x81, 00, 0x81, 00, 0x81, 00, 0x61, 00, 0x81, 00, 0x61,
  00, 0x82, 00, 0x81, 00, 0x82, 00, 0x81, 00, 0x81, 00, 0x61,
  00, 0x41, 00, 0x61, 00, 0x41, 00, 0x61, 00, 0x81, 00, 0x61,
  00, 0x41, 00, 0x61, 00, 0x41, 00, 0x61, 00, 0x41, 00, 0x61,
  00, 0x81, 00, 0x61, 00, 0x41, 00, 0x41, 00, 0x41, 0x08, 0x61,
  00, 0x41, 00, 0x41, 00, 0x41, 00, 0x41, 00, 0x41, 00, 0x41,
  00, 0x41, 00, 0x41, 00, 0x41, 00, 0x41, 00, 0x41, 00, 0x41,
  00, 0x41, 00, 0x41, 00, 0x41, 00, 0x41, 00, 0x41, 00, 0x41,
  00, 0x41, 00, 0x41, 00, 0x41, 00, 0x40, 00, 0x41, 00, 0x41,
  00, 0x41, 00, 0x40, 00, 0x41, 00, 0x40, 00, 0x41, 00, 0x40,
  00, 0x41, 00, 0x41, 00, 0x01, 00, 0x21, 00, 0x41, 00, 0x41,
  00, 0x01, 00, 0x21, 00, 0x41, 00, 0x40, 00, 0x41, 00, 0x40,
  00, 00, 0x08, 0x21, 00, 0x01, 00, 0x21, 00, 0x41, 00, 0x40,
  00, 00, 00, 0x20, 00, 0x01, 00, 0x21, 00, 00, 0x08, 0x20,
  00, 0x01, 00, 0x21, 00, 0x01, 00, 0x21, 00, 0x01, 00, 0x21,
  00, 00, 00, 00, 00, 0x41, 00, 00, 00, 00, 00, 00,
  00, 00, 00, 00, 00, 00, 00, 00, 00, 00, 00, 00,
  0x08, 0x40, 00, 00, 0x08, 0x40, 00, 0x20, 0x08, 0x40, 00, 00,
  0x08, 0x40, 00, 00, 0x08, 0x20, 0x08, 0x61, 0x08, 0x40, 00, 00,
  0x08, 0x40, 00, 00, 0x08, 0x40, 00, 0x20, 0x08, 0x20, 00, 00,
  0x08, 0x40, 00, 00, 0x08, 0x40, 00, 00, 0x08, 0x40, 00, 0x20,
  0x08, 0x40, 00, 00, 0x08, 0x40, 00, 0x20, 0x08, 0x40, 00, 00,
  0x08, 0x40, 00, 0x20, 0x08, 0x40, 00, 00, 0x08, 0x40, 00, 0x20,
  0x08, 0x40, 00, 00, 0x08, 0x40, 00, 0x20, 0x08, 0x40, 00, 00,
  0x08, 0x40, 00, 00, 0x08, 0x40, 00, 00, 0x08, 0x40, 00, 0x20,
  0x08, 0x40, 00, 00, 0x08, 0x40, 00, 00, 0x08, 0x40, 00, 00,
  0x08, 0x40, 00, 00, 0x08, 0x40, 00, 00, 0x08, 0x40, 00, 00,
  0x08, 0x40, 00, 00, 0x08, 0x40, 00, 0x20, 0x08, 0x40, 00, 0x40,
  0x08, 0x40, 00, 00, 0x08, 0x40, 00, 0x40, 0x08, 0x40, 00, 0x20,
  0x08, 0x61, 00, 0x41, 0x08, 0x40, 00, 0x20, 0x08, 0x41, 00, 0x41,
  00, 0x40, 00, 0x40, 00, 0x40, 00, 0x41, 00, 0x40, 00, 0x40,
  0x08, 0x61, 00, 0x41, 00, 0x40, 00, 0x40, 0x10, 0x81, 0x08, 0x82,
  00, 0x40, 00, 0x41, 0x08, 0x81, 00, 0x41, 0x08, 0x80, 00, 0x60,
  0x08, 0x81, 00, 0x41, 0x08, 0x61, 00, 0x61, 0x08, 0x81, 00, 0x41,
  0x08, 0x61, 00, 0x61, 0x08, 0x81, 00, 0x41, 0x08, 0x61, 00, 0x61,
  0x08, 0x61, 00, 0x61, 0x08, 0x81, 00, 0x41, 0x08, 0x81, 00, 0x41,
  0x08, 0x81, 00, 0x41, 0x08, 0x81, 00, 0x61, 0x08, 0x81, 00, 0x41,
  0x08, 0x81, 00, 0x41, 0x08, 0x81, 00, 0x61, 0x08, 0x81, 00, 0x81,
  0x08, 0x81, 00, 0x81, 0x08, 0x81, 00, 0x41, 0x08, 0x81, 00, 0x61,
  0x08, 0x82, 00, 0x82, 0x08, 0xc1, 00, 0xa1, 0x08, 0xc1, 00, 0xa1,
  0x08, 0x81, 00, 0x61, 0x08, 0x81, 00, 0x81, 0x08, 0x61, 00, 0x61,
  0x08, 0x81, 00, 0x81, 0x08, 0x81, 00, 0x61, 0x08, 0x81, 00, 0x41,
  0x08, 0x81, 00, 0x61, 0x08, 0x81, 00, 0x41, 0x08, 0x61, 00, 0x61,
  0x08, 0x81, 00, 0x41, 0x08, 0x61, 00, 0x61, 0x08, 0x81, 00, 0x41,
  0x08, 0x61, 00, 0x61, 0x08, 0x81, 00, 0x41, 0x08, 0x61, 00, 0x61,
  0x08, 0x61, 00, 0x41, 00, 0x40, 00, 0x41, 0x08, 0x61, 00, 0x41,
  0x10, 0x61, 0x08, 0x61, 00, 0x40, 00, 0x41, 00, 0x40, 00, 0x40,
  0x08, 0x61, 00, 0x41, 00, 0x40, 00, 0x40, 0x08, 0x40, 0x08, 0x41,
  0x08, 0x40, 00, 0x20, 0x08, 0x40, 00, 00, 0x08, 0x40, 00, 0x20,
  0x08, 0x40, 00, 00, 0x08, 0x40, 00, 0x20, 0x08, 0x40, 00, 00,
  0x08, 0x40, 00, 00, 0x08, 0x40, 00, 00, 0x08, 0x20, 00, 00,
  0x08, 0x40, 00, 0x41, 0x08, 0x40, 00, 0x20, 0x08, 0x40, 00, 00,
  0x08, 0x40, 00, 0x20, 0x08, 0x40, 00, 00, 0x08, 0x40, 00, 0x20,
  0x08, 0x40, 00, 00, 0x08, 0x40, 00, 0x20, 0x08, 0x40, 00, 00,
  0x08, 0x40, 00, 00, 0x08, 0x40, 00, 00, 0x08, 0x40, 00, 0x20,
  0x08, 0x40, 00, 00, 00, 00, 00, 0x01, 0x08, 0x40, 00, 0x41,
  0x08, 0x40, 00, 0x20, 0x08, 0x40, 00, 00, 0x08, 00, 00, 00,
  00, 00, 00, 00, 00, 00, 00, 00, 00, 00, 00, 00,
  00, 00, 00, 00, 00, 00, 00, 00, 00, 00, 00, 00,
  00, 00, 00, 00, 00, 00, 00, 00, 00, 00, 0x08, 0x21,
  00, 00, 00, 00, 00, 00, 00, 00, 00, 00, 00, 00,
  00, 00, 00, 00, 00, 00, 0x08, 0x21, 00, 0x41, 00, 0x21,
  00, 00, 00, 00, 00, 0x01, 00, 0x21, 00, 00, 00, 00,
  00, 00, 0x08, 0x21, 00, 0x41, 00, 00, 00, 0x41, 00, 0x40,
  00, 0x01, 00, 0x21, 00, 0x41, 00, 0x41, 00, 0x01, 00, 0x21,
  00, 00, 0x08, 0x21, 00, 0x41, 00, 0x40, 00, 0x01, 00, 0x21,
  00, 00, 00, 0x20, 0x08, 0x41, 0x08, 0x21, 00, 0x41, 00, 0x40,
  00, 0x41, 00, 0x41, 00, 0x41, 00, 0x40, 00, 0x41, 00, 0x41,
  00, 0x41, 00, 0x21, 00, 0x41, 0x08, 0x41, 00, 0x41, 00, 0x41,
  00, 0x41, 00, 0x41, 00, 0x41, 00, 0x41, 00, 0x41, 00, 0x41,
  00, 0x41, 00, 0x41, 00, 0x41, 00, 0x41, 00, 0x41, 00, 0x41,
  00, 0x41, 00, 0x41, 00, 0x41, 00, 0x61, 00, 0x81, 00, 0x81,
  00, 0x41, 00, 0x41, 00, 0x41, 00, 0x41, 00, 0x41, 00, 0x41,
  00, 0x41, 00, 0x41, 00, 0x41, 00, 0x41, 00, 0x81, 00, 0x61,
  00, 0x81, 00, 0x61, 00, 0x81, 00, 0x61, 00, 0x41, 00, 0x41,
  00, 0x82, 00, 0x81, 00, 0x82, 00, 0x81, 00, 0x82, 00, 0x81,
  00, 0x81, 00, 0x61, 00, 0x41, 00, 0x61, 00, 0x41, 0x08, 0x61,
  00, 0x81, 00, 0x61, 00, 0x41, 00, 0x61, 00, 0x81, 00, 0x61,
  00, 0x81, 0x08, 0xc2, 00, 0x82, 00, 0x82, 00, 0x82, 00, 0x81,
  00, 0x81, 00, 0xa2, 00, 0x82, 00, 0x61, 00, 0x82, 00, 0x82,
  00, 0x41, 00, 0x61, 00, 0x81, 00, 0x81, 00, 0x82, 00, 0x81,
  00, 0x82, 0x08, 0x81, 00, 0x41, 00, 0x61, 00, 0x81, 00, 0x61,
  00, 0x41, 00, 0x41, 00, 0x41, 00, 0x61, 00, 0x41, 00, 0x41,
  00, 0x41, 0x08, 0x82, 00, 0x81, 00, 0x61, 00, 0x81, 00, 0x61,
  00, 0x41, 00, 0x41, 00, 0x41, 0x08, 0x61, 00, 0x41, 00, 0x41,
  00, 0x41, 00, 0x41, 00, 0x41, 00, 0x41, 00, 0x42, 00, 0x62,
  00, 0x41, 0x08, 0x61, 00, 0x41, 00, 0x41, 00, 0x41, 00, 0x41,
  00, 0x41, 00, 0x41, 00, 0x41, 00, 0x41, 00, 0x41, 00, 0x41,
  00, 0x41, 00, 0x41, 00, 0x41, 00, 0x41, 00, 0x41, 00, 0x40,
  00, 0x41, 00, 0x41, 00, 0x41, 00, 0x40, 00, 0x41, 00, 0x41,
  00, 00, 0x08, 0x21, 00, 0x41, 00, 0x21, 00, 00, 0x08, 0x21,
  00, 0x41, 0x08, 0x41, 00, 0x01, 00, 0x21, 00, 0x41, 00, 0x41,
  00, 00, 00, 00, 00, 0x41, 00, 0x41, 00, 00, 0x08, 0x21,
  00, 0x41, 00, 0x21, 00, 00, 00, 00, 00, 0x01, 00, 0x21,
  00, 00, 00, 00, 00, 0x01, 00, 0x21, 00, 00, 00, 00,
  00, 0x01, 00, 00, 00, 00, 0x08, 0x21, 00, 00, 0x08, 0x21,
  00, 00, 00, 00, 00, 00, 00, 00, 00, 00, 00, 00,
  00, 00, 00, 00, 0x08, 0x40, 00, 00, 0x08, 0x40, 00, 00,
  0x08, 0x40, 00, 00, 0x08, 0x40, 00, 0x20, 0x08, 0x40, 00, 0x20,
  0x08, 0x40, 00, 0x20, 0x08, 0x40, 00, 00, 0x08, 0x40, 00, 00,
  0x08, 0x40, 00, 0x20, 0x08, 0x40, 00, 0x20, 0x08, 0x40, 00, 00,
  0x08, 0x40, 00, 00, 0x08, 0x40, 00, 00, 0x08, 0x40, 00, 00,
  0x08, 0x40, 00, 00, 0x08, 0x40, 00, 0x20, 0x08, 0x40, 00, 00,
  0x08, 0x40, 00, 00, 0x08, 0x40, 00, 00, 0x08, 0x40, 00, 00,
  0x08, 0x40, 00, 0x20, 0x08, 0x40, 00, 00, 0x08, 0x40, 00, 0x20,
  0x08, 0x40, 00, 00, 0x08, 0x40, 00, 00, 0x08, 0x40, 00, 0x20,
  0x08, 0x40, 00, 00, 0x08, 0x40, 00, 00, 0x08, 0x40, 00, 00,
  0x08, 0x40, 00, 00, 0x08, 0x40, 00, 00, 0x08, 0x40, 00, 0x20,
  00, 0x40, 00, 0x40, 0x08, 0x40, 00, 0x20, 0x08, 0x40, 00, 0x40,
  0x08, 0x40, 00, 0x20, 00, 0x40, 00, 0x41, 00, 0x40, 00, 0x40,
  00, 0x40, 00, 0x41, 0x08, 0x41, 00, 0x41, 0x08, 0x41, 00, 0x41,
  00, 0x40, 00, 0x40, 0x08, 0x61, 00, 0x41, 0x08, 0x61, 00, 0x61,
  0x08, 0x61, 00, 0x41, 0x08, 0x61, 00, 0x41, 0x08, 0x61, 00, 0x41,
  0x08, 0x61, 00, 0x61, 0x08, 0x81, 00, 0x41, 0x10, 0x82, 00, 0x41,
  0x08, 0x81, 00, 0x61, 0x08, 0x81, 00, 0x41, 0x08, 0x61, 00, 0x41,
  0x08, 0x61, 00, 0x61, 0x08, 0x81, 00, 0x81, 0x08, 0x81, 00, 0x81,
  0x08, 0xa2, 00, 0x61, 0x08, 0x61, 00, 0x61, 0x08, 0x81, 00, 0x41,
  00, 0x81, 00, 0x82, 0x08, 0x81, 00, 0x61, 0x08, 0x81, 00, 0x61,
  0x08, 0x82, 00, 0x82, 0x08, 0xc1, 00, 0xa1, 0x08, 0xc2, 00, 0x82,
  00, 0x81, 00, 0x82, 0x08, 0xc1, 00, 0xa1, 00, 0x81, 00, 0x82,
  0x08, 0xa2, 00, 0x61, 0x08, 0x81, 00, 0x61, 0x08, 0x81, 00, 0x41,
  0x08, 0xc2, 00, 0x81, 0x08, 0x81, 00, 0x41, 0x08, 0x81, 00, 0x41,
  0x08, 0x61, 00, 0x41, 0x08, 0x61, 00, 0x61, 0x08, 0x61, 00, 0x61,
  0x08, 0x61, 00, 0x61, 0x08, 0x81, 00, 0x41, 0x08, 0x61, 00, 0x41,
  0x08, 0x61, 00, 0x41, 0x08, 0x61, 00, 0x61, 0x08, 0x61, 00, 0x41,
  00, 0x40, 00, 0x40, 00, 0x40, 00, 0x41, 0x08, 0x61, 00, 0x61,
  0x08, 0x81, 00, 0x41, 0x08, 0x61, 00, 0x61, 0x08, 0x80, 00, 0x40,
  0x08, 0x40, 00, 0x20, 00, 0x40, 00, 0x40, 0x08, 0x40, 00, 0x20,
  0x08, 0x40, 00, 00, 0x08, 0x40, 00, 0x40, 0x08, 0x40, 00, 00,
  0x08, 0x40, 00, 0x20, 0x08, 0x40, 00, 0x20, 0x08, 0x40, 00, 00,
  0x08, 0x40, 00, 0x20, 0x08, 0x40, 00, 0x20, 0x08, 0x40, 00, 0x20,
  0x08, 0x40, 00, 0x20, 0x08, 0x40, 00, 00, 0x08, 0x40, 00, 0x20,
  0x08, 0x40, 00, 00, 0x08, 0x40, 00, 00, 0x08, 0x40, 00, 00,
  0x08, 0x40, 00, 0x20, 0x08, 0x40, 00, 0x20, 0x08, 0x40, 00, 0x20,
  0x08, 0x40, 00, 0x20, 0x08, 0x40, 00, 00, 0x08, 0x40, 00, 00,
  0x08, 0x40, 00, 00, 0x08, 0x40, 00, 00, 0x08, 0x40, 00, 0x20,
  0x08, 0x40, 00, 00, 0x08, 0x40, 00, 00, 0x08, 0x40, 00, 00,
  00, 00, 00, 00, 00, 00, 00, 00, 00, 00, 00, 00,
  00, 00, 00, 00, 00, 00, 00, 00, 00, 00, 00, 00,
  00, 00, 00, 00, 00, 00, 00, 0x20, 00, 00, 00, 00,
  00, 00, 00, 00, 00, 00, 00, 00, 00, 00, 00, 00,
  00, 00, 00, 00, 00, 0x01, 00, 00, 00, 00, 00, 00,
  00, 00, 00, 00, 00, 00, 00, 00, 00, 0x01, 00, 0x21,
  00, 0x01, 00, 0x21, 00, 00, 0x08, 0x20, 00, 00, 00, 0x20,
  00, 0x01, 00, 0x21, 00, 00, 00, 0x20, 00, 0x01, 00, 0x21,
  00, 0x01, 00, 0x21, 00, 0x41, 00, 0x40, 00, 0x01, 00, 0x21,
  00, 0x01, 00, 0x21, 00, 0x01, 00, 0x21, 00, 0x41, 00, 0x41,
  00, 0x01, 00, 0x21, 00, 0x41, 00, 0x40, 00, 0x41, 00, 0x40,
  00, 0x41, 00, 0x40, 00, 0x41, 00, 0x41, 00, 0x41, 00, 0x41,
  00, 0x41, 00, 0x41, 00, 0x41, 00, 0x41, 00, 0x41, 00, 0x41,
  00, 0x41, 00, 0x41, 00, 0x41, 00, 0x41, 00, 0x41, 00, 0x41,
  00, 0x41, 00, 0x41, 00, 0x41, 00, 0x41, 00, 0x41, 00, 0x41,
  00, 0x41, 00, 0x41, 00, 0x41, 00, 0x41, 00, 0x41, 00, 0x41,
  00, 0x41, 00, 0x41, 00, 0x41, 00, 0x61, 00, 0x41, 00, 0x21,
  00, 0x41, 0x08, 0x62, 00, 0x82, 00, 0x40, 00, 0x41, 00, 0x41,
  00, 0x41, 00, 0x41, 00, 0x42, 00, 0x62, 00, 0x82, 00, 0x81,
  00, 0x82, 00, 0x61, 00, 0x41, 00, 0x61, 00, 0x41, 00, 0x61,
  00, 0x81, 00, 0x61, 00, 0x81, 00, 0x61, 00, 0x41, 00, 0x61,
  00, 0x82, 00, 0x81, 00, 0x82, 00, 0x81, 00, 0xc3, 00, 0x81,
  00, 0x81, 00, 0xa2, 00, 0x82, 00, 0x82, 00, 0x81, 00, 0xa2,
  00, 0xc2, 00, 0x81, 00, 0x81, 00, 0x61, 00, 0x41, 00, 0x61,
  00, 0x82, 00, 0x81, 00, 0x41, 00, 0x61, 00, 0x41, 00, 0x41,
  00, 0x41, 00, 0x41, 00, 0x41, 00, 0x41, 00, 0x41, 00, 0x41,
  00, 0x41, 00, 0x61, 00, 0x81, 00, 0x61, 00, 0x41, 00, 0x41,
  00, 0x41, 00, 0x41, 00, 0x41, 00, 0x41, 00, 0x41, 00, 0x41,
  00, 0x41, 00, 0x41, 00, 0x41, 00, 0x41, 00, 0x41, 00, 0x61,
  00, 0x41, 00, 0x41, 00, 0x41, 00, 0x41, 00, 0x41, 00, 0x41,
  00, 0x41, 00, 0x41, 00, 0x41, 00, 0x40, 00, 0x41, 00, 0x40,
  00, 0x41, 00, 0x40, 00, 0x41, 00, 0x41, 00, 0x41, 00, 0x40,
  00, 0x01, 00, 0x21, 00, 0x01, 00, 0x21, 00, 0x01, 00, 0x21,
  00, 0x41, 00, 0x40, 00, 0x41, 00, 0x40, 00, 0x01, 00, 0x21,
  00, 0x01, 00, 0x21, 00, 0x01, 00, 0x21, 00, 0x01, 00, 0x21,
  00, 0x01, 00, 0x21, 00, 00, 0x08, 0x21, 00, 0x01, 00, 0x21,
  00, 00, 00, 0x20, 00, 00, 0x08, 0x20, 00, 00, 00, 00,
  00, 00, 00, 00, 00, 00, 00, 00, 00, 00, 00, 00,
  00, 00, 00, 00, 00, 0x01, 00, 0x21, 00, 00, 00, 00,
  00, 00, 00, 00, 00, 00, 00, 00, 00, 00, 00, 00,
